,date,year,month,weekday,day,ARTICLE,AMOUNT,WOCHENMARKT,BOCHUM_TOTAL,WAHLEN,WEIHNACHTSMARKT,ZELTFESTIVAL,KEMNADE_IN_FLAMMER,HEIMSPIEL_VFL_BOCHUM,holiday,tavg,tmin,tmax,prcp,snow,wdir,wspd,wpgt,pres,tsun,tdiff
4,1/30/2015,2015,1,4,30,Käsebrötchen,35,0,0,0,0,0,0,0,0,0.4,-0.5,1.5,2.5,20,235,12.2,41.4,976.6,0,0
6,1/31/2015,2015,1,5,31,Käsebrötchen,34,0,0,0,0,0,0,0,0,1.3,-0.1,4.1,0.2,0,232,12.2,29.9,982.4,36,0.9
8,2/1/2015,2015,2,6,1,Käsebrötchen,57,0,0,0,0,0,0,0,0,1.1,0.1,2.1,1.7,0,223,8.3,25.9,991,0,-0.2
10,2/2/2015,2015,2,0,2,Käsebrötchen,32,0,0,0,0,0,0,0,0,0.6,-0.1,1.4,2.8,0,258,10.4,31.7,1000.5,0,-0.5
12,2/3/2015,2015,2,1,3,Käsebrötchen,27,1,0,0,0,0,0,0,0,0.4,-0.7,2.1,1.3,0,263,8.3,30.6,1005.1,24,-0.2
14,2/4/2015,2015,2,2,4,Käsebrötchen,26,0,0,0,0,0,0,0,0,-0.7,-2.9,1.6,0,0,342,7.9,26.3,1015,24,-1.1
16,2/5/2015,2015,2,3,5,Käsebrötchen,30,1,0,0,0,0,0,0,0,-1.7,-3.3,0.3,0,0,47,13.7,46.1,1023.3,144,-1
18,2/6/2015,2015,2,4,6,Käsebrötchen,25,0,0,0,0,0,0,0,0,-1.5,-3.8,1.4,0,0,51,20.9,53.3,1028.7,432,0.2
20,2/7/2015,2015,2,5,7,Käsebrötchen,35,0,0,0,0,0,0,0,0,0.2,-4.2,3.7,0.4,0,14,11.2,36,1031.4,276,1.7
22,2/8/2015,2015,2,6,8,Käsebrötchen,54,0,0,0,0,0,0,0,0,2.7,1.7,4,0.3,0,332,14.4,41,1030.4,120,2.5
24,2/9/2015,2015,2,0,9,Käsebrötchen,20,0,0,0,0,0,0,0,0,4,2,5.5,2.4,0,285,9.7,33.1,1029.9,0,1.3
26,2/10/2015,2015,2,1,10,Käsebrötchen,26,1,0,0,0,0,0,0,0,4.7,4.1,5.4,0.1,0,346,7.6,21.2,1031.6,0,0.7
28,2/11/2015,2015,2,2,11,Käsebrötchen,26,0,0,0,0,0,0,0,0,3,-1,5.3,0,0,124,8.6,21.6,1026.8,168,-1.7
30,2/12/2015,2015,2,3,12,Käsebrötchen,43,1,0,0,0,0,0,0,0,1.9,-0.8,5.6,0,0,161,12.2,28.1,1022.4,378,-1.1
32,2/13/2015,2015,2,4,13,Käsebrötchen,35,0,0,0,0,0,0,1,0,4.4,0.8,9,0,0,166,15.8,38.2,1015.6,528,2.5
34,2/14/2015,2015,2,5,14,Käsebrötchen,26,0,0,0,0,0,0,0,0,7.1,4.4,10.9,0,0,142,17.3,37.1,1009.6,384,2.7
36,2/15/2015,2015,2,6,15,Käsebrötchen,38,0,0,0,0,0,0,0,0,3.8,0.3,7.9,0,0,69,9.4,27,1014,552,-3.3
38,2/16/2015,2015,2,0,16,Käsebrötchen,38,0,0,0,0,0,0,0,0,2.3,0.3,6,0,0,168,12.2,29.2,1019.7,546,-1.5
40,2/17/2015,2015,2,1,17,Käsebrötchen,25,1,0,0,0,0,0,0,0,1.9,-0.2,4.2,0.3,0,220,7.6,22,1032.8,0,-0.4
42,2/18/2015,2015,2,2,18,Käsebrötchen,36,0,0,0,0,0,0,0,0,2.5,0.3,5.1,0,0,190,7.2,22.3,1039.9,18,0.6
44,2/19/2015,2015,2,3,19,Käsebrötchen,22,1,0,0,0,0,0,0,0,1.3,-0.1,4.1,0,0,180,14.8,42.5,1028.9,216,-1.2
46,2/20/2015,2015,2,4,20,Käsebrötchen,34,0,0,0,0,0,0,0,0,4.6,1.2,6.6,11.8,0,190,16.6,40.7,1010.5,0,3.3
48,2/21/2015,2015,2,5,21,Käsebrötchen,30,0,0,0,0,0,0,0,0,3.4,1.6,5.8,1.6,0,227,12.6,47.5,999.4,96,-1.2
50,2/22/2015,2015,2,6,22,Käsebrötchen,41,0,0,0,0,0,0,0,0,2.4,0.4,5.2,5.1,0,214,11.5,50.8,1008.4,114,-1
52,2/23/2015,2015,2,0,23,Käsebrötchen,38,0,0,0,0,0,0,0,0,2.7,0.1,6.1,3.9,0,186,18,63,996.9,90,0.3
54,2/24/2015,2015,2,1,24,Käsebrötchen,36,1,0,0,0,0,0,0,0,3.7,1.6,5.6,5.6,0,219,16.2,49,1005.7,18,1
56,2/25/2015,2015,2,2,25,Käsebrötchen,27,0,0,0,0,0,0,0,0,3.7,1,7.4,0.7,0,203,10.4,32.8,1017.7,270,0
58,2/26/2015,2015,2,3,26,Käsebrötchen,17,1,0,0,0,0,0,0,0,5.5,2,8.5,10.5,0,171,15.5,41,1016.2,252,1.8
60,2/27/2015,2015,2,4,27,Käsebrötchen,34,0,0,0,0,0,0,1,0,4.6,0.1,7,0.9,0,315,12.2,38.2,1015.2,90,-0.9
62,2/28/2015,2015,2,5,28,Käsebrötchen,32,0,0,0,0,0,0,0,0,3.4,-1,7.9,2.5,0,187,14,49.3,1017.6,576,-1.2
64,3/1/2015,2015,3,6,1,Käsebrötchen,51,0,0,0,0,0,0,0,0,6.8,3.4,10.9,1.8,0,210,21.6,61.2,1002.8,162,3.4
66,3/2/2015,2015,3,0,2,Käsebrötchen,62,0,0,0,0,0,0,0,0,4.8,1.7,8.3,1.6,0,248,20.5,70.9,1005.9,330,-2
68,3/3/2015,2015,3,1,3,Käsebrötchen,54,1,0,0,0,0,0,0,0,3.8,1.7,7.9,2.6,0,228,17.6,64.8,1017.3,30,-1
70,3/4/2015,2015,3,2,4,Käsebrötchen,37,0,0,0,0,0,0,0,0,3.4,1.1,7.1,1.9,0,251,14.8,45.4,1025.1,126,-0.4
72,3/5/2015,2015,3,3,5,Käsebrötchen,36,1,0,0,0,0,0,0,0,4.6,2.1,7.7,0,0,284,7.6,23.8,1037.3,18,1.2
74,3/6/2015,2015,3,4,6,Käsebrötchen,46,0,0,0,0,0,0,0,0,5,2.5,7.6,0,0,220,9,22.3,1036.3,0,0.4
75,3/7/2015,2015,3,5,7,Käsebrötchen,42,0,0,0,0,0,0,0,0,7.4,2.2,13.2,0,0,181,13,34.9,1030.5,456,2.4
77,3/8/2015,2015,3,6,8,Käsebrötchen,53,0,0,0,0,0,0,0,0,11.3,6.1,17.5,0.1,0,201,10.8,33.1,1024.6,588,3.9
79,3/9/2015,2015,3,0,9,Käsebrötchen,34,0,0,0,0,0,0,0,0,8.1,5.7,11.8,0.2,0,226,6.1,19.4,1026.9,96,-3.2
81,3/10/2015,2015,3,1,10,Käsebrötchen,43,1,0,0,0,0,0,0,0,8,3.2,12.1,0.5,0,292,10.1,25.9,1028.2,216,-0.1
83,3/11/2015,2015,3,2,11,Käsebrötchen,42,0,0,0,0,0,0,0,0,5.2,1,9.7,0,0,45,8.3,21.2,1031.5,540,-2.8
85,3/12/2015,2015,3,3,12,Käsebrötchen,36,1,0,0,0,0,0,0,0,6.2,-0.5,11.6,0,0,84,11.2,30.2,1030.8,660,1
87,3/13/2015,2015,3,4,13,Käsebrötchen,16,0,0,0,0,0,0,1,0,4,-0.3,8.5,0,0,86,11.2,34.6,1026.1,498,-2.2
89,3/14/2015,2015,3,5,14,Käsebrötchen,42,0,0,0,0,0,0,0,0,2.9,0.6,4.5,0.2,0,54,13,31.7,1028,0,-1.1
91,3/15/2015,2015,3,6,15,Käsebrötchen,59,0,0,0,0,0,0,0,0,4.9,3.7,6.7,0.2,0,61,13.7,34.9,1027.2,6,2
93,3/16/2015,2015,3,0,16,Käsebrötchen,32,0,0,0,0,0,0,0,0,7.2,2.2,13,0,0,71,9.7,28.1,1024.1,618,2.3
95,3/17/2015,2015,3,1,17,Käsebrötchen,26,1,0,0,0,0,0,0,0,11.1,4.3,17.1,0,0,76,8.6,22,1024.6,642,3.9
97,3/18/2015,2015,3,2,18,Käsebrötchen,36,0,0,0,0,0,0,0,0,10.9,5.9,16.4,0,0,315,9,31,1026.3,612,-0.2
99,3/19/2015,2015,3,3,19,Käsebrötchen,32,1,0,0,0,0,0,0,0,5.4,2.9,6.9,0,0,357,7.2,18,1028.7,0,-5.5
101,3/20/2015,2015,3,4,20,Käsebrötchen,41,0,0,0,0,0,0,0,0,3.4,1,5.5,2,0,327,5.4,17.3,1025.6,0,-2
103,3/21/2015,2015,3,5,21,Käsebrötchen,38,0,0,0,0,0,0,0,0,4.2,1.4,7,6.4,0,277,10.4,34.9,1018.7,108,0.8
105,3/22/2015,2015,3,6,22,Käsebrötchen,56,0,0,0,0,0,0,0,0,3.6,1,6.2,0,0,58,15.5,42.5,1024.8,210,-0.6
107,3/23/2015,2015,3,0,23,Käsebrötchen,22,0,0,0,0,0,0,0,0,6.1,0.8,11,0,0,206,9,28.1,1016.7,534,2.5
109,3/24/2015,2015,3,1,24,Käsebrötchen,24,1,0,0,0,0,0,0,0,7.3,4.1,10.5,0.1,0,324,5.8,20.9,1008.9,156,1.2
111,3/25/2015,2015,3,2,25,Käsebrötchen,28,0,0,0,0,0,0,0,0,5.9,4.8,7,1,0,254,8.3,25.6,1006.7,0,-1.4
113,3/26/2015,2015,3,3,26,Käsebrötchen,23,1,0,0,0,0,0,0,0,5,3.5,7.6,2.3,0,236,11.9,45,1008.5,66,-0.9
115,3/27/2015,2015,3,4,27,Käsebrötchen,38,0,0,0,0,0,0,0,0,6.1,3.1,9,0.3,0,256,14.4,47.5,1017.1,36,1.1
117,3/28/2015,2015,3,5,28,Käsebrötchen,35,0,0,0,0,0,0,0,0,7.1,2.3,11.3,6,0,193,12.6,58,1017,240,1
119,3/29/2015,2015,3,6,29,Käsebrötchen,61,0,0,0,0,0,0,0,0,9.3,6.5,11.1,15.7,0,0,25.2,82.4,1000,0,2.2
121,3/30/2015,2015,3,0,30,Käsebrötchen,24,0,0,0,0,0,0,0,0,6.3,3.3,8.5,16.8,0,265,18,65.5,1004.4,312,-3
123,3/31/2015,2015,3,1,31,Käsebrötchen,70,1,0,0,0,0,0,0,0,7.7,2.9,10.7,4.4,0,256,27,83.9,1000.6,162,1.4
125,4/1/2015,2015,4,2,1,Käsebrötchen,31,0,0,0,0,0,0,0,0,4.9,1.4,7.6,9.1,0,271,18.7,61.6,1016.1,144,-2.8
127,4/2/2015,2015,4,3,2,Käsebrötchen,25,1,0,0,0,0,0,0,0,5.1,0.8,7.8,0.8,0,294,18.7,75.2,1016.4,258,0.2
129,4/3/2015,2015,4,4,3,Käsebrötchen,28,0,0,0,0,0,0,0,1,6.1,2.4,10.2,0,0,225,7.9,22,1020.4,336,1
131,4/4/2015,2015,4,5,4,Käsebrötchen,43,0,0,0,0,0,0,0,0,5.3,2,8.2,0,0,34,15.1,39.2,1018.9,276,-0.8
133,4/5/2015,2015,4,6,5,Käsebrötchen,55,0,0,0,0,0,0,0,0,5.4,-0.2,9.9,0,0,6,9.4,40,1025.7,438,0.1
134,4/6/2015,2015,4,0,6,Käsebrötchen,55,0,0,0,0,0,0,0,0,5.3,3.4,8.6,0.3,0,342,5.4,14.4,1030.9,96,-0.1
136,4/7/2015,2015,4,1,7,Käsebrötchen,32,1,0,0,0,0,0,0,0,7.3,1.7,11.6,0,0,256,6.8,28.4,1036.2,312,2
138,4/8/2015,2015,4,2,8,Käsebrötchen,22,0,0,0,0,0,0,0,0,8.4,5.1,13,0,0,30,6.1,21.2,1033.9,198,1.1
140,4/9/2015,2015,4,3,9,Käsebrötchen,37,1,0,0,0,0,0,0,0,12.7,5.3,18.6,0,0,135,7.6,20.5,1027.3,738,4.3
142,4/10/2015,2015,4,4,10,Käsebrötchen,36,0,0,0,0,0,0,0,0,15.7,8.6,21,0,0,159,7.6,26.6,1020.1,714,3
144,4/11/2015,2015,4,5,11,Käsebrötchen,32,0,0,0,0,0,0,0,0,11.1,4.7,14.4,0.3,0,219,14.8,55.4,1020.1,72,-4.6
146,4/12/2015,2015,4,6,12,Käsebrötchen,41,0,0,0,0,0,0,1,0,10.2,4.2,14.7,0.1,0,207,15.5,46.1,1027.8,666,-0.9
148,4/13/2015,2015,4,0,13,Käsebrötchen,31,0,0,0,0,0,0,0,0,9.3,6.3,12.7,0,0,302,10.1,41,1030.6,576,-0.9
150,4/14/2015,2015,4,1,14,Käsebrötchen,26,1,0,0,0,0,0,0,0,13.5,5.4,21,0,0,220,11.5,43.6,1026,726,4.2
152,4/15/2015,2015,4,2,15,Käsebrötchen,33,0,0,0,0,0,0,0,0,16.6,10.8,22.8,0,0,240,11.9,38.5,1017.5,732,3.1
154,4/16/2015,2015,4,3,16,Käsebrötchen,29,1,0,0,0,0,0,0,0,11,6.8,16.1,0,0,24,13,35.3,1015.9,672,-5.6
156,4/17/2015,2015,4,4,17,Käsebrötchen,37,0,0,0,0,0,0,0,0,8.3,5.3,12.8,0,0,28,16.2,33.8,1018.9,324,-2.7
158,4/18/2015,2015,4,5,18,Käsebrötchen,35,0,0,0,0,0,0,0,0,8.7,3.5,13.3,0,0,45,11.5,39.2,1026.5,780,0.4
160,4/19/2015,2015,4,6,19,Käsebrötchen,57,0,0,0,0,0,0,0,0,9.6,3.2,15.2,0,0,44,10.1,29.5,1023.1,720,0.9
162,4/20/2015,2015,4,0,20,Käsebrötchen,27,0,0,0,0,0,0,0,0,12.7,6.2,18.1,0,0,48,12.6,33.1,1027.7,780,3.1
164,4/21/2015,2015,4,1,21,Käsebrötchen,34,1,0,0,0,0,0,0,0,13.3,5.5,20.5,0,0,358,10.8,31.7,1030.6,786,0.6
166,4/22/2015,2015,4,2,22,Käsebrötchen,29,0,0,0,0,0,0,0,0,8.7,4.4,14.5,0,0,9,11.5,29.5,1027.9,378,-4.6
168,4/23/2015,2015,4,3,23,Käsebrötchen,31,1,0,0,0,0,0,0,0,10.5,4.8,16,0,0,15,6.8,18.4,1019.8,780,1.8
170,4/24/2015,2015,4,4,24,Käsebrötchen,36,0,0,0,0,0,0,1,0,14.6,8.2,20.2,0.8,0,198,9,35.3,1012.7,684,4.1
172,4/25/2015,2015,4,5,25,Käsebrötchen,41,0,0,0,0,0,0,0,0,12.4,10.1,14.6,3.4,0,220,8.6,25.9,1008.8,18,-2.2
174,4/26/2015,2015,4,6,26,Käsebrötchen,47,0,0,0,0,0,0,0,0,13,10.4,16.6,13.7,0,225,9.7,32.8,1006.6,114,0.6
176,4/27/2015,2015,4,0,27,Käsebrötchen,33,0,0,0,0,0,0,0,0,8.2,4.4,10.4,0,0,24,14.8,37.4,1007.5,0,-4.8
178,4/28/2015,2015,4,1,28,Käsebrötchen,37,1,0,0,0,0,0,0,0,6.7,1.6,11.8,0.1,0,293,10.1,50.8,1016.7,570,-1.5
180,4/29/2015,2015,4,2,29,Käsebrötchen,43,0,0,0,0,0,0,0,0,8.9,2.4,13.2,0.2,0,184,11.5,40,1017.9,426,2.2
182,4/30/2015,2015,4,3,30,Käsebrötchen,40,1,0,0,0,0,0,0,0,8.4,4.4,10.8,4.4,0,219,11.9,36,1012.9,186,-0.5
184,5/1/2015,2015,5,4,1,Käsebrötchen,48,0,0,0,0,0,0,0,1,8.4,3.4,13.6,0,0,326,7.2,23.8,1009.5,636,0
186,5/2/2015,2015,5,5,2,Käsebrötchen,47,0,0,0,0,0,0,0,0,10.7,4.5,15.9,0,0,61,7.9,20.2,1011.6,642,2.3
188,5/3/2015,2015,5,6,3,Käsebrötchen,67,0,0,0,0,0,0,0,0,13.1,8.2,16,8.5,0,144,13,35.3,1004.5,114,2.4
190,5/4/2015,2015,5,0,4,Käsebrötchen,40,0,0,0,0,0,0,0,0,15.6,12.5,19.9,3.5,0,203,12.2,48.2,1007,228,2.5
192,5/5/2015,2015,5,1,5,Käsebrötchen,35,1,0,0,0,0,0,0,0,16.8,11.3,22.7,0.6,0,188,22,72,1002,366,1.2
194,5/6/2015,2015,5,2,6,Käsebrötchen,37,0,0,0,0,0,0,0,0,12.3,8.7,15.9,0.3,0,213,18.4,73.1,1011.8,456,-4.5
196,5/7/2015,2015,5,3,7,Käsebrötchen,34,1,0,0,0,0,0,0,0,11.3,8.9,15.3,0,0,242,15.5,45,1018,198,-1
198,5/8/2015,2015,5,4,8,Käsebrötchen,39,0,0,0,0,0,0,0,0,14.4,9.3,19.3,0,0,129,6.1,22.3,1016,402,3.1
200,5/9/2015,2015,5,5,9,Käsebrötchen,47,0,0,0,0,0,0,0,0,14.5,11.1,18.2,1,0,225,16.6,54.7,1017.4,252,0.1
202,5/10/2015,2015,5,6,10,Käsebrötchen,70,0,0,0,0,0,0,1,0,13.3,7.8,18.2,0,0,243,7.6,28.1,1026.2,816,-1.2
204,5/11/2015,2015,5,0,11,Käsebrötchen,30,0,0,0,0,0,0,0,0,18.9,11.9,24.6,0,0,173,11.9,31.7,1021.5,606,5.6
206,5/12/2015,2015,5,1,12,Käsebrötchen,27,1,0,0,0,0,0,0,0,17.1,8,20.8,0,0,232,11.5,49,1017.6,402,-1.8
208,5/13/2015,2015,5,2,13,Käsebrötchen,36,0,0,0,0,0,0,0,0,13.2,7.8,19.1,0,0,248,9.7,36.7,1018.6,804,-3.9
210,5/14/2015,2015,5,3,14,Käsebrötchen,66,0,0,0,0,0,0,0,1,11.6,5.8,16.7,0,0,39,11.2,28.8,1013.7,732,-1.6
211,5/15/2015,2015,5,4,15,Käsebrötchen,38,0,0,0,0,0,0,0,0,12,7.9,17.1,0,0,16,13.3,33.5,1017.2,690,0.4
213,5/16/2015,2015,5,5,16,Käsebrötchen,33,0,0,0,0,0,0,0,0,9.2,5.5,12,1.7,0,257,10.8,36,1023.6,6,-2.8
215,5/17/2015,2015,5,6,17,Käsebrötchen,42,0,0,0,0,0,0,0,0,11.5,5.5,17,0,0,249,8.6,30.2,1024.4,366,2.3
217,5/18/2015,2015,5,0,18,Käsebrötchen,35,0,0,0,0,0,0,0,0,13.5,7.3,20.2,1.6,0,213,14.8,46.8,1010.3,414,2
218,5/19/2015,2015,5,1,19,Käsebrötchen,25,1,0,0,0,0,0,0,0,10.3,7.6,14.1,1.1,0,230,16.9,53.6,1007.7,312,-3.2
220,5/20/2015,2015,5,2,20,Käsebrötchen,34,0,0,0,0,0,0,0,0,9.7,5.8,14.2,1.1,0,241,10.4,39.2,1014.9,480,-0.6
222,5/21/2015,2015,5,3,21,Käsebrötchen,22,1,0,0,0,0,0,0,0,11.6,5.5,16.6,0,0,258,7.2,28.1,1025.1,468,1.9
224,5/22/2015,2015,5,4,22,Käsebrötchen,31,0,0,0,0,0,1,0,0,14.5,7.6,20.1,0,0,253,5.8,23.4,1025.5,636,2.9
226,5/23/2015,2015,5,5,23,Käsebrötchen,36,0,0,0,0,0,1,0,0,14.1,9.3,19,0,0,338,9,29.9,1021.9,114,-0.4
228,5/24/2015,2015,5,6,24,Käsebrötchen,31,0,0,0,0,0,1,1,0,13.7,8.4,19.1,0.6,0,339,7.2,21.6,1019.5,492,-0.4
230,5/25/2015,2015,5,0,25,Käsebrötchen,61,0,0,0,0,0,1,0,1,12,9.6,16,1.7,0,316,8.3,27.7,1016.1,78,-1.7
232,5/26/2015,2015,5,1,26,Käsebrötchen,33,1,0,0,0,0,0,0,0,10.6,7.6,14.2,0,0,331,11.2,37.4,1021.1,126,-1.4
234,5/27/2015,2015,5,2,27,Käsebrötchen,32,0,0,0,0,0,0,0,0,12.4,8.1,16.9,0,0,234,9,36.7,1023,252,1.8
236,5/28/2015,2015,5,3,28,Käsebrötchen,22,1,0,0,0,0,0,0,0,13.2,10.1,18.5,6.7,0,213,13,49,1014.6,210,0.8
238,5/29/2015,2015,5,4,29,Käsebrötchen,28,0,0,0,0,0,0,0,0,11.9,8,16.5,3.4,0,209,13.7,44.6,1010.6,288,-1.3
240,5/30/2015,2015,5,5,30,Käsebrötchen,42,0,0,0,0,0,0,0,0,9.6,7.1,12.5,3,0,235,11.9,38.9,1014.3,366,-2.3
242,5/31/2015,2015,5,6,31,Käsebrötchen,46,0,0,0,0,0,0,0,0,13.4,8,19.4,9,0,186,15.5,44.3,1012.1,138,3.8
244,6/1/2015,2015,6,0,1,Käsebrötchen,40,0,0,0,0,0,0,0,0,12.9,8.9,17.4,0.3,0,242,8.6,35.6,1015.7,426,-0.5
246,6/2/2015,2015,6,1,2,Käsebrötchen,42,1,0,0,0,0,0,0,0,15.1,10.4,19.3,1.5,0,203,16.9,54.7,1012.6,12,2.2
248,6/3/2015,2015,6,2,3,Käsebrötchen,33,0,0,0,0,0,0,0,0,15.7,12.4,18.3,0,0,260,13.7,40,1021.8,192,0.6
250,6/4/2015,2015,6,3,4,Käsebrötchen,70,0,0,0,0,0,0,0,1,17.1,10.8,22.5,0,0,73,9,25.9,1026.7,810,1.4
252,6/5/2015,2015,6,4,5,Käsebrötchen,33,0,0,0,0,0,0,0,0,23.6,14.7,31.1,3.3,0,147,10.1,40.3,1018.5,810,6.5
254,6/6/2015,2015,6,5,6,Käsebrötchen,42,0,0,0,0,0,0,0,0,17.4,12.5,21,0,0,264,10.8,29.5,1023.5,456,-6.2
256,6/7/2015,2015,6,6,7,Käsebrötchen,45,0,0,0,0,0,0,0,0,15.6,9.4,20.6,0,0,336,9.4,32,1029.4,870,-1.8
258,6/8/2015,2015,6,0,8,Käsebrötchen,32,0,0,0,0,0,0,0,0,13.2,8.9,17.4,0,0,27,19.8,43.6,1029.6,732,-2.4
260,6/9/2015,2015,6,1,9,Käsebrötchen,43,1,0,0,0,0,0,0,0,11.9,7.5,16.2,0,0,35,16.2,45.7,1029.3,414,-1.3
262,6/10/2015,2015,6,2,10,Käsebrötchen,26,0,0,0,0,0,0,0,0,16.1,9.5,21.6,0,0,54,14.8,43.9,1026.1,816,4.2
264,6/11/2015,2015,6,3,11,Käsebrötchen,31,1,0,0,0,0,0,0,0,18.6,12,24.3,0,0,69,13,33.8,1019.7,858,2.5
266,6/12/2015,2015,6,4,12,Käsebrötchen,33,0,0,0,0,0,0,0,0,21.3,13.1,29.1,0,0,115,8.6,29.5,1011.7,732,2.7
268,6/13/2015,2015,6,5,13,Käsebrötchen,40,0,0,0,0,0,0,0,0,18.8,13.7,22.7,2,0,219,13.3,46.4,1010.3,498,-2.5
270,6/14/2015,2015,6,6,14,Käsebrötchen,59,0,0,0,0,0,0,0,0,17,11.7,22.2,0,0,266,9.7,27.7,1011.9,342,-1.8
271,6/15/2015,2015,6,0,15,Käsebrötchen,30,0,0,0,0,0,0,0,0,14.7,10.4,19.2,0,0,27,15.8,36.7,1019.2,498,-2.3
273,6/16/2015,2015,6,1,16,Käsebrötchen,39,1,0,0,0,0,0,0,0,12.1,8,16.7,0,0,30,13.7,30.6,1025,342,-2.6
275,6/17/2015,2015,6,2,17,Käsebrötchen,31,0,0,0,0,0,0,0,0,15.8,6.8,21.3,8.3,0,214,10.1,37.1,1023,678,3.7
277,6/18/2015,2015,6,3,18,Käsebrötchen,34,1,0,0,0,0,0,0,0,15.6,11.3,19.6,0.1,0,279,11.9,36,1016.8,294,-0.2
279,6/19/2015,2015,6,4,19,Käsebrötchen,35,0,0,0,0,0,0,0,0,11.5,9.9,13.7,3.4,0,281,8.3,31,1018.8,6,-4.1
281,6/20/2015,2015,6,5,20,Käsebrötchen,41,0,0,0,0,0,0,0,0,12.1,9.6,15.3,1.4,0,290,7.2,23.4,1020.6,48,0.6
283,6/21/2015,2015,6,6,21,Käsebrötchen,56,0,0,0,0,0,0,0,0,14.3,10.3,19.2,4.5,0,213,9,39.2,1015.9,210,2.2
285,6/22/2015,2015,6,0,22,Käsebrötchen,31,0,0,0,0,0,0,0,0,11.4,9.4,13.1,20.1,0,224,11.5,32.8,1009.4,6,-2.9
287,6/23/2015,2015,6,1,23,Käsebrötchen,39,1,0,0,0,0,0,0,0,11,8.8,14.1,7.9,0,270,9.7,37.1,1013.5,54,-0.4
289,6/24/2015,2015,6,2,24,Käsebrötchen,33,0,0,0,0,0,0,0,0,13.6,10.6,18.8,0,0,233,7.9,25.2,1022.1,210,2.6
291,6/25/2015,2015,6,3,25,Käsebrötchen,32,1,0,0,0,0,0,0,0,18.8,12.8,24.2,0,0,211,8.6,28.1,1022.3,498,5.2
293,6/26/2015,2015,6,4,26,Käsebrötchen,31,0,0,0,0,0,0,0,0,20.6,14.2,25,3.2,0,202,8.3,32,1019,318,1.8
295,6/27/2015,2015,6,5,27,Käsebrötchen,41,0,0,0,0,0,0,0,0,18.6,14.4,22.6,1.6,0,250,11.9,41.4,1017.5,396,-2
297,6/28/2015,2015,6,6,28,Käsebrötchen,41,0,0,0,0,0,0,0,0,18.4,11.2,22.7,0,0,177,6.1,24.5,1021.5,570,-0.2
299,6/29/2015,2015,6,0,29,Käsebrötchen,29,0,0,0,0,0,0,0,0,20.6,16.8,24.6,0,0,265,8.3,24.1,1021.2,636,2.2
301,6/30/2015,2015,6,1,30,Käsebrötchen,48,1,0,0,0,0,0,0,0,21.9,15.3,27.8,0,0,80,9.7,25.9,1021.5,912,1.3
303,7/1/2015,2015,7,2,1,Käsebrötchen,25,0,0,0,0,0,0,0,0,26.7,17.9,33.3,0,0,116,12.6,30.2,1018.1,918,4.8
305,7/2/2015,2015,7,3,2,Käsebrötchen,35,1,1,0,0,0,0,0,0,29.8,21.4,36.1,0.9,0,145,13.7,32.4,1017.9,822,3.1
307,7/3/2015,2015,7,4,3,Käsebrötchen,31,0,1,0,0,0,0,0,0,25.8,19.3,32,0,0,35,9.7,24.8,1023,834,-4
309,7/4/2015,2015,7,5,4,Käsebrötchen,30,0,1,0,0,0,0,0,0,29.2,22.7,35.5,0.6,0,131,11.5,33.5,1018.5,738,3.4
311,7/5/2015,2015,7,6,5,Käsebrötchen,50,0,1,0,0,0,0,0,0,22,16.4,31.2,6.1,0,5,11.5,51.8,1016.9,210,-7.2
313,7/6/2015,2015,7,0,6,Käsebrötchen,34,0,0,0,0,0,0,0,0,19.5,14.2,24.4,0,0,234,9.7,34.6,1020.6,774,-2.5
315,7/7/2015,2015,7,1,7,Käsebrötchen,39,1,0,0,0,0,0,0,0,22.8,14.5,30.5,1,0,176,11.5,41,1010.7,492,3.3
317,7/8/2015,2015,7,2,8,Käsebrötchen,31,0,0,0,0,0,0,0,0,14.8,13.2,18.1,15.7,0,239,17.3,47.2,1010.9,84,-8
319,7/9/2015,2015,7,3,9,Käsebrötchen,35,1,0,0,0,0,0,0,0,13.9,8.9,18.9,0.1,0,291,11.9,43.9,1020.5,366,-0.9
321,7/10/2015,2015,7,4,10,Käsebrötchen,30,0,0,0,0,0,0,0,0,15.8,7.3,22.2,0,0,194,6.5,22,1023.1,882,1.9
323,7/11/2015,2015,7,5,11,Käsebrötchen,29,0,0,0,0,0,0,0,0,21.3,13.6,28,0,0,162,9.4,36.4,1016.2,696,5.5
325,7/12/2015,2015,7,6,12,Käsebrötchen,51,0,0,0,0,0,0,0,0,15.8,14.5,17.4,3.2,0,233,10.1,27.7,1018.6,24,-5.5
327,7/13/2015,2015,7,0,13,Käsebrötchen,35,0,0,0,0,0,0,0,0,16.1,14.7,17.8,11.4,0,231,13.7,36.7,1016.8,0,0.3
329,7/14/2015,2015,7,1,14,Käsebrötchen,32,1,0,0,0,0,0,0,0,17,16,19.8,4.8,0,247,13,37.4,1017,12,0.9
331,7/15/2015,2015,7,2,15,Käsebrötchen,25,0,0,0,0,0,0,0,0,18.8,15.9,23.2,0.2,0,224,6.5,25.2,1019.4,66,1.8
333,7/16/2015,2015,7,3,16,Käsebrötchen,30,1,0,0,0,0,0,0,0,20.8,16.3,26.2,0.2,0,316,7.2,36,1018.1,594,2
335,7/17/2015,2015,7,4,17,Käsebrötchen,26,0,0,0,0,0,0,0,0,25.7,18.6,31.4,0.4,0,212,15.5,47.5,1012.8,768,4.9
337,7/18/2015,2015,7,5,18,Käsebrötchen,29,0,0,0,0,0,0,0,0,20,16.9,24.1,8,0,284,10.4,34.2,1016.8,612,-5.7
339,7/19/2015,2015,7,6,19,Käsebrötchen,51,0,0,0,0,0,0,0,0,17.2,14.3,19.7,0.1,0,104,10.1,34.9,1011.7,102,-2.8
341,7/20/2015,2015,7,0,20,Käsebrötchen,33,0,0,0,0,0,0,0,0,18.5,12.9,21.5,1.7,0,203,8.6,25.6,1013.6,228,1.3
343,7/21/2015,2015,7,1,21,Käsebrötchen,35,1,0,0,0,0,0,0,0,22,18.9,25.8,0,0,233,12.6,41.8,1014,240,3.5
345,7/22/2015,2015,7,2,22,Käsebrötchen,26,0,0,0,0,0,0,0,0,20.4,16,24.8,0,0,252,8.6,30.2,1015.1,354,-1.6
347,7/23/2015,2015,7,3,23,Käsebrötchen,28,1,0,0,0,0,0,0,0,18.5,14.8,22.1,0,0,261,8.6,24.5,1017,504,-1.9
349,7/24/2015,2015,7,4,24,Käsebrötchen,21,0,0,0,0,0,0,0,0,20.9,14.3,26.9,3.1,0,87,7.2,28.8,1010.3,312,2.4
351,7/25/2015,2015,7,5,25,Käsebrötchen,32,0,0,0,0,0,0,0,0,15.3,11.6,20.1,4.7,0,215,20.9,70.9,1006,120,-5.6
353,7/26/2015,2015,7,6,26,Käsebrötchen,62,0,0,0,0,0,0,0,0,14.9,9.6,21.3,3.3,0,198,13,47.5,1012,528,-0.4
355,7/27/2015,2015,7,0,27,Käsebrötchen,34,0,0,0,0,0,0,0,0,15.8,12.6,19.6,1.6,0,211,18.7,49,1002.3,96,0.9
357,7/28/2015,2015,7,1,28,Käsebrötchen,30,1,0,0,0,0,0,0,0,14.8,12.3,17.4,0,0,232,20.2,58,1006.6,90,-1
359,7/29/2015,2015,7,2,29,Käsebrötchen,22,0,0,0,0,0,0,0,0,13.4,10.1,17.5,4.4,0,240,16.2,56.2,1009.7,294,-1.4
361,7/30/2015,2015,7,3,30,Käsebrötchen,31,1,0,0,0,0,0,0,0,13.6,9.9,18.6,0.4,0,258,10.4,34.9,1016.2,384,0.2
363,7/31/2015,2015,7,4,31,Käsebrötchen,32,0,0,0,0,0,0,0,0,13.9,7.3,19.6,0,0,334,6.8,26.3,1019.8,726,0.3
365,8/1/2015,2015,8,5,1,Käsebrötchen,41,0,0,0,0,0,0,1,0,17.8,10.7,23.9,0,0,27,8.3,22.3,1016.4,756,3.9
367,8/2/2015,2015,8,6,2,Käsebrötchen,54,0,0,0,0,0,0,0,0,20.3,12,26.2,0,0,64,7.9,29.2,1019.5,828,2.5
369,8/3/2015,2015,8,0,3,Käsebrötchen,35,0,0,0,0,0,0,0,0,25.7,17.8,32.3,0,0,139,11.9,32,1014.6,804,5.4
371,8/4/2015,2015,8,1,4,Käsebrötchen,29,1,0,0,0,0,0,0,0,19.5,14.1,25.8,8.2,0,198,10.4,36.7,1014.1,96,-6.2
372,8/5/2015,2015,8,2,5,Käsebrötchen,34,0,0,0,0,0,0,0,0,19.7,13.3,25.4,0,0,163,10.8,31.7,1017.5,756,0.2
374,8/6/2015,2015,8,3,6,Käsebrötchen,36,1,0,0,0,0,0,0,0,25.7,17.6,32.5,1.7,0,187,11.5,37.8,1014.1,786,6
376,8/7/2015,2015,8,4,7,Käsebrötchen,28,0,0,0,0,0,0,0,0,22.6,17.3,28.7,8.7,0,36,11.9,38.2,1016.8,468,-3.1
378,8/8/2015,2015,8,5,8,Käsebrötchen,32,0,0,0,0,0,0,0,0,19.4,16.4,21.6,0,0,10,9,27.7,1021.6,6,-3.2
380,8/9/2015,2015,8,6,9,Käsebrötchen,52,0,0,0,0,0,0,0,0,19.4,14.6,24.1,1.4,0,39,9.7,26.6,1020.5,348,0
382,8/10/2015,2015,8,0,10,Käsebrötchen,32,0,0,0,0,0,0,0,0,16.5,14.3,19.1,14.8,0,342,6.1,22,1018.3,0,-2.9
384,8/11/2015,2015,8,1,11,Käsebrötchen,39,1,0,0,0,0,0,0,0,19.7,13.7,25.1,0,0,1,6.8,22.7,1019.1,552,3.2
386,8/12/2015,2015,8,2,12,Käsebrötchen,40,0,0,0,0,0,0,0,0,20.7,18.3,25.2,0,0,46,14.4,33.5,1021.4,312,1
388,8/13/2015,2015,8,3,13,Käsebrötchen,34,1,0,0,0,0,0,0,0,23.5,17.3,29.2,9,0,61,13.3,41,1014.8,684,2.8
390,8/14/2015,2015,8,4,14,Käsebrötchen,31,0,0,0,0,0,0,0,0,21.7,18.2,26.4,3.3,0,188,8.6,34.6,1008.7,312,-1.8
392,8/15/2015,2015,8,5,15,Käsebrötchen,36,0,0,0,0,0,0,0,0,19.3,15.9,23.9,21,0,206,8.6,29.2,1008.9,294,-2.4
394,8/16/2015,2015,8,6,16,Käsebrötchen,65,0,0,0,0,0,0,0,0,14.8,13.3,16.6,30,0,324,13.3,33.8,1013.9,0,-4.5
396,8/17/2015,2015,8,0,17,Käsebrötchen,30,0,0,0,0,0,0,0,0,13.3,12.6,13.9,30,0,279,11.2,30.6,1013.2,0,-1.5
398,8/18/2015,2015,8,1,18,Käsebrötchen,45,1,0,0,0,0,0,0,0,13.9,11.9,17,0.1,0,227,10.4,31,1015.3,78,0.6
400,8/19/2015,2015,8,2,19,Käsebrötchen,37,0,0,0,0,0,0,0,0,16,10.5,21,0,0,187,5.4,18,1021,492,2.1
402,8/20/2015,2015,8,3,20,Käsebrötchen,36,1,0,0,0,0,0,0,0,18.6,13,23.3,0,0,120,5.8,14.8,1023.4,684,2.6
404,8/21/2015,2015,8,4,21,Käsebrötchen,40,0,0,0,0,1,0,0,0,20.2,15.2,25.4,0,0,141,7.6,21.6,1023.6,774,1.6
406,8/22/2015,2015,8,5,22,Käsebrötchen,43,0,0,0,0,1,0,0,0,20.9,15.9,26.1,0,0,112,9,29.5,1019.1,756,0.7
408,8/23/2015,2015,8,6,23,Käsebrötchen,63,0,0,0,0,1,0,1,0,21,15.2,25.4,6.2,0,108,16.6,47.9,1008.4,546,0.1
410,8/24/2015,2015,8,0,24,Käsebrötchen,29,0,0,0,0,1,0,0,0,18.5,15.1,22.7,9.8,0,164,16.9,61.6,1003,318,-2.5
412,8/25/2015,2015,8,1,25,Käsebrötchen,52,1,0,0,0,1,0,0,0,16,13.6,19.1,0.4,0,219,18.7,60.1,1012.2,126,-2.5
414,8/26/2015,2015,8,2,26,Käsebrötchen,38,0,0,0,0,1,0,0,0,21.2,16.9,25.7,0.4,0,178,19.1,52.6,1012.3,564,5.2
416,8/27/2015,2015,8,3,27,Käsebrötchen,34,1,0,0,0,1,0,0,0,16.1,12.5,21.8,25.1,0,222,11.5,39.2,1011.3,0,-5.1
418,8/28/2015,2015,8,4,28,Käsebrötchen,32,0,0,0,0,1,0,0,0,15.7,12.4,20.2,0,0,229,8.6,25.6,1018.4,498,-0.4
420,8/29/2015,2015,8,5,29,Käsebrötchen,35,0,0,0,0,1,0,0,0,19,12,24.4,0,0,128,5.8,18,1021.8,600,3.3
422,8/30/2015,2015,8,6,30,Käsebrötchen,66,0,0,0,0,1,0,0,0,23.8,16.9,31.2,0,0,83,8.6,37.8,1016.5,606,4.8
424,8/31/2015,2015,8,0,31,Käsebrötchen,42,0,0,0,0,1,0,1,0,24.4,19.5,31.6,0.7,0,152,14.4,43.9,1010.9,690,0.6
426,9/1/2015,2015,9,1,1,Käsebrötchen,48,1,0,0,0,1,0,0,0,15.8,11.3,19.6,13.6,0,291,9.7,30.2,1013.3,42,-8.6
428,9/2/2015,2015,9,2,2,Käsebrötchen,41,0,0,0,0,1,0,0,0,13.6,10.1,17.7,0.5,0,223,6.8,26.6,1017.1,300,-2.2
430,9/3/2015,2015,9,3,3,Käsebrötchen,40,1,0,0,0,1,0,0,0,13.3,10.7,17.7,0.1,0,230,8.3,34.2,1015,324,-0.3
432,9/4/2015,2015,9,4,4,Käsebrötchen,32,0,0,0,0,1,0,0,0,12.8,10.4,15.6,10.8,0,227,14.4,41,1014.6,210,-0.5
434,9/5/2015,2015,9,5,5,Käsebrötchen,43,0,0,0,0,1,0,0,0,12.2,9.4,14.2,6.1,0,259,11.5,46.8,1016.3,96,-0.6
436,9/6/2015,2015,9,6,6,Käsebrötchen,61,0,0,0,0,1,0,0,0,11.5,8.7,14.9,6.5,0,281,9.4,34.6,1023.3,120,-0.7
438,9/7/2015,2015,9,0,7,Käsebrötchen,38,0,0,0,0,0,0,0,0,13.2,11.1,15.8,1.6,0,297,8.6,29.2,1025.9,30,1.7
439,9/8/2015,2015,9,1,8,Käsebrötchen,27,1,0,0,0,0,0,0,0,13.5,10.7,16,1,0,334,6.8,18.7,1026.1,72,0.3
441,9/9/2015,2015,9,2,9,Käsebrötchen,35,0,0,0,0,0,0,0,0,13.9,10.4,18.2,0,0,65,10.4,29.5,1024,618,0.4
443,9/10/2015,2015,9,3,10,Käsebrötchen,48,1,0,0,0,0,0,0,0,13.8,8.6,19.1,0,0,78,12.6,32.8,1023,690,-0.1
445,9/11/2015,2015,9,4,11,Käsebrötchen,32,0,0,0,0,0,0,0,0,14.1,8.8,19.7,0,0,87,8.3,19.8,1018.2,672,0.3
447,9/12/2015,2015,9,5,12,Käsebrötchen,31,0,0,0,0,0,0,0,0,15.8,12.2,21.1,6,0,141,10.1,32.8,1013.5,90,1.7
449,9/13/2015,2015,9,6,13,Käsebrötchen,55,0,0,1,0,0,0,0,0,17,14.4,19.5,0.1,0,156,11.9,38.9,1008.5,102,1.2
451,9/14/2015,2015,9,0,14,Käsebrötchen,31,0,0,0,0,0,0,0,0,16,10.9,20.3,1.3,0,182,15.5,58.7,1002.1,288,-1
453,9/15/2015,2015,9,1,15,Käsebrötchen,30,1,0,0,0,0,0,0,0,13,10.7,17,1.9,0,187,18,54,1004.1,234,-3
455,9/16/2015,2015,9,2,16,Käsebrötchen,31,0,0,0,0,0,0,0,0,15.4,12.5,18.2,11.5,0,159,25.6,57.2,995.6,6,2.4
457,9/17/2015,2015,9,3,17,Käsebrötchen,34,1,0,0,0,0,0,0,0,14.6,11.5,16.6,7.2,0,191,19.1,61.2,1001.1,6,-0.8
459,9/18/2015,2015,9,4,18,Käsebrötchen,29,0,0,0,0,0,0,1,0,14,10.3,18.3,0.6,0,189,10.8,40,1015,300,-0.6
461,9/19/2015,2015,9,5,19,Käsebrötchen,31,0,0,0,0,0,0,0,0,13.6,11.2,15.8,0,0,239,8.3,23.4,1021.6,12,-0.4
463,9/20/2015,2015,9,6,20,Käsebrötchen,49,0,0,0,0,0,0,0,0,12.8,10.1,15.4,0,0,263,7.6,20.2,1024.6,96,-0.8
465,9/21/2015,2015,9,0,21,Käsebrötchen,32,0,0,0,0,0,0,0,0,13.8,9.9,17.3,1,0,205,7.6,24.5,1015.7,342,1
467,9/22/2015,2015,9,1,22,Käsebrötchen,24,1,0,0,0,0,0,0,0,12,10,15.2,9,0,187,11.2,36,1002.8,96,-1.8
469,9/23/2015,2015,9,2,23,Käsebrötchen,28,0,0,0,0,0,0,0,0,12,9.6,15.9,2,0,231,10.8,29.5,1009.1,114,0
471,9/24/2015,2015,9,3,24,Käsebrötchen,39,1,0,0,0,0,0,0,0,13.2,10.3,16.7,0.2,0,215,13,36,1017.7,72,1.2
473,9/25/2015,2015,9,4,25,Käsebrötchen,39,0,0,0,0,0,0,1,0,12.8,10.8,16.3,0,0,249,7.9,21.6,1022.6,90,-0.4
475,9/26/2015,2015,9,5,26,Käsebrötchen,42,0,0,0,0,0,0,0,0,12.2,8.4,16.2,0,0,30,10.1,26.3,1027.7,534,-0.6
477,9/27/2015,2015,9,6,27,Käsebrötchen,51,0,0,0,0,0,0,0,0,11.7,7.8,16.4,0,0,57,11.5,36.7,1033.5,558,-0.5
479,9/28/2015,2015,9,0,28,Käsebrötchen,31,0,0,0,0,0,0,0,0,11.4,7.2,16.1,0,0,54,10.4,31.7,1037.1,522,-0.3
481,9/29/2015,2015,9,1,29,Käsebrötchen,32,1,0,0,0,0,0,0,0,11.5,6.9,16.3,0,0,69,12.6,42.8,1036.1,660,0.1
483,9/30/2015,2015,9,2,30,Käsebrötchen,30,0,0,0,0,0,0,0,0,11.6,7,16.7,0,0,67,13,47.5,1034.5,666,0.1
485,10/1/2015,2015,10,3,1,Käsebrötchen,44,1,0,0,0,0,0,0,0,10.7,6.2,15.3,0,0,63,11.5,40.3,1031.3,666,-0.9
487,10/2/2015,2015,10,4,2,Käsebrötchen,30,0,0,0,0,0,0,0,0,11.2,3,17.4,0,0,72,9,25.9,1024.5,666,0.5
489,10/3/2015,2015,10,5,3,Käsebrötchen,77,0,0,0,0,0,0,0,1,12.9,6.3,18.7,0,0,169,5.8,18.7,1015.5,366,1.7
491,10/4/2015,2015,10,6,4,Käsebrötchen,52,0,0,0,0,0,0,0,0,13.8,11.1,18,0,0,181,8.3,25.9,1016.3,330,0.9
493,10/5/2015,2015,10,0,5,Käsebrötchen,41,0,0,0,0,0,0,0,0,13.6,8.9,17.7,8.1,0,146,13.7,35.3,1012.2,342,-0.2
495,10/6/2015,2015,10,1,6,Käsebrötchen,36,1,0,0,0,0,0,0,0,15.9,13.4,19.5,0.7,0,163,14,38.9,1003.6,72,2.3
497,10/7/2015,2015,10,2,7,Käsebrötchen,31,0,0,0,0,0,0,0,0,14.5,12.1,16.2,5.8,0,203,11.5,34.6,1011.1,48,-1.4
499,10/8/2015,2015,10,3,8,Käsebrötchen,35,1,0,0,0,0,0,0,0,11.7,11,13.1,8.1,0,233,7.2,21.6,1020.2,0,-2.8
501,10/9/2015,2015,10,4,9,Käsebrötchen,40,0,0,0,0,0,0,0,0,12.3,10.4,14.5,0.9,0,340,6.8,25.6,1022.3,6,0.6
503,10/10/2015,2015,10,5,10,Käsebrötchen,36,0,0,0,0,0,0,0,0,10.3,5.4,13.4,0,0,59,12.6,33.8,1020.3,240,-2
505,10/11/2015,2015,10,6,11,Käsebrötchen,42,0,0,0,0,0,0,0,0,6.3,2.9,10.7,0,0,71,15.1,36.7,1018.5,618,-4
507,10/12/2015,2015,10,0,12,Käsebrötchen,35,0,0,0,0,0,0,0,0,5,0.6,9.9,0,0,70,8.6,23,1018.6,462,-1.3
509,10/13/2015,2015,10,1,13,Käsebrötchen,34,1,0,0,0,0,0,0,0,3.1,0.7,4.5,1.6,0,55,13.7,40.7,1018.5,0,-1.9
511,10/14/2015,2015,10,2,14,Käsebrötchen,34,0,0,0,0,0,0,0,0,2.5,1.1,3.7,5.7,0,45,10.1,24.5,1019.7,0,-0.6
513,10/15/2015,2015,10,3,15,Käsebrötchen,34,1,0,0,0,0,0,0,0,4.2,0.9,6.3,15.7,0,12,8.3,24.8,1018.1,0,1.7
515,10/16/2015,2015,10,4,16,Käsebrötchen,36,0,0,0,0,0,0,0,0,5.8,5.1,6.6,10.4,0,227,7.2,16.6,1018.5,0,1.6
517,10/17/2015,2015,10,5,17,Käsebrötchen,36,0,0,0,0,0,0,0,0,6.2,5.3,8,0.1,0,163,6.5,14.8,1018.6,18,0.4
519,10/18/2015,2015,10,6,18,Käsebrötchen,63,0,0,0,0,0,0,1,0,7.1,5.5,9.4,0,0,202,4.7,11.5,1020,66,0.9
521,10/19/2015,2015,10,0,19,Käsebrötchen,34,0,0,0,0,0,0,0,0,7.9,5.1,9.9,0,0,284,4.3,10.8,1022.3,0,0.8
523,10/20/2015,2015,10,1,20,Käsebrötchen,28,1,0,0,0,0,0,0,0,8.3,5.2,10,0,0,301,6.5,20.9,1023.5,0,0.4
525,10/21/2015,2015,10,2,21,Käsebrötchen,23,0,0,0,0,0,0,0,0,9.4,7.1,11.4,2.7,0,225,9,28.1,1020.3,0,1.1
527,10/22/2015,2015,10,3,22,Käsebrötchen,38,1,0,0,0,0,0,0,0,10.5,8.8,12.5,1.5,0,230,10.8,27,1016.3,0,1.1
529,10/23/2015,2015,10,4,23,Käsebrötchen,35,0,0,0,0,0,0,0,0,10.9,6.9,14.6,0,0,201,5.8,18.4,1023.6,198,0.4
531,10/24/2015,2015,10,5,24,Käsebrötchen,35,0,0,0,0,0,0,0,0,10.9,9.8,12.8,0.3,0,171,8.6,23.8,1018.3,6,0
533,10/25/2015,2015,10,6,25,Käsebrötchen,49,0,0,0,0,0,0,0,0,10.6,9.2,12.6,0.4,0,167,6.1,25.2,1024.1,36,-0.3
535,10/26/2015,2015,10,0,26,Käsebrötchen,25,0,0,0,0,0,0,0,0,11.2,7.4,15.9,0,0,109,11.5,33.1,1020.8,504,0.6
537,10/27/2015,2015,10,1,27,Käsebrötchen,27,1,0,0,0,0,0,1,0,12.4,8.8,17.4,0,0,152,10.1,23.8,1015.8,558,1.2
539,10/28/2015,2015,10,2,28,Käsebrötchen,42,0,0,0,0,0,0,0,0,9.8,5.5,12.2,0,0,165,8.3,25.6,1011.9,132,-2.6
541,10/29/2015,2015,10,3,29,Käsebrötchen,39,1,0,0,0,0,0,0,0,11.6,8.9,15.3,0,0,194,6.8,22,1018.8,198,1.8
543,10/30/2015,2015,10,4,30,Käsebrötchen,32,0,0,0,0,0,0,1,0,10,4.9,14.3,0,0,131,9,31.3,1026.2,366,-1.6
545,10/31/2015,2015,10,5,31,Käsebrötchen,40,0,0,0,0,0,0,0,0,9.9,5.8,14.5,0,0,140,10.4,36.7,1027,546,-0.1
547,11/1/2015,2015,11,6,1,Käsebrötchen,57,0,0,0,0,0,0,0,1,10.8,7,15.9,0,0,189,7.2,24.8,1030.4,534,0.9
549,11/2/2015,2015,11,0,2,Käsebrötchen,34,0,0,0,0,0,0,0,0,11.6,6,18.3,0,0,132,7.9,24.5,1026.8,546,0.8
551,11/3/2015,2015,11,1,3,Käsebrötchen,30,1,0,0,0,0,0,0,0,11.3,6.8,18.4,0,0,197,7.2,17.6,1021.2,474,-0.3
553,11/4/2015,2015,11,2,4,Käsebrötchen,28,0,0,0,0,0,0,0,0,12.9,9.9,15.9,2.4,0,171,12.2,31.7,1018.8,192,1.6
555,11/5/2015,2015,11,3,5,Käsebrötchen,33,1,0,0,0,0,0,0,0,13.7,11.1,15.8,2.2,0,176,10.4,30.6,1020.1,162,0.8
557,11/6/2015,2015,11,4,6,Käsebrötchen,27,0,0,0,0,0,0,0,0,14.6,13,16.5,3.1,0,200,13,36,1020,0,0.9
559,11/7/2015,2015,11,5,7,Käsebrötchen,39,0,0,0,0,0,0,0,0,16.9,15.3,18.5,0.3,0,218,14.8,46.4,1022.4,18,2.3
561,11/8/2015,2015,11,6,8,Käsebrötchen,57,0,0,0,0,0,0,0,0,14.4,11.3,16.7,1.4,0,195,12.6,42.8,1025.4,120,-2.5
563,11/9/2015,2015,11,0,9,Käsebrötchen,30,0,0,0,0,0,0,0,0,14.2,12.2,16.9,0.1,0,237,21.2,55.8,1022.2,42,-0.2
565,11/10/2015,2015,11,1,10,Käsebrötchen,44,1,0,0,0,0,0,0,0,12.9,12,13.8,1.2,0,230,20.5,48.6,1023.6,0,-1.3
567,11/11/2015,2015,11,2,11,Käsebrötchen,34,0,0,0,0,0,0,0,0,11.6,11,12.6,0,0,225,17.6,37.1,1024.5,0,-1.3
569,11/12/2015,2015,11,3,12,Käsebrötchen,24,1,0,0,0,0,0,0,0,12.4,11.2,13.6,0,0,209,11.2,32.4,1024.9,24,0.8
571,11/13/2015,2015,11,4,13,Käsebrötchen,25,0,0,0,0,0,0,0,0,11.2,6.8,13.2,3,0,222,16.6,56.5,1021.7,18,-1.2
573,11/14/2015,2015,11,5,14,Käsebrötchen,39,0,0,0,0,0,0,0,0,7.7,6,9.5,12.7,0,234,19.8,54.7,1023.8,6,-3.5
575,11/15/2015,2015,11,6,15,Käsebrötchen,61,0,0,0,0,0,0,0,0,12.4,9.5,14.7,3.9,0,237,24.5,61.2,1012.5,0,4.7
577,11/16/2015,2015,11,0,16,Käsebrötchen,65,0,0,0,0,0,0,0,0,11.6,10.8,12.1,13.1,0,227,20.2,46.8,1013.8,0,-0.8
579,11/17/2015,2015,11,1,17,Käsebrötchen,42,1,0,0,0,0,0,0,0,13.3,11.4,15.3,3.4,0,225,22,74.9,1007.5,24,1.7
581,11/18/2015,2015,11,2,18,Käsebrötchen,31,0,0,0,0,0,0,0,0,12.6,10.9,14.5,0.3,0,239,27.4,74.2,1012.3,78,-0.7
583,11/19/2015,2015,11,3,19,Käsebrötchen,32,1,0,0,0,0,0,0,0,10.6,7.1,13,8.3,0,241,20.5,62.3,1012.1,18,-2
585,11/20/2015,2015,11,4,20,Käsebrötchen,34,0,0,0,0,0,0,1,0,7,4.5,8.7,2.1,0,245,13.7,40.7,1005.7,0,-3.6
587,11/21/2015,2015,11,5,21,Käsebrötchen,34,0,0,0,0,0,0,0,0,3.9,1.5,5.6,2.1,0,241,12.6,34.2,997.9,222,-3.1
589,11/22/2015,2015,11,6,22,Käsebrötchen,57,0,0,0,0,0,0,0,0,1.7,-0.3,4.8,0.5,0,283,9,41,1008.4,210,-2.2
591,11/23/2015,2015,11,0,23,Käsebrötchen,27,0,0,0,0,0,0,0,0,2.8,0.7,5.6,0,0,283,8.6,24.5,1022.6,444,1.1
593,11/24/2015,2015,11,1,24,Käsebrötchen,50,1,0,0,0,0,0,0,0,1.7,0.4,3.4,7.4,0,191,15.5,48.6,1016.8,0,-1.1
595,11/25/2015,2015,11,2,25,Käsebrötchen,43,0,0,0,0,0,0,0,0,4,1.4,5.8,0.1,0,232,9,26.6,1006.9,0,2.3
597,11/26/2015,2015,11,3,26,Käsebrötchen,34,1,0,0,0,0,0,0,0,3.8,1.3,8,0,0,274,5.8,21.6,1017.6,390,-0.2
599,11/27/2015,2015,11,4,27,Käsebrötchen,27,0,0,0,0,0,0,0,0,3,1,6,4.4,0,175,13,42.1,1017,456,-0.8
601,11/28/2015,2015,11,5,28,Käsebrötchen,40,0,0,0,0,0,0,0,0,4.8,2.1,6.9,4.3,0,227,18.7,62.6,1011.5,186,1.8
603,11/29/2015,2015,11,6,29,Käsebrötchen,59,0,0,0,0,0,0,0,0,8.6,5.7,10.6,16.6,0,230,27.7,69.8,1009.1,0,3.8
605,11/30/2015,2015,11,0,30,Käsebrötchen,37,0,0,0,0,0,0,0,0,8.4,6.3,10.2,32.5,0,244,21.2,60.1,1015,0,-0.2
607,12/1/2015,2015,12,1,1,Käsebrötchen,35,1,0,0,0,0,0,0,0,8.8,6.6,11.3,3.1,0,240,11.9,37.4,1023,0,0.4
609,12/2/2015,2015,12,2,2,Käsebrötchen,35,0,0,0,0,0,0,0,0,9.2,5.3,10.7,0,0,219,13,34.6,1027.7,6,0.4
611,12/3/2015,2015,12,3,3,Käsebrötchen,30,1,0,0,0,0,0,0,0,8.2,6.9,10.8,3,0,181,12.2,43.6,1027.4,318,-1
613,12/4/2015,2015,12,4,4,Käsebrötchen,53,0,0,0,0,0,0,0,0,7.8,5.2,9.7,5,0,220,17.6,49,1026.9,210,-0.4
615,12/5/2015,2015,12,5,5,Käsebrötchen,32,0,0,0,1,0,0,0,0,6.2,4.8,7.8,0,0,199,18,45.7,1027.1,12,-1.6
617,12/6/2015,2015,12,6,6,Käsebrötchen,65,0,0,0,0,0,0,1,0,8.6,5.5,11.6,8.7,0,206,19.4,46.8,1023.5,30,2.4
619,12/7/2015,2015,12,0,7,Käsebrötchen,38,0,0,0,0,0,0,0,0,10.6,9.1,13.6,0,0,181,10.4,34.2,1030.6,132,2
621,12/8/2015,2015,12,1,8,Käsebrötchen,39,1,0,0,0,0,0,0,0,11,9.4,13.4,6.9,0,173,16.6,37.8,1028.6,408,0.4
623,12/9/2015,2015,12,2,9,Käsebrötchen,44,0,0,0,0,0,0,0,0,7,3.5,9.8,0,0,236,11.5,29.5,1035.4,336,-4
625,12/10/2015,2015,12,3,10,Käsebrötchen,32,1,0,0,0,0,0,0,0,4.5,3.1,7.2,2.8,0,188,14,40.3,1032.2,384,-2.5
627,12/11/2015,2015,12,4,11,Käsebrötchen,32,0,0,0,0,0,0,1,0,5.4,2.8,7.2,9.5,0,211,17.6,51.1,1023.4,0,0.9
629,12/12/2015,2015,12,5,12,Käsebrötchen,43,0,0,0,0,0,0,0,0,6.8,4.5,10.3,3.2,0,221,14.4,62.6,1021.4,12,1.4
631,12/13/2015,2015,12,6,13,Käsebrötchen,55,0,0,0,0,0,0,0,0,6.9,5.4,9.8,1.3,0,245,11.9,64.1,1020.1,0,0.1
633,12/14/2015,2015,12,0,14,Käsebrötchen,28,0,0,0,0,0,0,0,0,7.4,5.9,9.7,0,0,168,10.1,32.4,1021,204,0.5
635,12/15/2015,2015,12,1,15,Käsebrötchen,27,1,0,0,0,0,0,0,0,7.6,6.1,9.8,1.6,0,164,7.9,21.2,1023.1,228,0.2
637,12/16/2015,2015,12,2,16,Käsebrötchen,33,0,0,0,0,0,0,0,0,10.4,8.8,12,5.8,0,193,14.8,39.6,1023,0,2.8
639,12/17/2015,2015,12,3,17,Käsebrötchen,31,1,0,0,0,0,0,0,0,13.1,11.7,15.2,0.1,0,206,14.4,36.7,1022.4,156,2.7
641,12/18/2015,2015,12,4,18,Käsebrötchen,29,0,0,0,0,0,0,0,0,11.8,10.5,13.4,0,0,222,13,37.4,1022,0,-1.3
643,12/19/2015,2015,12,5,19,Käsebrötchen,43,0,0,0,0,0,0,0,0,11.9,10.2,14.3,0,0,191,14.8,37.4,1021,90,0.1
645,12/20/2015,2015,12,6,20,Käsebrötchen,50,0,0,0,0,0,0,0,0,11.5,10.9,12,2.9,0,177,16.2,40,1017.6,0,-0.4
647,12/21/2015,2015,12,0,21,Käsebrötchen,38,0,0,0,0,0,0,0,0,10.3,9.2,11.6,4.3,0,221,23,68,1020.1,24,-1.2
649,12/22/2015,2015,12,1,22,Käsebrötchen,36,1,0,0,0,0,0,0,0,11.8,10.2,14,0.5,0,217,20.9,56.5,1021.3,0,1.5
651,12/23/2015,2015,12,2,23,Käsebrötchen,56,0,0,0,0,0,0,0,0,10.3,7.1,12.2,0,0,218,18,59,1023.6,174,-1.5
653,12/24/2015,2015,12,3,24,Käsebrötchen,46,1,0,0,0,0,0,0,0,10.1,6.5,12.7,4.8,0,182,20.2,57.6,1021,102,-0.2
4327,12/25/2015,2015,12,4,24,Käsebrötchen,0,0,0,0,0,0,0,0,1,9.1,7.1,12.9,3.2,0,214,14,43.6,1026.1,0,-1
655,12/26/2015,2015,12,5,26,Käsebrötchen,49,0,0,0,0,0,0,0,1,12.4,9.5,14.4,0,0,215,20.5,52.2,1025,336,3.3
657,12/27/2015,2015,12,6,27,Käsebrötchen,62,0,0,0,0,0,0,0,0,10.8,8.8,13,0,0,199,14.4,46.4,1026.4,138,-1.6
659,12/28/2015,2015,12,0,28,Käsebrötchen,29,0,0,0,0,0,0,0,0,10.2,6.4,14.5,0,0,142,13.3,39.2,1026.8,378,-0.6
661,12/29/2015,2015,12,1,29,Käsebrötchen,41,1,0,0,0,0,0,0,0,9,7,10.7,0,0,172,13.7,37.1,1025.8,312,-1.2
663,12/30/2015,2015,12,2,30,Käsebrötchen,40,0,0,0,0,0,0,0,0,6.4,4,9.3,0,0,162,20.5,52.9,1025.2,378,-2.6
665,12/31/2015,2015,12,3,31,Käsebrötchen,19,1,0,0,0,0,0,0,0,6.8,4.8,9.6,2.7,0,191,16.2,58.3,1020.1,240,0.4
667,1/1/2016,2016,1,4,1,Käsebrötchen,66,0,0,0,0,0,0,0,1,5.5,4.3,7.4,0,0,163,9,36.4,1023.9,78,-1.3
668,1/2/2016,2016,1,5,2,Käsebrötchen,36,0,0,0,0,0,0,0,0,4.7,3.6,5.9,1.6,0,142,18.4,38.2,1012.1,0,-0.8
670,1/3/2016,2016,1,6,3,Käsebrötchen,62,0,0,0,0,0,0,0,0,5.7,4.2,6.9,5.6,0,160,19.8,53.3,1003.5,18,1
672,1/4/2016,2016,1,0,4,Käsebrötchen,27,0,0,0,0,0,0,0,0,4.6,2.2,6.5,4.6,0,178,13.7,45.4,990.3,0,-1.1
674,1/5/2016,2016,1,1,5,Käsebrötchen,38,1,0,0,0,0,0,0,0,6.1,5.1,7.5,0.5,0,165,12.2,28.8,993.5,84,1.5
676,1/6/2016,2016,1,2,6,Käsebrötchen,35,0,0,0,0,0,0,0,0,5.7,4.2,7.3,0.9,0,150,7.2,23.4,998.9,0,-0.4
678,1/7/2016,2016,1,3,7,Käsebrötchen,39,1,0,0,0,0,0,0,0,5.4,3.8,6.8,5.7,0,167,23,59.8,994.7,12,-0.3
680,1/8/2016,2016,1,4,8,Käsebrötchen,25,0,0,0,0,0,0,0,0,4.4,2.4,7.4,0,0,216,16.6,45.7,1003.2,408,-1
682,1/9/2016,2016,1,5,9,Käsebrötchen,34,0,0,0,0,0,0,0,0,4.7,2.6,7.2,2.3,0,171,15.1,48.2,1001.2,276,0.3
684,1/10/2016,2016,1,6,10,Käsebrötchen,58,0,0,0,0,0,0,0,0,6.6,5,8.7,0.8,0,189,18.4,49.7,993.1,318,1.9
686,1/11/2016,2016,1,0,11,Käsebrötchen,38,0,0,0,0,0,0,0,0,4.9,3.4,6,4.5,0,181,16.2,46.8,988.7,0,-1.7
688,1/12/2016,2016,1,1,12,Käsebrötchen,33,1,0,0,0,0,0,0,0,5.4,4,6.6,6.7,0,234,18.4,47.2,995,6,0.5
690,1/13/2016,2016,1,2,13,Käsebrötchen,30,0,0,0,0,0,0,0,0,4.2,1.9,5.9,4.1,0,254,15.5,58,1009.9,6,-1.2
692,1/14/2016,2016,1,3,14,Käsebrötchen,34,1,0,0,0,0,0,0,0,2.2,0.7,3.6,8.3,0,187,18,51.1,1006.8,12,-2
694,1/15/2016,2016,1,4,15,Käsebrötchen,33,0,0,0,0,0,0,0,0,1.4,0.4,2.7,1.3,0,305,14.8,60.5,1008.9,0,-0.8
696,1/16/2016,2016,1,5,16,Käsebrötchen,36,0,0,0,0,0,0,0,0,0.8,-1.1,2.8,1.3,0,275,11.5,44.3,1020.9,0,-0.6
698,1/17/2016,2016,1,6,17,Käsebrötchen,53,0,0,0,0,0,0,0,0,-1.1,-3.7,0,0,0,320,8.3,32.4,1025.8,36,-1.9
700,1/18/2016,2016,1,0,18,Käsebrötchen,32,0,0,0,0,0,0,0,0,-3.5,-6.3,-0.6,0,0,135,9,24.8,1021.7,450,-2.4
702,1/19/2016,2016,1,1,19,Käsebrötchen,36,1,0,0,0,0,0,0,0,-3.9,-6.5,-1.5,0,0,185,10.1,26.3,1017.4,480,-0.4
704,1/20/2016,2016,1,2,20,Käsebrötchen,34,0,0,0,0,0,0,0,0,-0.8,-3.2,1.5,0.1,10,223,10.8,22.7,1019.5,6,3.1
706,1/21/2016,2016,1,3,21,Käsebrötchen,29,1,0,0,0,0,0,0,0,0.2,-1.3,2.7,0,10,174,7.2,30.2,1027,132,1
708,1/22/2016,2016,1,4,22,Käsebrötchen,29,0,0,0,0,0,0,0,0,0,-2.2,2,3.6,0,162,18.7,41,1026.1,366,-0.2
710,1/23/2016,2016,1,5,23,Käsebrötchen,32,0,0,0,0,0,0,0,0,5.1,1.9,6.2,0,0,227,12.6,33.8,1031,0,5.1
712,1/24/2016,2016,1,6,24,Käsebrötchen,51,0,0,0,0,0,0,0,0,5.9,3.6,8.6,0.8,0,196,15.1,43.2,1031,0,0.8
714,1/25/2016,2016,1,0,25,Käsebrötchen,33,0,0,0,0,0,0,0,0,10.6,8.5,13.2,0,0,187,14.4,35.6,1026.3,330,4.7
716,1/26/2016,2016,1,1,26,Käsebrötchen,26,1,0,0,0,0,0,0,0,9.8,8.3,11,2.1,0,221,18.4,49.7,1022.4,0,-0.8
718,1/27/2016,2016,1,2,27,Käsebrötchen,37,0,0,0,0,0,0,0,0,10.1,8.9,11.6,13,0,223,27,59.4,1015.5,0,0.3
720,1/28/2016,2016,1,3,28,Käsebrötchen,30,1,0,0,0,0,0,0,0,6.1,2.8,9.2,0,0,242,13.3,63.4,1023.3,456,-4
722,1/29/2016,2016,1,4,29,Käsebrötchen,18,0,0,0,0,0,0,0,0,6.3,2.4,9,2.2,0,216,24.1,63.7,1023.6,0,0.2
724,1/30/2016,2016,1,5,30,Käsebrötchen,35,0,0,0,0,0,0,0,0,6.4,2.6,8.8,15.5,0,229,25.2,64.1,1011.3,0,0.1
726,1/31/2016,2016,1,6,31,Käsebrötchen,51,0,0,0,0,0,0,0,0,5.2,2.6,11.1,12.2,0,227,16.2,46.1,1010.1,0,-1.2
728,2/1/2016,2016,2,0,1,Käsebrötchen,31,0,0,0,0,0,0,0,0,10.7,9.7,11.1,2.2,0,240,25.2,60.1,1016,0,5.5
730,2/2/2016,2016,2,1,2,Käsebrötchen,26,1,0,0,0,0,0,0,0,8,5.2,10.5,10.2,0,240,21.6,56.5,1014.7,0,-2.7
732,2/3/2016,2016,2,2,3,Käsebrötchen,40,0,0,0,0,0,0,0,0,4.1,2.7,6.9,0.7,0,246,15.8,48.2,1018.6,186,-3.9
734,2/4/2016,2016,2,3,4,Käsebrötchen,32,1,0,0,0,0,0,0,0,3.3,2.3,5.7,5.8,0,257,13.3,41.8,1022.9,0,-0.8
736,2/5/2016,2016,2,4,5,Käsebrötchen,25,0,0,0,0,0,0,1,0,6.5,2.8,9.3,2,0,206,11.9,33.8,1023.5,0,3.2
738,2/6/2016,2016,2,5,6,Käsebrötchen,20,0,0,0,0,0,0,0,0,9.1,7.1,11.1,0,0,181,19.4,52.2,1010.4,240,2.6
740,2/7/2016,2016,2,6,7,Käsebrötchen,55,0,0,0,0,0,0,0,0,8.4,5.7,11,5.5,0,200,21.6,54.7,1001.1,48,-0.7
742,2/8/2016,2016,2,0,8,Käsebrötchen,31,0,0,0,0,0,0,0,0,7.3,2.8,9,9.3,0,210,28.4,85.3,993.9,60,-1.1
744,2/9/2016,2016,2,1,9,Käsebrötchen,26,1,0,0,0,0,0,0,0,5.5,1.3,9.8,14.8,0,212,23.8,68.4,989.4,6,-1.8
746,2/10/2016,2016,2,2,10,Käsebrötchen,33,0,0,0,0,0,0,1,0,3.4,2.1,5.1,6.8,0,235,16.9,44.3,994.5,0,-2.1
748,2/11/2016,2016,2,3,11,Käsebrötchen,26,1,0,0,0,0,0,0,0,3.7,2.2,6.1,0.3,0,232,12.2,32,1004.7,150,0.3
750,2/12/2016,2016,2,4,12,Käsebrötchen,32,0,0,0,0,0,0,0,0,3.1,0.6,5.2,0,0,149,12.2,34.6,1000.8,276,-0.6
752,2/13/2016,2016,2,5,13,Käsebrötchen,30,0,0,0,0,0,0,0,0,1.9,-1.1,5,4.2,0,97,12.6,32,990.5,198,-1.2
754,2/14/2016,2016,2,6,14,Käsebrötchen,43,0,0,0,0,0,0,0,0,1.8,0.4,2.9,3.5,0,260,7.9,22.3,989.7,0,-0.1
756,2/15/2016,2016,2,0,15,Käsebrötchen,26,0,0,0,0,0,0,0,0,0.2,-1.5,1.1,1.7,0,8,14.8,38.9,1016.6,24,-1.6
758,2/16/2016,2016,2,1,16,Käsebrötchen,27,1,0,0,0,0,0,0,0,-0.2,-3.1,3.6,0,0,57,7.9,28.4,1035.5,576,-0.4
760,2/17/2016,2016,2,2,17,Käsebrötchen,33,0,0,0,0,0,0,0,0,0,-4.8,4.6,0.1,0,119,6.8,21.2,1022.5,240,0.2
762,2/18/2016,2016,2,3,18,Käsebrötchen,27,1,0,0,0,0,0,0,0,2,0.4,5,0,0,189,8.3,31.3,1015.9,120,2
764,2/19/2016,2016,2,4,19,Käsebrötchen,31,0,0,0,0,0,0,0,0,1.3,-0.4,3.6,1.9,0,200,7.9,32,1020.1,0,-0.7
766,2/20/2016,2016,2,5,20,Käsebrötchen,33,0,0,0,0,0,0,0,0,6.1,2.3,9.9,13.6,0,214,21.2,55.4,1011.3,0,4.8
768,2/21/2016,2016,2,6,21,Käsebrötchen,54,0,0,0,0,0,0,0,0,10.4,9.6,11.8,1.8,0,241,27.7,60.1,1010.3,0,4.3
770,2/22/2016,2016,2,0,22,Käsebrötchen,39,0,0,0,0,0,0,0,0,6.3,1.3,10.9,14.9,0,250,18.4,61.9,1008.1,0,-4.1
772,2/23/2016,2016,2,1,23,Käsebrötchen,33,1,0,0,0,0,0,0,0,2.9,0.9,6.5,2.3,0,239,9,38.2,1013.8,78,-3.4
774,2/24/2016,2016,2,2,24,Käsebrötchen,27,0,0,0,0,0,0,0,0,2.1,-0.2,5.8,1,0,249,7.2,28.8,1017.9,234,-0.8
776,2/25/2016,2016,2,3,25,Käsebrötchen,43,1,0,0,0,0,0,0,0,1,-1.8,4.7,0.2,0,246,9,31,1014.7,252,-1.1
778,2/26/2016,2016,2,4,26,Käsebrötchen,31,0,0,0,0,0,0,0,0,1.6,-0.7,4.8,0,0,176,7.2,19.4,1013.6,78,0.6
780,2/27/2016,2016,2,5,27,Käsebrötchen,25,0,0,0,0,0,0,1,0,2.3,-0.6,6,0,0,65,14.4,42.8,1011.1,588,0.7
782,2/28/2016,2016,2,6,28,Käsebrötchen,55,0,0,0,0,0,0,0,0,1.6,-1.9,4.9,0,0,44,19.8,49,1018,396,-0.7
784,2/29/2016,2016,2,0,29,Käsebrötchen,31,0,0,0,0,0,0,0,0,1.6,-1.4,5.5,0,0,40,20.2,46.8,1023.1,582,0
786,3/1/2016,2016,3,1,1,Käsebrötchen,36,1,0,0,0,0,0,0,0,0.6,-3.9,4.3,6.8,0,164,12.6,52.9,1017.6,228,-1
788,3/2/2016,2016,3,2,2,Käsebrötchen,35,0,0,0,0,0,0,0,0,4.9,2.3,7.7,6.1,0,214,18.4,53.3,999.6,84,4.3
790,3/3/2016,2016,3,3,3,Käsebrötchen,46,1,0,0,0,0,0,0,0,3.4,0.9,6.6,0,0,231,10.4,39.6,1001.8,186,-1.5
792,3/4/2016,2016,3,4,4,Käsebrötchen,32,0,0,0,0,0,0,0,0,1.9,0.7,2.9,8.3,0,165,22,69.1,997.7,0,-1.5
794,3/5/2016,2016,3,5,5,Käsebrötchen,35,0,0,0,0,0,0,0,0,3,1.1,5.1,0.5,0,34,5.8,16.9,996.5,6,1.1
796,3/6/2016,2016,3,6,6,Käsebrötchen,51,0,0,0,0,0,0,1,0,1.8,-0.3,5.7,3.2,0,210,6.1,21.6,1000.5,240,-1.2
798,3/7/2016,2016,3,0,7,Käsebrötchen,39,0,0,0,0,0,0,0,0,1.3,-0.7,3.6,0.1,0,226,5.4,16.2,1005.8,24,-0.5
800,3/8/2016,2016,3,1,8,Käsebrötchen,31,1,0,0,0,0,0,0,0,0.9,-1.9,4.5,0,0,207,8.3,24.1,1015.4,78,-0.4
802,3/9/2016,2016,3,2,9,Käsebrötchen,29,0,0,0,0,0,0,0,0,3.4,0.2,7.2,0,0,145,22,54.4,1009.4,636,2.5
804,3/10/2016,2016,3,3,10,Käsebrötchen,45,1,0,0,0,0,0,0,0,3.9,-0.8,8.9,0,0,70,10.4,32.4,1019,612,0.5
806,3/11/2016,2016,3,4,11,Käsebrötchen,34,0,0,0,0,0,0,0,0,4.3,0.6,9.5,0,0,60,12.6,33.8,1028.1,348,0.4
808,3/12/2016,2016,3,5,12,Käsebrötchen,32,0,0,0,0,0,0,0,0,2.3,-1.3,6.1,0,0,79,11.2,31,1031.5,174,-2
810,3/13/2016,2016,3,6,13,Käsebrötchen,65,0,0,0,0,0,0,0,0,3.6,0,8,0,0,61,17.3,45,1034.4,618,1.3
812,3/14/2016,2016,3,0,14,Käsebrötchen,49,0,0,0,0,0,0,0,0,3.6,-1.3,9.2,0,0,61,16.2,37.8,1033.3,660,0
814,3/15/2016,2016,3,1,15,Käsebrötchen,36,1,0,0,0,0,0,0,0,3.9,1.1,6.7,0,0,49,12.6,36.4,1028.3,42,0.3
816,3/16/2016,2016,3,2,16,Käsebrötchen,40,0,0,0,0,0,0,0,0,4.7,1.5,7.7,0,0,68,16.6,51.8,1029.4,474,0.8
818,3/17/2016,2016,3,3,17,Käsebrötchen,39,1,0,0,0,0,0,0,0,5.7,0.4,10.9,0,0,58,11.2,30.6,1028.3,678,1
820,3/18/2016,2016,3,4,18,Käsebrötchen,29,0,0,0,0,0,0,0,0,2.9,-0.8,5.5,0,0,316,7.9,22.3,1023.6,0,-2.8
822,3/19/2016,2016,3,5,19,Käsebrötchen,29,0,0,0,0,0,0,0,0,4.8,3.9,5.8,0,0,331,7.9,19.8,1022.8,0,1.9
824,3/20/2016,2016,3,6,20,Käsebrötchen,43,0,0,0,0,0,0,1,0,5.8,3.7,8.7,0.9,0,322,9.4,25.6,1020.9,36,1
826,3/21/2016,2016,3,0,21,Käsebrötchen,85,0,0,0,0,0,0,0,0,6.5,5,8.7,0.2,0,302,9.7,35.6,1019.4,0,0.7
828,3/22/2016,2016,3,1,22,Käsebrötchen,33,1,0,0,0,0,0,0,0,6.7,4.2,9.6,0.1,0,298,11.2,32.4,1015,24,0.2
830,3/23/2016,2016,3,2,23,Käsebrötchen,34,0,0,0,0,0,0,0,0,6.7,4.1,9,0.3,0,332,11.5,27.7,1013.1,30,0
832,3/24/2016,2016,3,3,24,Käsebrötchen,31,1,0,0,0,0,0,0,0,6.2,4.2,8.5,2.1,0,242,9,25.9,1014.9,0,-0.5
834,3/25/2016,2016,3,4,25,Käsebrötchen,57,0,0,0,0,0,0,0,0,6.5,5.5,7.6,9.2,0,239,12.2,35.6,1013.5,0,0.3
836,3/26/2016,2016,3,5,26,Käsebrötchen,38,0,0,0,0,0,0,0,0,9.6,4.1,14.7,0.5,0,182,18.4,58.3,1015.2,576,3.1
838,3/27/2016,2016,3,6,27,Käsebrötchen,43,0,0,0,0,0,0,0,0,10,6.7,12.7,5,0,0,21.6,63,1007.9,174,0.4
839,3/28/2016,2016,3,0,28,Käsebrötchen,57,0,0,0,0,0,0,0,0,8.5,6.1,11.1,3.8,0,182,25.2,73.4,1000,72,-1.5
841,3/29/2016,2016,3,1,29,Käsebrötchen,37,1,0,0,0,0,0,0,0,7,4.9,9.7,1.9,0,225,18,54.7,1007.1,120,-1.5
843,3/30/2016,2016,3,2,30,Käsebrötchen,26,0,0,0,0,0,0,0,0,9.2,7,11.3,0.4,0,233,14,40,1010,150,2.2
845,3/31/2016,2016,3,3,31,Käsebrötchen,33,1,0,0,0,0,0,0,0,7.1,5.5,9.1,0.6,0,58,10.4,46.4,1013.6,0,-2.1
847,4/1/2016,2016,4,4,1,Käsebrötchen,29,0,0,0,0,0,0,0,0,8.2,3.5,13.2,0,0,69,11.2,27.7,1020.3,612,1.1
849,4/2/2016,2016,4,5,2,Käsebrötchen,37,0,0,0,0,0,0,0,0,11,6.1,15.2,0,0,153,10.8,34.9,1016.9,354,2.8
851,4/3/2016,2016,4,6,3,Käsebrötchen,54,0,0,0,0,0,0,0,0,15.1,12.3,18.9,1.3,0,170,12.2,38.5,1010.6,222,4.1
853,4/4/2016,2016,4,0,4,Käsebrötchen,37,0,0,0,0,0,0,0,0,13.6,10.3,16.8,0.6,0,176,13.7,44.6,1007,192,-1.5
855,4/5/2016,2016,4,1,5,Käsebrötchen,39,1,0,0,0,0,0,0,0,10.1,7.5,11.5,9.7,0,193,8.3,25.6,1007.7,30,-3.5
857,4/6/2016,2016,4,2,6,Käsebrötchen,28,0,0,0,0,0,0,0,0,9.4,6.3,13,0.7,0,228,18.4,53.6,1009.7,102,-0.7
859,4/7/2016,2016,4,3,7,Käsebrötchen,1,1,0,0,0,0,0,0,0,7.1,3.8,11.1,0.9,0,234,16.2,47.9,1010,348,-2.3
861,4/8/2016,2016,4,4,8,Käsebrötchen,38,0,0,0,0,0,0,0,0,6.8,3.3,10.8,0.3,0,207,6.5,20.2,1012.3,96,-0.3
863,4/9/2016,2016,4,5,9,Käsebrötchen,34,0,0,0,0,0,0,1,0,10.1,4.7,14.8,0,0,173,9.7,28.8,1008.9,660,3.3
865,4/10/2016,2016,4,6,10,Käsebrötchen,60,0,0,0,0,0,0,0,0,11.6,8.3,16.5,0,0,143,10.8,30.6,1011.3,330,1.5
867,4/11/2016,2016,4,0,11,Käsebrötchen,30,0,0,0,0,0,0,0,0,13.2,7.3,18.9,0.2,0,96,15.1,40.7,1011.4,750,1.6
869,4/12/2016,2016,4,1,12,Käsebrötchen,33,1,0,0,0,0,0,0,0,12.4,6.9,18.1,3,0,203,9,58.3,1009.8,480,-0.8
871,4/13/2016,2016,4,2,13,Käsebrötchen,27,0,0,0,0,0,0,0,0,9.4,5.7,12.6,0.1,0,108,5.4,17.3,1009.6,0,-3
873,4/14/2016,2016,4,3,14,Käsebrötchen,28,1,0,0,0,0,0,0,0,11.5,6.5,16,3.2,0,223,7.2,31.7,1011.9,678,2.1
875,4/15/2016,2016,4,4,15,Käsebrötchen,27,0,0,0,0,0,0,0,0,11.7,8.4,15.5,0,0,205,15.8,54,1003.6,294,0.2
877,4/16/2016,2016,4,5,16,Käsebrötchen,32,0,0,0,0,0,0,0,0,9.7,5.1,14.2,6.9,0,225,14.4,44.6,1002.2,138,-2
879,4/17/2016,2016,4,6,17,Käsebrötchen,53,0,0,0,0,0,0,0,0,6.5,4,10,0.4,0,290,7.9,36,1012.8,270,-3.2
881,4/18/2016,2016,4,0,18,Käsebrötchen,35,0,0,0,0,0,0,0,0,7.5,1.4,11.9,0.1,0,247,10.4,36.7,1021.8,444,1
883,4/19/2016,2016,4,1,19,Käsebrötchen,38,1,0,0,0,0,0,0,0,9.5,5,13.9,0,0,277,10.8,34.2,1026.6,144,2
885,4/20/2016,2016,4,2,20,Käsebrötchen,36,0,0,0,0,0,0,0,0,8.7,2.8,13.9,0,0,41,10.4,28.1,1030.8,774,-0.8
887,4/21/2016,2016,4,3,21,Käsebrötchen,56,1,0,0,0,0,0,0,0,11.6,3.9,18,0,0,53,11.5,33.8,1024.4,762,2.9
889,4/22/2016,2016,4,4,22,Käsebrötchen,39,0,0,0,0,0,0,1,0,9.8,5.7,13.9,0,0,35,15.1,36.7,1019.4,468,-1.8
891,4/23/2016,2016,4,5,23,Käsebrötchen,29,0,0,0,0,0,0,0,0,6.2,2.1,9.5,0.1,0,7,14.4,43.9,1015.1,228,-3.6
893,4/24/2016,2016,4,6,24,Käsebrötchen,59,0,0,0,0,0,0,0,0,3.4,0.9,8.1,1.1,0,281,10.4,40.7,1014.6,312,-2.8
895,4/25/2016,2016,4,0,25,Käsebrötchen,27,0,0,0,0,0,0,0,0,3.6,0.4,8,8.8,0,236,14,50.8,1008.1,120,0.2
897,4/26/2016,2016,4,1,26,Käsebrötchen,31,1,0,0,0,0,0,0,0,2.9,0.7,7,6.3,0,239,17.6,63,1000.8,168,-0.7
899,4/27/2016,2016,4,2,27,Käsebrötchen,32,0,0,0,0,0,0,0,0,3.8,1.4,8.4,11.9,0,252,15.5,42.8,1006.1,102,0.9
901,4/28/2016,2016,4,3,28,Käsebrötchen,60,1,0,0,0,0,0,0,0,4.8,1.5,9.7,1.7,0,235,9.7,39.2,1015.1,288,1
903,4/29/2016,2016,4,4,29,Käsebrötchen,35,0,0,0,0,0,0,0,0,6.8,3,10.7,8.1,0,199,12.2,45.4,1015.1,186,2
905,4/30/2016,2016,4,5,30,Käsebrötchen,30,0,0,0,0,0,0,0,0,6.6,5,8,2.3,0,60,7.2,36,1019.7,6,-0.2
907,5/1/2016,2016,5,6,1,Käsebrötchen,49,0,0,0,0,0,0,0,1,9.1,5.1,14.4,0,0,14,16.9,36.7,1026.1,498,2.5
909,5/2/2016,2016,5,0,2,Käsebrötchen,44,0,0,0,0,0,0,0,0,13,5.2,18.8,4.1,0,210,7.2,21.2,1023.4,732,3.9
911,5/3/2016,2016,5,1,3,Käsebrötchen,40,1,0,0,0,0,0,0,0,10.8,6.1,14.1,0,0,300,12.2,39.2,1023.1,438,-2.2
913,5/4/2016,2016,5,2,4,Käsebrötchen,38,0,0,0,0,0,0,0,0,10,4.1,14.6,0,0,54,8.3,25.2,1029.3,816,-0.8
915,5/5/2016,2016,5,3,5,Käsebrötchen,69,0,0,0,0,0,0,0,1,13.9,7.3,19.8,0,0,110,12.6,36.7,1023.9,852,3.9
917,5/6/2016,2016,5,4,6,Käsebrötchen,29,0,0,0,0,0,0,0,0,17.2,8.8,23.2,0,0,126,14,36.4,1014.8,774,3.3
919,5/7/2016,2016,5,5,7,Käsebrötchen,32,0,0,0,0,0,0,0,0,20.2,14.3,25.3,0,0,125,12.6,39.2,1011.3,750,3
921,5/8/2016,2016,5,6,8,Käsebrötchen,39,0,0,0,0,0,0,1,0,20.3,15.4,24.7,0,0,108,16.9,43.2,1012.3,858,0.1
923,5/9/2016,2016,5,0,9,Käsebrötchen,36,0,0,0,0,0,0,0,0,19.5,13.8,24.9,0,0,96,15.5,40.3,1013.1,732,-0.8
925,5/10/2016,2016,5,1,10,Käsebrötchen,25,1,0,0,0,0,0,0,0,18.5,15,23,0,0,133,7.6,22.3,1009.9,132,-1
927,5/11/2016,2016,5,2,11,Käsebrötchen,34,0,0,0,0,0,0,0,0,19.4,13.2,24.8,0,0,103,11.2,36.7,1005.1,570,0.9
929,5/12/2016,2016,5,3,12,Käsebrötchen,34,1,0,0,0,0,0,0,0,19.2,13.6,24.3,0,0,68,15.8,46.8,1000.3,852,-0.2
931,5/13/2016,2016,5,4,13,Käsebrötchen,33,0,0,0,0,0,1,0,0,17.1,9,22.2,0,0,32,16.6,41,1003.6,798,-2.1
933,5/14/2016,2016,5,5,14,Käsebrötchen,38,0,0,0,0,0,1,0,0,8.2,5.4,11.6,0.3,0,335,15.8,55.4,1013.7,132,-8.9
935,5/15/2016,2016,5,6,15,Käsebrötchen,57,0,0,0,0,0,1,0,0,7.6,4.9,11.8,1.1,0,289,10.4,38.9,1019.6,180,-0.6
937,5/16/2016,2016,5,0,16,Käsebrötchen,62,0,0,0,0,0,1,0,1,8.4,4.5,12.7,0.2,0,284,7.2,28.4,1020.4,126,0.8
939,5/17/2016,2016,5,1,17,Käsebrötchen,32,1,0,0,0,0,0,0,0,12,7.3,16.5,0,0,233,10.1,35.3,1017.3,102,3.6
941,5/18/2016,2016,5,2,18,Käsebrötchen,30,0,0,0,0,0,0,0,0,13.8,10.3,18.1,0.2,0,182,9.7,38.2,1009.9,120,1.8
943,5/19/2016,2016,5,3,19,Käsebrötchen,28,1,0,0,0,0,0,0,0,13.2,9.9,17.7,0.5,0,225,8.3,24.8,1011.7,342,-0.6
945,5/20/2016,2016,5,4,20,Käsebrötchen,27,0,0,0,0,0,0,0,0,13.3,9.8,17.3,0.4,0,216,11.9,34.9,1017.9,78,0.1
947,5/21/2016,2016,5,5,21,Käsebrötchen,35,0,0,0,0,0,0,0,0,17.6,11.5,22.2,0,0,177,13.7,36.7,1015.1,558,4.3
949,5/22/2016,2016,5,6,22,Käsebrötchen,57,0,0,0,0,0,0,0,0,17.6,14.2,21.3,6.3,0,185,12.6,36.4,1008.3,168,0
951,5/23/2016,2016,5,0,23,Käsebrötchen,35,0,0,0,0,0,0,0,0,11.8,9.6,14.2,11.3,0,223,13.3,42.5,1011.1,0,-5.8
953,5/24/2016,2016,5,1,24,Käsebrötchen,37,1,0,0,0,0,0,0,0,10.2,8.9,12.7,0,0,332,11.5,31.3,1016.8,6,-1.6
955,5/25/2016,2016,5,2,25,Käsebrötchen,35,0,0,0,0,0,0,0,0,12.4,8.9,17.2,0,0,247,5.8,20.2,1016,186,2.2
957,5/26/2016,2016,5,3,26,Käsebrötchen,110,0,0,0,0,0,0,0,1,16,9.3,21.4,0,0,172,6.5,28.8,1016.4,510,3.6
959,5/27/2016,2016,5,4,27,Käsebrötchen,29,0,0,0,0,0,0,0,0,17.2,13.2,21.5,0,0,58,9.7,25.6,1015.6,324,1.2
961,5/28/2016,2016,5,5,28,Käsebrötchen,37,0,0,0,0,0,0,0,0,18.7,12.9,23.7,0,0,33,6.8,23,1012.6,360,1.5
963,5/29/2016,2016,5,6,29,Käsebrötchen,54,0,0,0,0,0,0,0,0,17.2,14.2,21.3,7.3,0,56,14.4,37.8,1007.5,144,-1.5
965,5/30/2016,2016,5,0,30,Käsebrötchen,31,0,0,0,0,0,0,0,0,16.6,15,20.8,14.9,0,16,11.2,39.2,1003.9,54,-0.6
967,5/31/2016,2016,5,1,31,Käsebrötchen,32,1,0,0,0,0,0,0,0,17.3,14.1,20.8,11,0,137,12.6,36.7,1010,312,0.7
969,6/1/2016,2016,6,2,1,Käsebrötchen,31,0,0,0,0,0,0,0,0,17.2,14.2,21,13.1,0,280,7.6,30.2,1012.4,18,-0.1
971,6/2/2016,2016,6,3,2,Käsebrötchen,35,1,0,0,0,0,0,0,0,18.2,14.8,23.2,6.5,0,38,8.6,33.1,1010.8,318,1
973,6/3/2016,2016,6,4,3,Käsebrötchen,33,0,0,0,0,0,0,0,0,18.5,15.4,23.1,0,0,2,7.2,24.1,1012.1,198,0.3
975,6/4/2016,2016,6,5,4,Käsebrötchen,36,0,0,0,0,0,0,0,0,19.7,15.6,25.7,0.1,0,325,8.6,38.2,1013.3,480,1.2
977,6/5/2016,2016,6,6,5,Käsebrötchen,47,0,0,0,0,0,0,0,0,20.6,14.3,27,13,0,336,7.6,70.2,1017.3,618,0.9
979,6/6/2016,2016,6,0,6,Käsebrötchen,37,0,0,0,0,0,0,0,0,21.2,16.2,25.2,0,0,32,9.7,25.2,1020.4,588,0.6
981,6/7/2016,2016,6,1,7,Käsebrötchen,30,1,0,0,0,0,0,0,0,18.9,14.2,27.3,22.8,0,75,7.2,41.8,1021.7,432,-2.3
983,6/8/2016,2016,6,2,8,Käsebrötchen,36,0,0,0,0,0,0,0,0,17.4,12.7,22.2,0,0,346,9.4,29.5,1020.8,714,-1.5
985,6/9/2016,2016,6,3,9,Käsebrötchen,28,1,0,0,0,0,0,0,0,15.1,11.1,20.2,0,0,352,8.3,21.2,1019.5,528,-2.3
987,6/10/2016,2016,6,4,10,Käsebrötchen,38,0,0,0,0,0,0,0,0,16.2,10.3,21.2,0,0,343,6.8,20.2,1014.2,684,1.1
989,6/11/2016,2016,6,5,11,Käsebrötchen,36,0,0,0,0,0,0,0,0,17.2,13.9,21.5,0,0,66,8.3,20.5,1011,288,1
991,6/12/2016,2016,6,6,12,Käsebrötchen,59,0,0,0,0,0,0,0,0,15.9,14,19,6.4,0,210,5.4,16.9,1008.7,0,-1.3
993,6/13/2016,2016,6,0,13,Käsebrötchen,38,0,0,0,0,0,0,0,0,15.1,13.8,19.7,7.1,0,222,9.4,29.2,1002.3,102,-0.8
995,6/14/2016,2016,6,1,14,Käsebrötchen,35,1,0,0,0,0,0,0,0,15.4,13,19.4,0.2,0,221,11.5,28.8,999.8,180,0.3
997,6/15/2016,2016,6,2,15,Käsebrötchen,38,0,0,0,0,0,0,0,0,13.9,11.3,18.2,2.9,0,195,7.9,27.4,1000.3,150,-1.5
999,6/16/2016,2016,6,3,16,Käsebrötchen,35,1,0,0,0,0,0,0,0,14.7,10.6,20.7,10.9,0,171,6.5,28.4,1003,516,0.8
1001,6/17/2016,2016,6,4,17,Käsebrötchen,31,0,0,0,0,0,0,0,0,14,12.1,18.9,4.8,0,218,8.6,34.6,1006.9,84,-0.7
1003,6/18/2016,2016,6,5,18,Käsebrötchen,36,0,0,0,0,0,0,0,0,14,12.3,18.2,18.2,0,234,10.4,53.3,1016.1,126,0
1005,6/19/2016,2016,6,6,19,Käsebrötchen,66,0,0,0,0,0,0,0,0,13.9,10.8,18.2,0,0,275,7.9,26.3,1023.9,318,-0.1
1007,6/20/2016,2016,6,0,20,Käsebrötchen,39,0,0,0,0,0,0,0,0,15.2,10.7,19.8,11.3,0,188,13.7,40.3,1019,288,1.3
1009,6/21/2016,2016,6,1,21,Käsebrötchen,26,1,0,0,0,0,0,0,0,16.9,14.9,20.6,3.4,0,208,9,26.6,1019.5,30,1.7
1011,6/22/2016,2016,6,2,22,Käsebrötchen,33,0,0,0,0,0,0,0,0,19.8,15.9,24.2,0,0,200,8.3,20.5,1022.6,216,2.9
1013,6/23/2016,2016,6,3,23,Käsebrötchen,32,1,0,0,0,0,0,0,0,24.8,17.3,32.2,3.6,0,156,11.5,45.4,1017.9,684,5
1015,6/24/2016,2016,6,4,24,Käsebrötchen,25,0,0,0,0,0,0,0,0,21.2,18.4,24.5,1.3,0,327,9,26.3,1017.5,132,-3.6
1017,6/25/2016,2016,6,5,25,Käsebrötchen,39,0,0,0,0,0,0,0,0,15.4,12.1,18.4,35.2,0,314,9.4,28.8,1016,18,-5.8
1019,6/26/2016,2016,6,6,26,Käsebrötchen,65,0,0,0,0,0,0,0,0,14.1,11.5,19.5,6.6,0,223,10.8,33.1,1018,384,-1.3
1021,6/27/2016,2016,6,0,27,Käsebrötchen,35,0,0,0,0,0,0,0,0,14.3,11.2,16.7,5.4,0,217,11.2,37.4,1018.9,180,0.2
1023,6/28/2016,2016,6,1,28,Käsebrötchen,33,1,0,0,0,0,0,0,0,17.2,12.2,22.4,10.9,0,183,7.2,23,1016.5,420,2.9
1025,6/29/2016,2016,6,2,29,Käsebrötchen,37,0,0,0,0,0,0,0,0,16.7,13.4,20.6,0.8,0,219,14.4,47.2,1012.2,384,-0.5
1027,6/30/2016,2016,6,3,30,Käsebrötchen,47,1,0,0,0,0,0,0,0,16.9,14.2,19.8,0.2,0,207,11.5,33.8,1012.8,18,0.2
1029,7/1/2016,2016,7,4,1,Käsebrötchen,35,0,0,0,0,0,0,0,0,18.4,16,21.4,7.8,0,207,14.4,45,1012.9,30,1.5
1031,7/2/2016,2016,7,5,2,Käsebrötchen,34,0,0,0,0,0,0,0,0,14.5,11.2,18.8,0.7,0,232,14.8,45,1014.9,402,-3.9
1033,7/3/2016,2016,7,6,3,Käsebrötchen,39,0,0,0,0,0,0,0,0,14.5,10.7,18.8,4,0,225,11.2,37.8,1020.3,390,0
1035,7/4/2016,2016,7,0,4,Käsebrötchen,39,0,0,0,0,0,0,0,0,17.1,11.8,20.9,0,0,187,7.2,23.8,1020.2,492,2.6
1037,7/5/2016,2016,7,1,5,Käsebrötchen,32,1,0,0,0,0,0,0,0,16.4,10.9,20.6,0.4,0,236,12.6,43.2,1016.4,180,-0.7
1039,7/6/2016,2016,7,2,6,Käsebrötchen,36,0,0,0,0,0,0,0,0,15.2,10,20.7,0,0,276,9.4,29.9,1021.2,510,-1.2
1041,7/7/2016,2016,7,3,7,Käsebrötchen,38,1,0,0,0,0,0,0,0,16.8,9.9,22.3,0,0,182,5.8,22,1021.4,618,1.6
1043,7/8/2016,2016,7,4,8,Käsebrötchen,34,0,0,0,0,0,0,0,0,19.5,16.5,23.4,0,0,213,11.5,41.4,1016.5,174,2.7
1045,7/9/2016,2016,7,5,9,Käsebrötchen,39,0,0,0,0,0,0,0,0,19.7,16.5,24.3,0,0,237,11.2,29.9,1019,336,0.2
1047,7/10/2016,2016,7,6,10,Käsebrötchen,74,0,0,0,0,0,0,0,0,23.9,17.6,29.9,0,0,203,11.5,36,1011.7,648,4.2
1049,7/11/2016,2016,7,0,11,Käsebrötchen,42,0,0,0,0,0,0,0,0,19.7,16.5,23.9,0,0,244,14.4,46.8,1010.8,366,-4.2
1051,7/12/2016,2016,7,1,12,Käsebrötchen,39,1,0,0,0,0,0,0,0,17.5,13.3,22.2,0,0,233,11.5,31.3,1012.9,402,-2.2
1053,7/13/2016,2016,7,2,13,Käsebrötchen,34,0,0,0,0,0,0,0,0,14.7,11.4,18.3,0.8,0,240,10.1,28.4,1014.8,312,-2.8
1055,7/14/2016,2016,7,3,14,Käsebrötchen,49,1,1,0,0,0,0,0,0,14.1,9.3,18.8,0,0,307,10.4,37.8,1020.4,420,-0.6
1057,7/15/2016,2016,7,4,15,Käsebrötchen,43,0,1,0,0,0,0,0,0,15.9,10.4,20.6,0,0,271,8.3,31.3,1025.4,372,1.8
1059,7/16/2016,2016,7,5,16,Käsebrötchen,33,0,1,0,0,0,0,0,0,17.8,13.7,22,0,0,218,8.3,23.8,1024.8,12,1.9
1061,7/17/2016,2016,7,6,17,Käsebrötchen,75,0,1,0,0,0,0,0,0,20.1,16.8,23.2,0.3,0,256,9.4,27.7,1021.8,114,2.3
1063,7/18/2016,2016,7,0,18,Käsebrötchen,45,0,0,0,0,0,0,0,0,21.5,14.2,27.6,0,0,288,7.6,26.6,1021.9,696,1.4
1065,7/19/2016,2016,7,1,19,Käsebrötchen,21,1,0,0,0,0,0,0,0,24.6,17.4,30.1,0,0,109,7.2,19.1,1020.5,900,3.1
1067,7/20/2016,2016,7,2,20,Käsebrötchen,39,0,0,0,0,0,0,0,0,26.5,18.8,33.5,0,0,126,13,39.2,1014,732,1.9
1069,7/21/2016,2016,7,3,21,Käsebrötchen,37,1,0,0,0,0,0,0,0,24.2,19.7,29.2,0,0,241,8.3,24.5,1014.7,564,-2.3
1071,7/22/2016,2016,7,4,22,Käsebrötchen,30,0,0,0,0,0,0,0,0,22.6,19.4,26.7,0,0,34,9.7,33.5,1016.6,504,-1.6
1073,7/23/2016,2016,7,5,23,Käsebrötchen,33,0,0,0,0,0,0,0,0,21.5,18,24.5,0,0,66,8.3,20.2,1018.3,120,-1.1
1075,7/24/2016,2016,7,6,24,Käsebrötchen,66,0,0,0,0,0,0,0,0,22.3,16.1,27.3,0,0,0,5.8,20.2,1019.3,600,0.8
1077,7/25/2016,2016,7,0,25,Käsebrötchen,32,0,0,0,0,0,0,0,0,21.8,17.7,25.8,0,0,262,7.9,25.9,1019.4,306,-0.5
1079,7/26/2016,2016,7,1,26,Käsebrötchen,36,1,0,0,0,0,0,0,0,19.4,16.4,22.8,0,0,296,5.4,14.4,1020.6,150,-2.4
1081,7/27/2016,2016,7,2,27,Käsebrötchen,31,0,0,0,0,0,0,0,0,19.1,15.7,23.7,0.4,0,221,11.2,35.6,1017.6,396,-0.3
1083,7/28/2016,2016,7,3,28,Käsebrötchen,37,1,0,0,0,0,0,0,0,18.9,16.4,22.3,1.3,0,203,9.4,29.9,1015.3,120,-0.2
1085,7/29/2016,2016,7,4,29,Käsebrötchen,30,0,0,0,0,0,0,0,0,18.3,14.8,22.9,0.2,0,227,10.8,34.2,1013.1,96,-0.6
1087,7/30/2016,2016,7,5,30,Käsebrötchen,36,0,0,0,0,0,0,0,0,18.5,15.7,23.9,0,0,240,9.4,30.2,1013.3,282,0.2
1089,7/31/2016,2016,7,6,31,Käsebrötchen,53,0,0,0,0,0,0,0,0,16.3,12.6,19.7,12.3,0,258,6.1,42.1,1015,96,-2.2
1091,8/1/2016,2016,8,0,1,Käsebrötchen,34,0,0,0,0,0,0,0,0,15.8,11.3,22.3,8.3,0,243,7.2,39.2,1019,228,-0.5
1093,8/2/2016,2016,8,1,2,Käsebrötchen,31,1,0,0,0,0,0,0,0,15.3,12.9,17.1,12.7,0,211,10.8,40,1015.1,0,-0.5
1095,8/3/2016,2016,8,2,3,Käsebrötchen,37,0,0,0,0,0,0,0,0,17.8,16.4,18.6,10.3,0,216,17.3,41,1011.8,0,2.5
1097,8/4/2016,2016,8,3,4,Käsebrötchen,33,1,0,0,0,0,0,0,0,16.8,15.2,18.8,0,0,225,14,36,1012.1,102,-1
1099,8/5/2016,2016,8,4,5,Käsebrötchen,31,0,0,0,0,0,0,0,0,16.4,13.4,20.9,2,0,232,9.7,41,1018.7,210,-0.4
1101,8/6/2016,2016,8,5,6,Käsebrötchen,32,0,0,0,0,0,0,1,0,16.7,11.8,22.1,0.2,0,245,8.6,36,1026.2,228,0.3
1103,8/7/2016,2016,8,6,7,Käsebrötchen,55,0,0,0,0,0,0,0,0,19.2,10.7,24.8,0,0,221,11.5,36.4,1025.7,570,2.5
1105,8/8/2016,2016,8,0,8,Käsebrötchen,38,0,0,0,0,0,0,0,0,17.5,12.9,20.6,1.1,0,244,13.3,48.6,1020.3,228,-1.7
1107,8/9/2016,2016,8,1,9,Käsebrötchen,35,1,0,0,0,0,0,0,0,13.9,10.2,18.2,5.2,0,275,7.6,36.4,1021.9,312,-3.6
1109,8/10/2016,2016,8,2,10,Käsebrötchen,31,0,0,0,0,0,0,0,0,12.2,8.5,15.8,1.8,0,269,7.6,36.7,1022.5,318,-1.7
1111,8/11/2016,2016,8,3,11,Käsebrötchen,33,1,0,0,0,0,0,0,0,11.5,7.2,16,10.8,0,208,11.9,47.5,1022.7,0,-0.7
1113,8/12/2016,2016,8,4,12,Käsebrötchen,26,0,0,0,0,0,0,0,0,17.4,14.1,21.3,0.6,0,237,11.9,31,1022.9,18,5.9
1115,8/13/2016,2016,8,5,13,Käsebrötchen,30,0,0,0,0,0,0,0,0,18.4,15.6,21.5,0,0,237,11.2,36.7,1022.6,414,1
1117,8/14/2016,2016,8,6,14,Käsebrötchen,43,0,0,0,0,0,0,0,0,17.9,14.3,22.3,0,0,307,6.8,21.2,1023.8,216,-0.5
1119,8/15/2016,2016,8,0,15,Käsebrötchen,35,0,0,0,0,0,0,0,0,17.4,13.4,21.9,0,0,45,11.2,27.4,1023.9,600,-0.5
1121,8/16/2016,2016,8,1,16,Käsebrötchen,37,1,0,0,0,0,0,0,0,17.1,11.6,22.3,0,0,52,12.2,29.2,1019,786,-0.3
1123,8/17/2016,2016,8,2,17,Käsebrötchen,30,0,0,0,0,0,0,0,0,18.3,11.9,23.8,0,0,69,11.9,25.9,1014.3,822,1.2
1125,8/18/2016,2016,8,3,18,Käsebrötchen,32,1,0,0,0,0,0,0,0,19.5,11.9,25.6,0,0,60,8.6,23.8,1010,786,1.2
1127,8/19/2016,2016,8,4,19,Käsebrötchen,29,0,0,0,0,1,0,0,0,19.7,12,25.8,3.1,0,136,7.2,25.9,1010.1,522,0.2
1129,8/20/2016,2016,8,5,20,Käsebrötchen,35,0,0,0,0,1,0,0,0,18.2,14,22.8,3.7,0,220,11.9,44.3,1012.4,312,-1.5
1131,8/21/2016,2016,8,6,21,Käsebrötchen,55,0,0,0,0,1,0,0,0,15.7,13.7,18.8,6.4,0,216,13.7,42.1,1018.1,90,-2.5
1133,8/22/2016,2016,8,0,22,Käsebrötchen,45,0,0,0,0,1,0,0,0,16.5,13.7,21.2,0.9,0,213,10.4,25.6,1025.5,96,0.8
1135,8/23/2016,2016,8,1,23,Käsebrötchen,31,1,0,0,0,1,0,0,0,21.1,14.4,27.4,0,0,178,7.2,18.4,1026.3,792,4.6
1137,8/24/2016,2016,8,2,24,Käsebrötchen,31,0,0,0,0,1,0,0,0,23.9,17.9,30,0,0,132,11.5,32.8,1021.8,792,2.8
1139,8/25/2016,2016,8,3,25,Käsebrötchen,28,1,0,0,0,1,0,0,0,26.4,21.3,31.1,0,0,150,14,38.5,1016.5,792,2.5
1141,8/26/2016,2016,8,4,26,Käsebrötchen,37,0,0,0,0,1,0,1,0,26.3,21.6,31.8,0,0,218,10.1,27,1016.3,744,-0.1
1143,8/27/2016,2016,8,5,27,Käsebrötchen,27,0,0,0,0,1,0,0,0,24.4,18.3,30.5,1.4,0,60,13.3,55.8,1017.2,654,-1.9
1145,8/28/2016,2016,8,6,28,Käsebrötchen,61,0,0,0,0,1,0,0,0,23.6,17.3,30.1,0,0,213,10.8,42.1,1013.9,522,-0.8
1147,8/29/2016,2016,8,0,29,Käsebrötchen,49,0,0,0,0,1,0,0,0,17.5,14.4,21.3,2.3,0,269,9,24.5,1020.1,168,-6.1
1149,8/30/2016,2016,8,1,30,Käsebrötchen,43,1,0,0,0,1,0,0,0,18.1,12.4,23.2,0,0,77,8.3,22.3,1025.5,756,0.6
1151,8/31/2016,2016,8,2,31,Käsebrötchen,35,0,0,0,0,1,0,0,0,19.6,13.1,25.5,0,0,173,7.6,29.2,1021.1,744,1.5
1153,9/1/2016,2016,9,3,1,Käsebrötchen,25,1,0,0,0,1,0,0,0,18.6,13.4,23.3,0,0,245,7.9,25.6,1022.5,378,-1
1155,9/2/2016,2016,9,4,2,Käsebrötchen,33,0,0,0,0,1,0,0,0,18.7,13.9,23.4,0,0,215,9.7,36,1020.6,546,0.1
1157,9/3/2016,2016,9,5,3,Käsebrötchen,34,0,0,0,0,1,0,0,0,18.4,14.4,23.1,1.2,0,232,8.6,27.4,1017.6,252,-0.3
1159,9/4/2016,2016,9,6,4,Käsebrötchen,59,0,0,0,0,1,0,0,0,17.7,14.6,20.7,19.6,0,228,14.8,45.7,1012.4,78,-0.7
1161,9/5/2016,2016,9,0,5,Käsebrötchen,25,0,0,0,0,0,0,0,0,16.9,14.4,21.1,0,0,271,7.6,28.4,1020,156,-0.8
1163,9/6/2016,2016,9,1,6,Käsebrötchen,29,1,0,0,0,0,0,0,0,19.3,14,24.9,0,0,172,6.5,24.1,1025.9,732,2.4
1165,9/7/2016,2016,9,2,7,Käsebrötchen,25,0,0,0,0,0,0,0,0,20.8,15,25.9,0,0,104,7.6,23.4,1020.4,738,1.5
1167,9/8/2016,2016,9,3,8,Käsebrötchen,14,1,0,0,0,0,0,0,0,21.7,14.5,27,0,0,185,10.4,30.6,1012.8,720,0.9
1169,9/9/2016,2016,9,4,9,Käsebrötchen,31,0,0,0,0,0,0,0,0,18,13.9,22.8,0,0,252,6.5,21.2,1018.5,480,-3.7
1171,9/10/2016,2016,9,5,10,Käsebrötchen,34,0,0,0,0,0,0,0,0,20.2,13.5,26.4,0,0,14,4,20.9,1016.5,696,2.2
1173,9/11/2016,2016,9,6,11,Käsebrötchen,54,0,0,0,0,0,0,0,0,19.8,16.4,23.8,0,0,189,5.8,16.9,1018.1,264,-0.4
1175,9/12/2016,2016,9,0,12,Käsebrötchen,34,0,0,0,0,0,0,0,0,23.2,16.1,29.9,0,0,135,5.4,16.9,1016.8,642,3.4
1177,9/13/2016,2016,9,1,13,Käsebrötchen,32,1,0,0,0,0,0,0,0,25.5,19.7,31.6,0,0,123,7.9,23.8,1014.1,702,2.3
1179,9/14/2016,2016,9,2,14,Käsebrötchen,25,0,0,0,0,0,0,0,0,25.9,19.8,31.4,0,0,116,10.1,31.7,1012.8,696,0.4
1181,9/15/2016,2016,9,3,15,Käsebrötchen,34,1,0,0,0,0,0,0,0,23.4,16.1,30.2,1.6,0,115,12.6,37.4,1010.8,624,-2.5
1183,9/16/2016,2016,9,4,16,Käsebrötchen,27,0,0,0,0,0,0,1,0,17.4,15.1,21.1,0,0,203,9,32.8,1013.6,210,-6
1185,9/17/2016,2016,9,5,17,Käsebrötchen,39,0,0,0,0,0,0,0,0,16.9,14.5,20.5,0.8,0,292,7.2,21.6,1015.9,108,-0.5
1187,9/18/2016,2016,9,6,18,Käsebrötchen,57,0,0,0,0,0,0,0,0,16,14.4,18.4,0,0,8,11.9,28.8,1016.9,72,-0.9
1189,9/19/2016,2016,9,0,19,Käsebrötchen,32,0,0,0,0,0,0,0,0,14.7,12.7,18.1,0,0,14,7.6,20.9,1019.6,24,-1.3
1191,9/20/2016,2016,9,1,20,Käsebrötchen,29,1,0,0,0,0,0,0,0,14.9,11.7,18.3,0.1,0,67,4.3,14.4,1019.8,0,0.2
1193,9/21/2016,2016,9,2,21,Käsebrötchen,33,0,0,0,0,0,0,0,0,15.8,12.3,20.3,0,0,101,5.8,20.9,1020.4,636,0.9
1195,9/22/2016,2016,9,3,22,Käsebrötchen,31,1,0,0,0,0,0,0,0,15.5,10.4,20.5,0,0,161,5.4,25.9,1021.8,522,-0.3
1197,9/23/2016,2016,9,4,23,Käsebrötchen,34,0,0,0,0,0,0,1,0,15.9,11.5,20.7,0,0,233,7.2,22,1024.8,276,0.4
1199,9/24/2016,2016,9,5,24,Käsebrötchen,43,0,0,0,0,0,0,0,0,16.9,10.7,23.3,0,0,148,10.1,31.7,1023.7,660,1
1201,9/25/2016,2016,9,6,25,Käsebrötchen,61,0,0,0,0,0,0,0,0,18.5,12.1,25.9,0,0,179,12.6,41.8,1018.5,624,1.6
1203,9/26/2016,2016,9,0,26,Käsebrötchen,42,0,0,0,0,0,0,0,0,14.9,10.2,20.4,0,0,260,5.8,16.2,1024,462,-3.6
1205,9/27/2016,2016,9,1,27,Käsebrötchen,29,1,0,0,0,0,0,0,0,15.5,9.6,21.4,0,0,241,4.7,20.9,1026.2,636,0.6
1207,9/28/2016,2016,9,2,28,Käsebrötchen,32,0,0,0,0,0,0,0,0,17.4,14.4,21.4,0,0,222,15.5,35.3,1024.8,258,1.9
1209,9/29/2016,2016,9,3,29,Käsebrötchen,31,1,0,0,0,0,0,0,0,17.7,13.5,21.3,2.8,0,221,18.4,50,1017.2,210,0.3
1211,9/30/2016,2016,9,4,30,Käsebrötchen,38,0,0,0,0,0,0,0,0,14.2,11,17.3,0.1,0,224,10.8,34.6,1014.5,234,-3.5
1213,10/1/2016,2016,10,5,1,Käsebrötchen,39,0,0,0,0,0,0,0,0,13.3,10.4,16.9,3.6,0,174,7.6,42.5,1009.8,108,-0.9
1215,10/2/2016,2016,10,6,2,Käsebrötchen,54,0,0,0,0,0,0,0,0,11.4,9.7,13.5,3,0,216,13.7,43.9,1012.1,102,-1.9
1217,10/3/2016,2016,10,0,3,Käsebrötchen,67,0,0,0,0,0,0,0,1,13,10.5,16.7,1.9,0,310,8.6,29.9,1024.8,264,1.6
1219,10/4/2016,2016,10,1,4,Käsebrötchen,34,1,0,0,0,0,0,0,0,12.2,8.9,16.7,0,0,67,12.6,39.6,1033.1,306,-0.8
1221,10/5/2016,2016,10,2,5,Käsebrötchen,23,0,0,0,0,0,0,0,0,9.4,6.1,13.4,0,0,0,0,42.1,1033,582,-2.8
1223,10/6/2016,2016,10,3,6,Käsebrötchen,31,1,0,0,0,0,0,0,0,8.2,4.9,10.1,0,0,41,13.7,35.6,1025.2,24,-1.2
1225,10/7/2016,2016,10,4,7,Käsebrötchen,33,0,0,0,0,0,0,0,0,11.2,9.8,14.3,0,0,38,13.3,32,1021.6,30,3
1227,10/8/2016,2016,10,5,8,Käsebrötchen,38,0,0,0,0,0,0,0,0,9.9,7.4,14.1,0,0,42,11.5,36.7,1024.3,318,-1.3
1229,10/9/2016,2016,10,6,9,Käsebrötchen,60,0,0,0,0,0,0,0,0,8.8,5.7,12.9,0.8,0,17,6.1,21.2,1025.8,276,-1.1
1231,10/10/2016,2016,10,0,10,Käsebrötchen,34,0,0,0,0,0,0,0,0,8.1,5.4,11.8,0.1,0,159,6.1,16.9,1024.3,102,-0.7
1233,10/11/2016,2016,10,1,11,Käsebrötchen,32,1,0,0,0,0,0,0,0,7.6,3.1,11.7,1.4,0,44,6.8,19.4,1021.9,114,-0.5
1235,10/12/2016,2016,10,2,12,Käsebrötchen,34,0,0,0,0,0,0,0,0,7.8,6.9,9.1,0,0,58,11.5,32.4,1020.6,0,0.2
1236,10/13/2016,2016,10,3,13,Käsebrötchen,37,1,0,0,0,0,0,0,0,8,5.6,11,0,0,80,13.7,36.7,1016.9,168,0.2
1238,10/14/2016,2016,10,4,14,Käsebrötchen,28,0,0,0,0,0,0,1,0,9.3,5.9,13.6,0.3,0,81,11.5,33.5,1008.9,30,1.3
1240,10/15/2016,2016,10,5,15,Käsebrötchen,52,0,0,0,0,0,0,0,0,11.2,8.6,15.2,0.6,0,184,10.4,36.7,1011.9,84,1.9
1242,10/16/2016,2016,10,6,16,Käsebrötchen,53,0,0,0,0,0,0,0,0,12.9,6.6,18.7,0,0,150,13,34.9,1020.2,570,1.7
1244,10/17/2016,2016,10,0,17,Käsebrötchen,23,0,0,0,0,0,0,0,0,13,9.8,14.4,0,0,195,9,27,1021.5,54,0.1
1246,10/18/2016,2016,10,1,18,Käsebrötchen,32,1,0,0,0,0,0,0,0,10.9,8.6,14.5,6.2,0,208,11.5,41.4,1020.3,234,-2.1
1248,10/19/2016,2016,10,2,19,Käsebrötchen,32,0,0,0,0,0,0,0,0,7.5,6.3,10.3,14.5,0,244,14,55.1,1014.3,6,-3.4
1250,10/20/2016,2016,10,3,20,Käsebrötchen,27,1,0,0,0,0,0,0,0,7,5.9,8.2,1.8,0,212,5.8,17.6,1013.9,0,-0.5
1252,10/21/2016,2016,10,4,21,Käsebrötchen,45,0,0,0,0,0,0,0,0,6.8,5.4,7.9,6.2,0,311,7.9,22.3,1015.5,48,-0.2
1254,10/22/2016,2016,10,5,22,Käsebrötchen,38,0,0,0,0,0,0,0,0,7.1,3,9.1,0,0,353,7.6,22.7,1014.6,42,0.3
1256,10/23/2016,2016,10,6,23,Käsebrötchen,50,0,0,0,0,0,0,0,0,5.8,0.6,9.8,0,0,80,6.1,20.5,1014,366,-1.3
1258,10/24/2016,2016,10,0,24,Käsebrötchen,30,0,0,0,0,0,0,0,0,7.9,6.1,9.7,5,0,80,6.5,20.9,1013.8,0,2.1
1260,10/25/2016,2016,10,1,25,Käsebrötchen,29,1,0,0,0,0,0,0,0,8.6,7.9,10.3,0,0,273,4.7,20.9,1023.2,0,0.7
1262,10/26/2016,2016,10,2,26,Käsebrötchen,35,0,0,0,0,0,0,0,0,9.1,7.9,11.1,0,0,261,4.7,19.8,1029.5,54,0.5
1264,10/27/2016,2016,10,3,27,Käsebrötchen,37,1,0,0,0,0,0,0,0,10.5,8.8,12.2,0,0,217,10.8,25.6,1032.7,0,1.4
1266,10/28/2016,2016,10,4,28,Käsebrötchen,27,0,0,0,0,0,0,0,0,11.6,10.6,12.3,1.3,0,234,12.2,31,1033.2,0,1.1
1268,10/29/2016,2016,10,5,29,Käsebrötchen,39,0,0,0,0,0,0,0,0,10.5,6.9,13.4,0,0,319,5.8,24.8,1034.5,420,-1.1
1270,10/30/2016,2016,10,6,30,Käsebrötchen,37,0,0,0,0,0,0,1,0,9.9,6.1,14,0,0,148,5,16.6,1031.7,378,-0.6
1272,10/31/2016,2016,10,0,31,Käsebrötchen,32,0,0,0,0,0,0,0,0,10.4,6.6,15.4,0,0,131,7.9,26.3,1028.8,504,0.5
1274,11/1/2016,2016,11,1,1,Käsebrötchen,71,0,0,0,0,0,0,0,1,10,6.3,13.1,0.7,0,221,8.6,42.5,1021.4,306,-0.4
1276,11/2/2016,2016,11,2,2,Käsebrötchen,28,0,0,0,0,0,0,0,0,6.8,5.3,9.4,0.2,0,259,8.6,31.3,1019.5,132,-3.2
1278,11/3/2016,2016,11,3,3,Käsebrötchen,28,1,0,0,0,0,0,0,0,6.5,5.2,8.2,0,0,222,9,21.2,1021.7,0,-0.3
1280,11/4/2016,2016,11,4,4,Käsebrötchen,30,0,0,0,0,0,0,0,0,6.8,5.3,9.8,3.3,0,179,10.1,30.2,1013.2,66,0.3
1282,11/5/2016,2016,11,5,5,Käsebrötchen,24,0,0,0,0,0,0,0,0,6.9,5.6,8.7,0.1,0,223,11.2,31,1001.6,24,0.1
1284,11/6/2016,2016,11,6,6,Käsebrötchen,47,0,0,0,0,0,0,0,0,5.2,4.1,6.6,1.7,0,231,14.4,44.6,1000.3,30,-1.7
1286,11/7/2016,2016,11,0,7,Käsebrötchen,29,0,0,0,0,0,0,0,0,4.2,1.7,5.1,3.6,0,225,6.8,24.5,1006.4,0,-1
1288,11/8/2016,2016,11,1,8,Käsebrötchen,27,1,0,0,0,0,0,0,0,1.7,-0.3,3.4,1.8,0,316,7.2,21.2,1009.9,24,-2.5
1290,11/9/2016,2016,11,2,9,Käsebrötchen,35,0,0,0,0,0,0,0,0,2.3,0.6,4.1,7.7,0,142,11.9,31.7,1003.2,0,0.6
1292,11/10/2016,2016,11,3,10,Käsebrötchen,29,1,0,0,0,0,0,0,0,4.1,1.9,6.2,9,0,215,7.2,24.1,1005.7,0,1.8
1294,11/11/2016,2016,11,4,11,Käsebrötchen,29,0,0,0,0,0,0,0,0,2.8,-0.3,5.4,0,0,38,11.9,35.3,1017.8,6,-1.3
1296,11/12/2016,2016,11,5,12,Käsebrötchen,27,0,0,0,0,0,0,0,0,1.3,-1.5,3.9,0,0,130,12.6,32,1025,384,-1.5
1298,11/13/2016,2016,11,6,13,Käsebrötchen,55,0,0,0,0,0,0,0,0,3.1,0.2,5.3,0,0,144,12.2,31.3,1026.6,0,1.8
1300,11/14/2016,2016,11,0,14,Käsebrötchen,26,0,0,0,0,0,0,0,0,2.1,-0.5,4,0.8,0,165,14.4,37.8,1032.4,114,-1
1302,11/15/2016,2016,11,1,15,Käsebrötchen,24,1,0,0,0,0,0,0,0,6,2.9,9.6,11.7,0,198,14,39.6,1025.5,0,3.9
1304,11/16/2016,2016,11,2,16,Käsebrötchen,30,0,0,0,0,0,0,0,0,10.9,9.5,12.3,14.7,0,223,15.8,41,1016.2,0,4.9
1306,11/17/2016,2016,11,3,17,Käsebrötchen,34,1,0,0,0,0,0,0,0,10.2,8.7,12.1,3.5,0,220,19.4,50.4,1004.9,72,-0.7
1308,11/18/2016,2016,11,4,18,Käsebrötchen,25,0,0,0,0,0,0,1,0,7,4.2,11.9,5,0,218,16.2,62.6,999.1,54,-3.2
1310,11/19/2016,2016,11,5,19,Käsebrötchen,34,0,0,0,0,0,0,0,0,5.7,4.4,7.6,0.2,0,197,14.8,41.4,1006.3,66,-1.3
1312,11/20/2016,2016,11,6,20,Käsebrötchen,57,0,0,0,0,0,0,0,0,9.5,4.9,13.6,1.6,0,179,28.1,79.2,998.2,0,3.8
1314,11/21/2016,2016,11,0,21,Käsebrötchen,34,0,0,0,0,0,0,0,0,12.8,11.2,14.4,5,0,166,23.4,60.8,1000.8,0,3.3
1316,11/22/2016,2016,11,1,22,Käsebrötchen,32,1,0,0,0,0,0,0,0,11.4,9.7,12.9,0.2,0,167,15.1,54.4,1009.9,84,-1.4
1318,11/23/2016,2016,11,2,23,Käsebrötchen,29,0,0,0,0,0,0,0,0,9.9,7.7,12,0,0,74,7.6,27.4,1017.9,24,-1.5
1320,11/24/2016,2016,11,3,24,Käsebrötchen,26,1,0,0,0,0,0,0,0,7.4,4.5,8.8,0,0,55,20.5,55.8,1021.4,48,-2.5
1322,11/25/2016,2016,11,4,25,Käsebrötchen,34,0,0,0,0,0,0,0,0,4.2,1.8,7.6,0,0,65,16.9,45.7,1021.7,456,-3.2
1324,11/26/2016,2016,11,5,26,Käsebrötchen,37,0,0,0,0,0,0,0,0,3.7,0.4,9.9,0.6,0,69,5.8,16.2,1020.4,168,-0.5
1326,11/27/2016,2016,11,6,27,Käsebrötchen,44,0,0,0,0,0,0,0,0,3.9,0.4,7,0.1,0,293,6.8,23.8,1021.8,18,0.2
1328,11/28/2016,2016,11,0,28,Käsebrötchen,31,0,0,0,0,0,0,0,0,0.1,-1.9,2.6,0,0,64,10.1,33.8,1031.3,426,-3.8
1330,11/29/2016,2016,11,1,29,Käsebrötchen,30,1,0,0,0,0,0,0,0,-0.8,-4.8,3.2,0,0,111,6.1,19.1,1035.4,462,-0.9
1332,11/30/2016,2016,11,2,30,Käsebrötchen,22,0,0,0,0,0,0,0,0,0.5,-2.7,2.7,0,0,212,11.9,30.2,1033.1,336,1.3
1334,12/1/2016,2016,12,3,1,Käsebrötchen,23,1,0,0,0,0,0,0,0,4.2,2.2,6.6,1.3,0,240,12.2,33.5,1027,0,3.7
1336,12/2/2016,2016,12,4,2,Käsebrötchen,29,0,0,0,0,0,0,0,0,6,1.2,7.7,1.6,0,335,8.3,27.4,1023.6,48,1.8
1338,12/3/2016,2016,12,5,3,Käsebrötchen,27,0,0,0,1,0,0,0,0,2.2,-0.7,6,0,0,72,5,16.2,1027,444,-3.8
1340,12/4/2016,2016,12,6,4,Käsebrötchen,57,0,0,0,0,0,0,0,0,0.1,-3.8,4.7,0,0,94,6.8,18.7,1028.3,450,-2.1
1342,12/5/2016,2016,12,0,5,Käsebrötchen,28,0,0,0,0,0,0,0,0,1.6,-2.2,5.4,0,0,153,5.8,15.5,1027.5,450,1.5
1344,12/6/2016,2016,12,1,6,Käsebrötchen,33,1,0,0,0,0,0,0,0,2.7,-1.9,6.4,0,0,179,6.1,18.4,1031.1,432,1.1
1346,12/7/2016,2016,12,2,7,Käsebrötchen,36,0,0,0,0,0,0,0,0,5.9,3.7,8.3,0,0,184,10.8,28.1,1031.6,24,3.2
1348,12/8/2016,2016,12,3,8,Käsebrötchen,28,1,0,0,0,0,0,0,0,7.2,5.6,9.3,0.1,0,192,13,32.4,1029.5,156,1.3
1350,12/9/2016,2016,12,4,9,Käsebrötchen,29,0,0,0,0,0,0,0,0,8.6,6.2,10.8,0,0,214,14,34.6,1028.7,0,1.4
1352,12/10/2016,2016,12,5,10,Käsebrötchen,31,0,0,0,0,0,0,1,0,7.7,6.2,9.4,6.6,0,211,13.7,33.1,1023.7,78,-0.9
1354,12/11/2016,2016,12,6,11,Käsebrötchen,51,0,0,0,0,0,0,0,0,7.6,6.8,9.2,1.1,0,253,15.5,56.2,1020.4,0,-0.1
1356,12/12/2016,2016,12,0,12,Käsebrötchen,31,0,0,0,0,0,0,0,0,6.5,5.5,7.1,0,0,249,6.5,23.4,1026,0,-1.1
1358,12/13/2016,2016,12,1,13,Käsebrötchen,31,1,0,0,0,0,0,0,0,5.7,4.8,6.5,1.2,0,182,9.4,25.2,1024.7,0,-0.8
1360,12/14/2016,2016,12,2,14,Käsebrötchen,31,0,0,0,0,0,0,0,0,7.3,6,9.3,0,0,168,7.6,20.5,1024.8,0,1.6
1362,12/15/2016,2016,12,3,15,Käsebrötchen,29,1,0,0,0,0,0,0,0,6.7,4.7,8.1,0,0,153,14.8,35.6,1026.2,42,-0.6
1364,12/16/2016,2016,12,4,16,Käsebrötchen,31,0,0,0,0,0,0,0,0,3.8,1.3,6,0,0,164,15.8,34.6,1029.5,402,-2.9
1366,12/17/2016,2016,12,5,17,Käsebrötchen,36,0,0,0,0,0,0,0,0,4.3,1.5,5.7,0.2,0,207,8.3,23.4,1037.5,0,0.5
1368,12/18/2016,2016,12,6,18,Käsebrötchen,53,0,0,0,0,0,0,0,0,5.5,4.5,6.5,0,0,241,6.1,21.6,1035.9,0,1.2
1370,12/19/2016,2016,12,0,19,Käsebrötchen,24,0,0,0,0,0,0,0,0,4,-0.2,6.8,0,0,104,7.6,27.4,1029.6,408,-1.5
1372,12/20/2016,2016,12,1,20,Käsebrötchen,24,1,0,0,0,0,0,0,0,1.3,-2.6,4.9,0,0,104,7.6,26.3,1024.6,414,-2.7
1374,12/21/2016,2016,12,2,21,Käsebrötchen,31,0,0,0,0,0,0,0,0,2.2,0.4,5,5.4,0,182,14.4,42.1,1026.8,312,0.9
1376,12/22/2016,2016,12,3,22,Käsebrötchen,38,1,0,0,0,0,0,0,0,4.2,2.8,5.2,3,0,196,11.2,32.8,1029.4,0,2
1378,12/23/2016,2016,12,4,23,Käsebrötchen,34,0,0,0,0,0,0,0,0,4.9,3.2,6.6,3,0,196,14,50.4,1032,48,0.7
1380,12/24/2016,2016,12,5,24,Käsebrötchen,33,0,0,0,0,0,0,0,0,6.7,4.8,8.1,0.9,0,231,18.4,46.1,1025.5,48,1.8
4328,12/25/2016,2016,12,6,24,Käsebrötchen,0,0,0,0,0,0,0,0,1,8,6.8,9.2,2.5,0,235,21.2,51.8,1024.7,0,1.3
1382,12/26/2016,2016,12,0,26,Käsebrötchen,62,0,0,0,0,0,0,0,1,7,3.1,9.8,6.4,0,244,18,51.5,1028.4,48,-1
1384,12/27/2016,2016,12,1,27,Käsebrötchen,29,1,0,0,0,0,0,0,0,4.5,2.6,7.4,0,0,256,10.8,30.6,1041,282,-2.5
1386,12/28/2016,2016,12,2,28,Käsebrötchen,30,0,0,0,0,0,0,0,0,4.4,2.7,5.7,0,0,242,5,15.8,1045,60,-0.1
1388,12/29/2016,2016,12,3,29,Käsebrötchen,28,1,0,0,0,0,0,0,0,2.9,-0.8,6.2,0,0,137,12.2,29.5,1040.7,438,-1.5
1390,12/30/2016,2016,12,4,30,Käsebrötchen,38,0,0,0,0,0,0,0,0,2.7,0.7,5.9,0,0,197,9.4,28.4,1037.8,444,-0.2
1392,12/31/2016,2016,12,5,31,Käsebrötchen,13,0,0,0,0,0,0,0,0,0,-2.5,1.7,0,0,205,10.1,24.8,1032.7,78,-2.7
1394,1/1/2017,2017,1,6,1,Käsebrötchen,41,0,0,0,0,0,0,0,1,-0.9,-3.6,0.8,4.5,0,199,14,31.7,1021,258,-0.9
1395,1/2/2017,2017,1,0,2,Käsebrötchen,32,0,0,0,0,0,0,0,0,0.6,-0.4,3.6,0.4,40,251,8.6,27.7,1023,120,1.5
1397,1/3/2017,2017,1,1,3,Käsebrötchen,26,1,0,0,0,0,0,0,0,1.2,-0.4,2.7,3.6,0,235,16.6,44.3,1023.9,0,0.6
1399,1/4/2017,2017,1,2,4,Käsebrötchen,28,0,0,0,0,0,0,0,0,3.5,0.3,5,2,0,284,17.3,48.6,1015.9,78,2.3
1401,1/5/2017,2017,1,3,5,Käsebrötchen,26,1,0,0,0,0,0,0,0,-0.9,-4.5,0.7,0,0,10,10.4,33.5,1031.6,420,-4.4
1403,1/6/2017,2017,1,4,6,Käsebrötchen,31,0,0,0,0,0,0,0,0,-4.5,-7.2,-1.9,0,0,139,8.3,24.8,1040.7,414,-3.6
1405,1/7/2017,2017,1,5,7,Käsebrötchen,31,0,0,0,0,0,0,0,0,-3.1,-4.9,-0.1,1.9,0,198,12.6,34.6,1032.9,0,1.4
1407,1/8/2017,2017,1,6,8,Käsebrötchen,59,0,0,0,0,0,0,0,0,1.5,-0.1,3.2,0,0,227,4.7,14,1031.4,0,4.6
1409,1/9/2017,2017,1,0,9,Käsebrötchen,32,0,0,0,0,0,0,0,0,2.5,1.1,4.3,2.8,0,181,11.5,40.3,1023.9,12,1
1411,1/10/2017,2017,1,1,10,Käsebrötchen,31,1,0,0,0,0,0,0,0,2.6,1.4,3.8,0.4,0,185,12.6,43.6,1010.7,6,0.1
1413,1/11/2017,2017,1,2,11,Käsebrötchen,27,0,0,0,0,0,0,0,0,4.6,2.5,7.6,6.3,0,223,16.6,61.9,1007.9,0,2
1415,1/12/2017,2017,1,3,12,Käsebrötchen,33,1,0,0,0,0,0,0,0,4,2.2,5.8,11.1,0,222,19.4,52.9,1004.8,144,-0.6
1417,1/13/2017,2017,1,4,13,Käsebrötchen,34,0,0,0,0,0,0,0,0,1.3,-0.1,4.5,3.8,0,248,17.6,57.6,997.1,18,-2.7
1419,1/14/2017,2017,1,5,14,Käsebrötchen,32,0,0,0,0,0,0,0,0,1.3,-0.5,3.2,2.6,0,275,13,41,1011.8,102,0
1421,1/15/2017,2017,1,6,15,Käsebrötchen,50,0,0,0,0,0,0,0,0,-0.2,-1.9,1.2,0.7,0,250,8.3,23.4,1020.9,168,-1.5
1423,1/16/2017,2017,1,0,16,Käsebrötchen,33,0,0,0,0,0,0,0,0,-0.7,-3.6,0.9,0,0,36,7.9,26.3,1028.1,276,-0.5
1425,1/17/2017,2017,1,1,17,Käsebrötchen,34,1,0,0,0,0,0,0,0,-3.4,-5.4,-1.4,0,0,47,8.3,23.4,1038,210,-2.7
1427,1/18/2017,2017,1,2,18,Käsebrötchen,28,0,0,0,0,0,0,0,0,-3.2,-5.1,-0.8,0,0,71,7.9,19.4,1040,186,0.2
1429,1/19/2017,2017,1,3,19,Käsebrötchen,23,1,0,0,0,0,0,0,0,-1.1,-5.6,3.4,0,0,74,8.3,24.1,1038.2,462,2.1
1431,1/20/2017,2017,1,4,20,Käsebrötchen,38,0,0,0,0,0,0,0,0,0.3,-4.7,4.3,0,0,81,8.6,22.3,1035.3,402,1.4
1433,1/21/2017,2017,1,5,21,Käsebrötchen,36,0,0,0,0,0,0,0,0,1,-2.6,5.6,0,0,92,7.2,24.1,1030.7,486,0.7
1435,1/22/2017,2017,1,6,22,Käsebrötchen,50,0,0,0,0,0,0,0,0,-0.4,-3.1,3.2,0,0,205,6.1,23.4,1027.8,480,-1.4
1437,1/23/2017,2017,1,0,23,Käsebrötchen,27,0,0,0,0,0,0,0,0,-2.7,-5.6,-1,0.5,0,226,4.3,15.5,1028,0,-2.3
1439,1/24/2017,2017,1,1,24,Käsebrötchen,23,1,0,0,0,0,0,0,0,-0.5,-1.9,1.1,0,20,156,5.8,15.1,1029.5,0,2.2
1441,1/25/2017,2017,1,2,25,Käsebrötchen,30,0,0,0,0,0,0,0,0,-1.5,-3.9,-0.2,0,20,129,10.4,25.2,1031.2,264,-1
1443,1/26/2017,2017,1,3,26,Käsebrötchen,33,1,0,0,0,0,0,0,0,-2,-6,2.2,0,20,107,10.1,25.2,1025.8,486,-0.5
1445,1/27/2017,2017,1,4,27,Käsebrötchen,31,0,0,0,0,0,0,0,0,3.8,-2.3,8.5,0,20,156,15.8,43.6,1019.4,348,5.8
1447,1/28/2017,2017,1,5,28,Käsebrötchen,33,0,0,0,0,0,0,0,0,6,1,8.9,2.7,20,180,11.5,31,1017.8,264,2.2
1449,1/29/2017,2017,1,6,29,Käsebrötchen,53,0,0,0,0,0,0,0,0,4.7,3.4,7.2,2.1,0,189,12.6,35.6,1019.4,120,-1.3
1451,1/30/2017,2017,1,0,30,Käsebrötchen,33,0,0,0,0,0,0,0,0,4.6,1.5,6.5,6.7,0,210,15.8,58,1012,0,-0.1
1453,1/31/2017,2017,1,1,31,Käsebrötchen,26,1,0,0,0,0,0,0,0,2.2,1.5,3,0,0,280,5,21.2,1017.2,0,-2.4
1455,2/1/2017,2017,2,2,1,Käsebrötchen,26,0,0,0,0,0,0,0,0,3.3,1,6.1,0.1,0,152,20.2,43.9,1016,186,1.1
1457,2/2/2017,2017,2,3,2,Käsebrötchen,20,1,0,0,0,0,0,0,0,8,5.2,11.1,0.2,0,161,18.4,43.2,1008.3,222,4.7
1459,2/3/2017,2017,2,4,3,Käsebrötchen,32,0,0,0,0,0,0,0,0,8.5,6.8,10.4,1.9,0,177,13.7,43.6,1003.9,42,0.5
1461,2/4/2017,2017,2,5,4,Käsebrötchen,34,0,0,0,0,0,0,0,0,5.8,3.9,7.9,5.5,0,143,13.7,45.4,1000.5,24,-2.7
1463,2/5/2017,2017,2,6,5,Käsebrötchen,48,0,0,0,0,0,0,1,0,5.5,3.1,8.4,0,0,153,10.8,30.2,1004,354,-0.3
1465,2/6/2017,2017,2,0,6,Käsebrötchen,38,0,0,0,0,0,0,0,0,2.7,-0.4,6.2,0,0,66,9,24.5,1017.6,162,-2.8
1467,2/7/2017,2017,2,1,7,Käsebrötchen,29,1,0,0,0,0,0,0,0,2.9,1.9,4.4,3.1,0,88,6.8,17.6,1018.1,0,0.2
1469,2/8/2017,2017,2,2,8,Käsebrötchen,29,0,0,0,0,0,0,0,0,1.6,-0.2,3.5,0,0,71,9.4,25.6,1023.9,12,-1.3
1471,2/9/2017,2017,2,3,9,Käsebrötchen,29,1,0,0,0,0,0,0,0,-0.4,-1.8,2.1,0,0,63,10.8,28.1,1027.8,222,-2
1473,2/10/2017,2017,2,4,10,Käsebrötchen,36,0,0,0,0,0,0,0,0,-0.8,-1.8,-0.2,2.4,0,75,9.7,24.1,1023.1,0,-0.4
1475,2/11/2017,2017,2,5,11,Käsebrötchen,31,0,0,0,0,0,0,0,0,0.4,-1.1,2,4.6,20,69,9.7,28.4,1021.2,0,1.2
1477,2/12/2017,2017,2,6,12,Käsebrötchen,57,0,0,0,0,0,0,0,0,2.3,-0.8,6.2,0,0,74,13,34.6,1026.2,234,1.9
1479,2/13/2017,2017,2,0,13,Käsebrötchen,29,0,0,0,0,0,0,0,0,2.6,-2.3,9.8,0,0,79,11.2,35.6,1029.7,534,0.3
1481,2/14/2017,2017,2,1,14,Käsebrötchen,43,1,0,0,0,0,0,0,0,4.8,-1,11.3,0,0,112,9.7,32,1030.1,558,2.2
1483,2/15/2017,2017,2,2,15,Käsebrötchen,33,0,0,0,0,0,0,0,0,9.9,4.1,16.2,0,0,181,9,23.8,1032.7,534,5.1
1485,2/16/2017,2017,2,3,16,Käsebrötchen,28,1,0,0,0,0,0,0,0,9,5.7,12,0,0,233,9.7,28.4,1030.1,306,-0.9
1487,2/17/2017,2017,2,4,17,Käsebrötchen,38,0,0,0,0,0,0,0,0,5.9,4.9,7.4,3.7,0,265,10.4,34.9,1026.4,0,-3.1
1489,2/18/2017,2017,2,5,18,Käsebrötchen,31,0,0,0,0,0,0,1,0,5.9,3,8.3,0,0,225,4.3,19.4,1027.5,0,0
1491,2/19/2017,2017,2,6,19,Käsebrötchen,51,0,0,0,0,0,0,0,0,4.6,1.6,6.3,0.8,0,216,11.2,33.5,1022.8,30,-1.3
1493,2/20/2017,2017,2,0,20,Käsebrötchen,33,0,0,0,0,0,0,0,0,7.8,6.1,10.3,8.1,0,231,16.9,39.2,1017.6,0,3.2
1495,2/21/2017,2017,2,1,21,Käsebrötchen,21,1,0,0,0,0,0,0,0,9.5,7.8,11.5,0.9,0,259,13.3,42.5,1014.7,252,1.7
1496,2/22/2017,2017,2,2,22,Käsebrötchen,27,0,0,0,0,0,0,0,0,9.2,7.7,10.1,27,0,241,23.8,58.7,1007.5,0,-0.3
1498,2/23/2017,2017,2,3,23,Käsebrötchen,28,1,0,0,0,0,0,0,0,8.2,3.6,9.9,5.8,0,234,29.2,96.8,997.4,42,-1
1500,2/24/2017,2017,2,4,24,Käsebrötchen,22,0,0,0,0,0,0,0,0,4,0.4,6.9,0.2,0,281,13,62.3,1012.4,252,-4.2
1502,2/25/2017,2017,2,5,25,Käsebrötchen,30,0,0,0,0,0,0,0,0,4.5,0.2,7.7,0,0,211,14.4,45.4,1019.3,234,0.5
1504,2/26/2017,2017,2,6,26,Käsebrötchen,46,0,0,0,0,0,0,0,0,8.5,6,11.3,0,0,216,17.3,43.2,1012,6,4
1506,2/27/2017,2017,2,0,27,Käsebrötchen,29,0,0,0,0,0,0,0,0,9.6,5.3,12,8.5,0,191,19.1,60.1,999.7,12,1.1
1508,2/28/2017,2017,2,1,28,Käsebrötchen,24,1,0,0,0,0,0,0,0,4.7,0.8,7.7,7.4,0,214,19.1,52.2,992.1,30,-4.9
1510,3/1/2017,2017,3,2,1,Käsebrötchen,27,0,0,0,0,0,0,0,0,5.1,1,7.6,3.6,0,219,16.6,50.4,999.7,42,0.4
1512,3/2/2017,2017,3,3,2,Käsebrötchen,31,1,0,0,0,0,0,0,0,6.6,4.5,7.7,0.1,0,241,24.8,76.3,1007.9,0,1.5
1514,3/3/2017,2017,3,4,3,Käsebrötchen,31,0,0,0,0,0,0,1,0,7.4,2.9,10.8,0,0,175,18.4,46.1,1007.3,156,0.8
1515,3/4/2017,2017,3,5,4,Käsebrötchen,34,0,0,0,0,0,0,0,0,10.9,6.7,14.4,6.8,0,182,12.6,59,994.4,90,3.5
1517,3/5/2017,2017,3,6,5,Käsebrötchen,45,0,0,0,0,0,0,0,0,6.8,4.6,10.3,5.8,0,199,18.4,50.4,998.7,246,-4.1
1519,3/6/2017,2017,3,0,6,Käsebrötchen,28,0,0,0,0,0,0,0,0,5.2,4.2,6.5,10.1,0,238,9,29.9,1001.3,6,-1.6
1521,3/7/2017,2017,3,1,7,Käsebrötchen,34,1,0,0,0,0,0,0,0,5.3,3.8,8.2,0.7,0,265,7.6,42.1,1014.7,24,0.1
1523,3/8/2017,2017,3,2,8,Käsebrötchen,36,0,0,0,0,0,0,0,0,5.2,2.6,8.8,14.4,0,193,15.1,56.2,1016.5,0,-0.1
1525,3/9/2017,2017,3,3,9,Käsebrötchen,29,1,0,0,0,0,0,0,0,7.5,3.7,11.8,1.6,0,244,11.2,50,1019.5,54,2.3
1527,3/10/2017,2017,3,4,10,Käsebrötchen,32,0,0,0,0,0,0,0,0,6.9,3.7,10.3,0,0,293,6.8,31.3,1028,390,-0.6
1529,3/11/2017,2017,3,5,11,Käsebrötchen,33,0,0,0,0,0,0,0,0,9.2,4.8,14.1,0,0,128,10.1,27.4,1022.3,528,2.3
1531,3/12/2017,2017,3,6,12,Käsebrötchen,51,0,0,0,0,0,0,0,0,10.1,5.7,15.1,0,0,122,13.3,36,1016.6,564,0.9
1532,3/13/2017,2017,3,0,13,Käsebrötchen,30,0,0,0,0,0,0,0,0,9.1,5.3,14.3,0,0,224,10.8,33.1,1025.3,492,-1
1534,3/14/2017,2017,3,1,14,Käsebrötchen,33,1,0,0,0,0,0,0,0,8.9,4.2,14.2,0,0,242,10.4,31.3,1032,324,-0.2
1536,3/15/2017,2017,3,2,15,Käsebrötchen,28,0,0,0,0,0,0,0,0,10.1,6.9,13.7,0,0,266,7.6,22.7,1032.1,426,1.2
1538,3/16/2017,2017,3,3,16,Käsebrötchen,33,1,0,0,0,0,0,0,0,10.7,5.2,15.8,0,0,186,7.6,23.8,1024.1,636,0.6
1540,3/17/2017,2017,3,4,17,Käsebrötchen,34,0,0,0,0,0,0,0,0,8.5,4.9,10.8,6.3,0,252,13,55.1,1015.2,90,-2.2
1542,3/18/2017,2017,3,5,18,Käsebrötchen,35,0,0,0,0,0,0,0,0,8.4,4.7,11,15.8,0,256,17.3,53.3,1007.4,0,-0.1
1544,3/19/2017,2017,3,6,19,Käsebrötchen,59,0,0,0,0,0,0,1,0,10.4,8.9,12.2,0.3,0,240,19.8,54.4,1009.1,6,2
1546,3/20/2017,2017,3,0,20,Käsebrötchen,25,0,0,0,0,0,0,0,0,10.1,8.4,12.8,1.5,0,225,21.6,55.4,1008,0,-0.3
1548,3/21/2017,2017,3,1,21,Käsebrötchen,34,1,0,0,0,0,0,0,0,7.9,2.6,10.4,0.2,0,249,13.3,50.4,1010.1,60,-2.2
1550,3/22/2017,2017,3,2,22,Käsebrötchen,32,0,0,0,0,0,0,0,0,6.7,1.4,10.6,0,0,135,10.8,32.8,1014.9,336,-1.2
1552,3/23/2017,2017,3,3,23,Käsebrötchen,28,1,0,0,0,0,0,0,0,8.9,4.5,14.1,0,0,76,13.3,40.3,1017.2,642,2.2
1554,3/24/2017,2017,3,4,24,Käsebrötchen,36,0,0,0,0,0,0,0,0,8.8,4.4,13.2,0,0,63,14.4,48.2,1028.2,492,-0.1
1556,3/25/2017,2017,3,5,25,Käsebrötchen,39,0,0,0,0,0,0,0,0,9.1,3.8,14.4,0,0,58,15.8,46.1,1029,690,0.3
1558,3/26/2017,2017,3,6,26,Käsebrötchen,54,0,0,0,0,0,0,0,0,9,4.3,14.6,0,0,0,14,38.2,1025,552,-0.1
1560,3/27/2017,2017,3,0,27,Käsebrötchen,34,0,0,0,0,0,0,0,0,12.2,6.5,18,0,0,120,10.8,29.2,1023.6,714,3.2
1562,3/28/2017,2017,3,1,28,Käsebrötchen,33,1,0,0,0,0,0,0,0,14.4,9.9,19.2,0,0,206,11.2,33.1,1021.7,630,2.2
1564,3/29/2017,2017,3,2,29,Käsebrötchen,33,0,0,0,0,0,0,0,0,12.5,9.3,14.5,0,0,236,13.3,40.7,1024.9,42,-1.9
1566,3/30/2017,2017,3,3,30,Käsebrötchen,27,1,0,0,0,0,0,0,0,16,11.6,20.4,0,0,190,10.8,32,1024.2,456,3.5
1568,3/31/2017,2017,3,4,31,Käsebrötchen,34,0,0,0,0,0,0,0,0,17,13.7,22.2,0.1,0,183,14.8,38.9,1014.6,474,1
1570,4/1/2017,2017,4,5,1,Käsebrötchen,43,0,0,0,0,0,0,0,0,12.8,9.4,16,0.9,0,218,7.6,26.6,1012.9,228,-4.2
1572,4/2/2017,2017,4,6,2,Käsebrötchen,55,0,0,0,0,0,0,0,0,12,8.1,16.8,0,0,267,8.3,24.1,1020.5,564,-0.8
1574,4/3/2017,2017,4,0,3,Käsebrötchen,29,0,0,0,0,0,0,0,0,9.8,6.6,14.5,0,0,33,7.9,21.2,1026.9,420,-2.2
1576,4/4/2017,2017,4,1,4,Käsebrötchen,31,1,0,0,0,0,0,0,0,10.6,4.9,15.3,0,0,38,7.2,28.1,1024.8,618,0.8
1578,4/5/2017,2017,4,2,5,Käsebrötchen,29,0,0,0,0,0,0,1,0,8.7,4.9,13.3,0,0,333,10.4,38.2,1026,180,-1.9
1580,4/6/2017,2017,4,3,6,Käsebrötchen,31,1,0,0,0,0,0,0,0,7.5,5.5,11.1,0,0,317,10.1,28.4,1028.1,102,-1.2
1582,4/7/2017,2017,4,4,7,Käsebrötchen,37,0,0,0,0,0,0,0,0,9.1,5,12.6,0,0,261,7.6,20.2,1025.9,0,1.6
1584,4/8/2017,2017,4,5,8,Käsebrötchen,42,0,0,0,0,0,0,0,0,11,8.6,14.9,0,0,323,6.1,19.4,1025.1,240,1.9
1586,4/9/2017,2017,4,6,9,Käsebrötchen,55,0,0,0,0,0,0,0,0,14.3,5,21.7,0,0,162,5.8,22,1022.8,726,3.3
1588,4/10/2017,2017,4,0,10,Käsebrötchen,18,0,0,0,0,0,0,0,0,11.1,5.7,13.9,0,0,287,12.6,37.1,1021.2,144,-3.2
1590,4/11/2017,2017,4,1,11,Käsebrötchen,30,1,0,0,0,0,0,0,0,8.3,3.7,12.9,0,0,260,9,32.8,1025.7,150,-2.8
1592,4/12/2017,2017,4,2,12,Käsebrötchen,32,0,0,0,0,0,0,0,0,9.3,7.3,12,0.9,0,243,15.8,38.5,1017.2,42,1
1594,4/13/2017,2017,4,3,13,Käsebrötchen,29,1,0,0,0,0,0,0,0,9.1,4.4,12.4,0,0,273,11.2,31.3,1015.4,60,-0.2
1596,4/14/2017,2017,4,4,14,Käsebrötchen,40,0,0,0,0,0,0,0,1,7,2.4,10.3,0.1,0,231,7.6,23.8,1017,6,-2.1
1598,4/15/2017,2017,4,5,15,Käsebrötchen,33,0,0,0,0,0,0,0,0,8.2,4.6,11.5,1.2,0,249,13.7,42.1,1015.3,102,1.2
1600,4/16/2017,2017,4,6,16,Käsebrötchen,47,0,0,0,0,0,0,1,0,6.8,4.3,10.6,15.7,0,268,9.7,42.1,1019.4,72,-1.4
1601,4/17/2017,2017,4,0,17,Käsebrötchen,49,0,0,0,0,0,0,0,0,5.3,1.2,10.5,1,0,347,12.2,46.4,1019,264,-1.5
1603,4/18/2017,2017,4,1,18,Käsebrötchen,22,1,0,0,0,0,0,0,0,4.8,0.3,9.6,0,0,349,13,43.2,1026.9,420,-0.5
1605,4/19/2017,2017,4,2,19,Käsebrötchen,33,0,0,0,0,0,0,0,0,3.6,-0.2,7,0,0,38,13,36.4,1035.8,360,-1.2
1607,4/20/2017,2017,4,3,20,Käsebrötchen,35,1,0,0,0,0,0,0,0,6.2,-0.5,11,0.1,0,333,5.8,24.1,1036.2,768,2.6
1609,4/21/2017,2017,4,4,21,Käsebrötchen,26,0,0,0,0,0,0,0,0,8.8,4.1,13.4,2.4,0,229,11.5,41,1029.7,18,2.6
1611,4/22/2017,2017,4,5,22,Käsebrötchen,35,0,0,0,0,0,0,0,0,7.3,4.6,10.1,0.1,0,308,13,45,1025.5,96,-1.5
1613,4/23/2017,2017,4,6,23,Käsebrötchen,51,0,0,0,0,0,0,0,0,6,2.9,9.1,0,0,306,8.6,30.2,1025.7,168,-1.3
1615,4/24/2017,2017,4,0,24,Käsebrötchen,30,0,0,0,0,0,0,0,0,8.9,2.4,14,1.5,0,211,12.2,41.4,1015.1,312,2.9
1617,4/25/2017,2017,4,1,25,Käsebrötchen,34,1,0,0,0,0,0,0,0,6.4,2,9.8,0.5,0,272,13.3,45,1008.8,330,-2.5
1619,4/26/2017,2017,4,2,26,Käsebrötchen,31,0,0,0,0,0,0,0,0,4.6,0.8,10.1,0.8,0,237,7.2,36,1013.2,270,-1.8
1621,4/27/2017,2017,4,3,27,Käsebrötchen,26,1,0,0,0,0,0,0,0,6,0.4,10.6,0.3,0,295,6.8,31.3,1016.4,408,1.4
1622,4/28/2017,2017,4,4,28,Käsebrötchen,32,0,0,0,0,0,0,1,0,6.1,0.6,10.1,0.5,0,236,7.6,26.6,1015.4,24,0.1
1624,4/29/2017,2017,4,5,29,Käsebrötchen,41,0,0,0,0,0,0,0,0,7.4,2.2,12.2,0,0,241,7.2,22.3,1018.3,444,1.3
1626,4/30/2017,2017,4,6,30,Käsebrötchen,58,0,0,0,0,0,0,0,0,12.1,4.4,17.5,0,0,114,19.1,48.2,1011.3,816,4.7
1628,5/1/2017,2017,5,0,1,Käsebrötchen,53,0,0,0,0,0,0,0,1,9.6,7.6,12.1,4.6,0,143,8.3,27,1011.8,0,-2.5
1630,5/2/2017,2017,5,1,2,Käsebrötchen,29,1,0,0,0,0,0,0,0,8.6,6.9,11.2,7,0,13,10.1,37.4,1016.7,12,-1
1632,5/3/2017,2017,5,2,3,Käsebrötchen,28,0,0,0,0,0,0,0,0,9.9,6.8,14.4,1.7,0,72,9.4,33.8,1019.7,114,1.3
1634,5/4/2017,2017,5,3,4,Käsebrötchen,28,1,0,0,0,0,0,0,0,9.6,7.2,11.9,0.6,0,41,15.1,37.8,1019.2,24,-0.3
1636,5/5/2017,2017,5,4,5,Käsebrötchen,32,0,0,0,0,0,0,0,0,8.4,6.7,11.1,0,0,50,9.7,25.6,1020.3,18,-1.2
1638,5/6/2017,2017,5,5,6,Käsebrötchen,42,0,0,0,0,0,0,0,0,12.9,5.5,19,0,0,70,13.3,38.5,1012.4,732,4.5
1640,5/7/2017,2017,5,6,7,Käsebrötchen,42,0,0,0,0,0,0,1,0,12.7,8.1,18.1,0,0,1,10.4,30.2,1014.6,210,-0.2
1642,5/8/2017,2017,5,0,8,Käsebrötchen,23,0,0,0,0,0,0,0,0,8.5,5.8,10.8,0,0,320,9.7,32.8,1020.4,36,-4.2
1644,5/9/2017,2017,5,1,9,Käsebrötchen,31,1,0,0,0,0,0,0,0,8.2,2.6,12.7,0,0,6,8.6,26.6,1020.1,522,-0.3
1646,5/10/2017,2017,5,2,10,Käsebrötchen,29,0,0,0,0,0,0,0,0,10.6,2.1,17,0,0,96,7.2,24.8,1009.6,846,2.4
1648,5/11/2017,2017,5,3,11,Käsebrötchen,21,1,0,0,0,0,0,0,0,15.5,5.1,22.1,0.1,0,131,10.4,33.1,999.8,600,4.9
1650,5/12/2017,2017,5,4,12,Käsebrötchen,34,0,0,0,0,0,0,0,0,16.2,13,21.4,4.3,0,192,10.8,31,1002.3,270,0.7
1652,5/13/2017,2017,5,5,13,Käsebrötchen,45,0,0,0,0,0,0,0,0,16.4,12.2,21.6,0,0,219,10.4,38.2,1011.1,480,0.2
1654,5/14/2017,2017,5,6,14,Käsebrötchen,47,0,0,1,0,0,0,0,0,15.3,10.5,20,3.5,0,215,8.6,42.8,1021.1,330,-1.1
1656,5/15/2017,2017,5,0,15,Käsebrötchen,27,0,0,0,0,0,0,0,0,15.7,9.5,20.3,0,0,238,6.5,25.6,1028.9,774,0.4
1658,5/16/2017,2017,5,1,16,Käsebrötchen,35,1,0,0,0,0,0,0,0,20.4,15.3,25.6,0,0,166,7.6,26.3,1027.1,480,4.7
1660,5/17/2017,2017,5,2,17,Käsebrötchen,34,0,0,0,0,0,0,0,0,22.9,18.4,26.6,0,0,152,16.2,37.8,1018.3,750,2.5
1662,5/18/2017,2017,5,3,18,Käsebrötchen,19,1,0,0,0,0,0,0,0,17.7,15.1,21.9,6.4,0,190,9.7,34.6,1011.5,78,-5.2
1664,5/19/2017,2017,5,4,19,Käsebrötchen,34,0,0,0,0,0,0,0,0,12.8,9.6,16.3,3.9,0,200,10.8,34.9,1012.3,0,-4.9
1666,5/20/2017,2017,5,5,20,Käsebrötchen,42,0,0,0,0,0,0,0,0,12.6,7.8,16.8,0,0,209,9,33.8,1021.6,516,-0.2
1668,5/21/2017,2017,5,6,21,Käsebrötchen,58,0,0,0,0,0,0,1,0,15.3,9.5,20,0,0,162,6.8,20.9,1026.2,696,2.7
1670,5/22/2017,2017,5,0,22,Käsebrötchen,25,0,0,0,0,0,0,0,0,18.1,10.5,23.5,0,0,130,7.6,24.5,1019.1,690,2.8
1672,5/23/2017,2017,5,1,23,Käsebrötchen,37,1,0,0,0,0,0,0,0,18.3,13.2,22.8,0,0,235,12.6,44.3,1018.6,630,0.2
1674,5/24/2017,2017,5,2,24,Käsebrötchen,30,0,0,0,0,0,0,0,0,16,10.5,21.1,0,0,285,9,37.1,1023.8,120,-2.3
1676,5/25/2017,2017,5,3,25,Käsebrötchen,80,0,0,0,0,0,0,0,1,16.4,10.5,22.6,0,0,8,9.4,33.1,1024.3,594,0.4
1678,5/26/2017,2017,5,4,26,Käsebrötchen,30,0,0,0,0,0,0,0,0,19.9,12.9,25.5,0,0,81,11.9,28.4,1021.5,906,3.5
1680,5/27/2017,2017,5,5,27,Käsebrötchen,36,0,0,0,0,0,0,0,0,23.2,14.7,28.4,0,0,129,15.8,42.1,1018.1,906,3.3
1682,5/28/2017,2017,5,6,28,Käsebrötchen,53,0,0,0,0,0,0,0,0,21.7,16.8,27.2,3.6,0,336,7.2,31,1018,372,-1.5
1683,5/29/2017,2017,5,0,29,Käsebrötchen,24,0,0,0,0,0,0,0,0,25.3,17.9,31.5,7.4,0,110,9,33.8,1012.3,750,3.6
1685,5/30/2017,2017,5,1,30,Käsebrötchen,35,1,0,0,0,0,0,0,0,20,15,23.7,0.6,0,260,10.4,47.2,1014.8,366,-5.3
1687,5/31/2017,2017,5,2,31,Käsebrötchen,25,0,0,0,0,0,0,0,0,17.3,12.5,22.6,0,0,268,9.4,27.7,1021.8,420,-2.7
1689,6/1/2017,2017,6,3,1,Käsebrötchen,19,1,0,0,0,0,0,0,0,18.8,12.1,24.4,0,0,30,7.2,22.7,1021.7,804,1.5
1691,6/2/2017,2017,6,4,2,Käsebrötchen,43,0,0,0,0,0,1,0,0,21.5,16.9,28,0.8,0,99,7.2,23.8,1016.3,600,2.7
1693,6/3/2017,2017,6,5,3,Käsebrötchen,37,0,0,0,0,0,1,0,0,19.6,15.1,24.8,6,0,235,8.3,33.5,1013,390,-1.9
1695,6/4/2017,2017,6,6,4,Käsebrötchen,61,0,0,0,0,0,1,0,0,15.8,11,20,0.5,0,271,8.6,33.1,1015.4,222,-3.8
1697,6/5/2017,2017,6,0,5,Käsebrötchen,65,0,0,0,0,0,1,0,1,16.1,10.3,21.2,0,0,183,8.3,36.7,1013.2,600,0.3
1699,6/6/2017,2017,6,1,6,Käsebrötchen,30,1,0,0,0,0,0,0,0,15.1,11.7,17.6,3.1,0,187,23.8,57.2,1002.5,348,-1
1701,6/7/2017,2017,6,2,7,Käsebrötchen,30,0,0,0,0,0,0,0,0,13.4,11.2,16.2,2.9,0,229,22,63.4,1011.6,198,-1.7
1703,6/8/2017,2017,6,3,8,Käsebrötchen,31,1,0,0,0,0,0,0,0,17.6,11.5,23.4,0,0,201,13.7,38.9,1015.2,528,4.2
1705,6/9/2017,2017,6,4,9,Käsebrötchen,38,0,0,0,0,0,0,0,0,17,12.8,19.9,6.1,0,218,10.8,33.8,1013,240,-0.6
1707,6/10/2017,2017,6,5,10,Käsebrötchen,37,0,0,0,0,0,0,0,0,17.6,10.3,23.2,0,0,216,9.4,29.2,1020,894,0.6
1709,6/11/2017,2017,6,6,11,Käsebrötchen,50,0,0,0,0,0,0,0,0,21.7,16.7,27.7,0.2,0,186,9.7,33.1,1016,354,4.1
1711,6/12/2017,2017,6,0,12,Käsebrötchen,20,0,0,0,0,0,0,0,0,16.2,13.8,18.7,0,0,255,14,44.6,1016.8,258,-5.5
1713,6/13/2017,2017,6,1,13,Käsebrötchen,28,1,0,0,0,0,0,0,0,16.2,12.5,19.8,0,0,268,8.3,27,1019.7,228,0
1715,6/14/2017,2017,6,2,14,Käsebrötchen,28,0,0,0,0,0,0,0,0,18.6,11.1,24.2,0,0,74,8.3,22.3,1019.1,912,2.4
1717,6/15/2017,2017,6,3,15,Käsebrötchen,57,0,0,0,0,0,0,0,1,20.9,14.9,29,1.9,0,185,9.7,45,1014.4,606,2.3
1719,6/16/2017,2017,6,4,16,Käsebrötchen,43,0,0,0,0,0,0,0,0,16.3,11.6,19.6,0,0,271,12.2,43.2,1021,234,-4.6
1721,6/17/2017,2017,6,5,17,Käsebrötchen,42,0,0,0,0,0,0,0,0,16.8,11,20.8,0,0,270,7.6,19.8,1026,6,0.5
1723,6/18/2017,2017,6,6,18,Käsebrötchen,45,0,0,0,0,0,0,0,0,21.4,14.6,26.7,0,0,56,7.6,22.3,1024.7,774,4.6
1725,6/19/2017,2017,6,0,19,Käsebrötchen,35,0,0,0,0,0,0,0,0,24.3,16.7,30.6,0,0,152,6.1,23.4,1019.8,936,2.9
1727,6/20/2017,2017,6,1,20,Käsebrötchen,42,1,0,0,0,0,0,0,0,24.3,17.9,30.1,0,0,46,10.1,36.4,1017.1,798,0
1729,6/21/2017,2017,6,2,21,Käsebrötchen,24,0,0,0,0,0,0,0,0,22.1,14.5,28.4,0,0,61,10.4,31.3,1017.1,882,-2.2
1731,6/22/2017,2017,6,3,22,Käsebrötchen,26,1,0,0,0,0,0,0,0,25.8,18.6,33.8,6.3,0,207,14,57.6,1011,732,3.7
1733,6/23/2017,2017,6,4,23,Käsebrötchen,34,0,0,0,0,0,0,0,0,20.4,16.6,24.7,0,0,248,12.6,36.7,1015.2,336,-5.4
1735,6/24/2017,2017,6,5,24,Käsebrötchen,32,0,0,0,0,0,0,0,0,16.8,14,19.3,2.8,0,0,15.5,38.9,1015.8,54,-3.6
1737,6/25/2017,2017,6,6,25,Käsebrötchen,77,0,0,0,0,0,0,0,0,18,16,22,0.3,0,0,0,0,1016,60,1.2
1739,6/26/2017,2017,6,0,26,Käsebrötchen,34,0,0,0,0,0,0,0,0,18,14.8,22.8,0.4,0,0,10.4,0,1016,618,0
1741,6/27/2017,2017,6,1,27,Käsebrötchen,32,1,0,0,0,0,0,0,0,16.8,13,19.9,0.8,0,66,10.4,25.2,1008.7,0,-1.2
1743,6/28/2017,2017,6,2,28,Käsebrötchen,18,0,0,0,0,0,0,0,0,18.4,15.4,21.2,22.4,0,158,11.2,39.2,997.5,150,1.6
1745,6/29/2017,2017,6,3,29,Käsebrötchen,30,1,0,0,0,0,0,0,0,17.8,14.6,21.3,0,0,224,8.6,28.4,997.8,60,-0.6
1747,6/30/2017,2017,6,4,30,Käsebrötchen,37,0,0,0,0,0,0,0,0,17.1,13.7,21,3.5,0,224,12.2,34.6,1004.1,102,-0.7
1749,7/1/2017,2017,7,5,1,Käsebrötchen,31,0,0,0,0,0,0,0,0,15.3,14,17.3,4.7,0,253,10.4,33.5,1009.9,30,-1.8
1751,7/2/2017,2017,7,6,2,Käsebrötchen,57,0,0,0,0,0,0,0,0,15.7,11.8,20.4,2.2,0,253,10.1,34.9,1019.1,264,0.4
1753,7/3/2017,2017,7,0,3,Käsebrötchen,30,0,0,0,0,0,0,0,0,16.7,9,21.9,0,0,231,9.4,37.1,1021.6,552,1
1755,7/4/2017,2017,7,1,4,Käsebrötchen,29,1,0,0,0,0,0,0,0,18.5,15.5,22.7,0,0,279,7.9,26.3,1020.6,324,1.8
1757,7/5/2017,2017,7,2,5,Käsebrötchen,30,0,0,0,0,0,0,0,0,21,14.2,26.1,0,0,353,6.8,19.8,1018.2,624,2.5
1759,7/6/2017,2017,7,3,6,Käsebrötchen,28,1,1,0,0,0,0,0,0,21.4,15,27,14.9,0,90,6.8,32.8,1017.6,510,0.4
1761,7/7/2017,2017,7,4,7,Käsebrötchen,39,0,1,0,0,0,0,0,0,22.3,16.8,28.2,0,0,261,11.2,37.8,1014.9,570,0.9
1763,7/8/2017,2017,7,5,8,Käsebrötchen,49,0,1,0,0,0,0,0,0,21.5,16.3,26.9,0,0,301,6.5,27.4,1016.4,348,-0.8
1765,7/9/2017,2017,7,6,9,Käsebrötchen,55,0,1,0,0,0,0,0,0,20.9,16.6,26,0,0,345,6.8,21.6,1013.6,486,-0.6
1767,7/10/2017,2017,7,0,10,Käsebrötchen,36,0,0,0,0,0,0,0,0,20.5,16.1,26.2,0.1,0,236,9,34.9,1008.5,282,-0.4
1769,7/11/2017,2017,7,1,11,Käsebrötchen,36,1,0,0,0,0,0,0,0,18.2,14.5,22.8,4.3,0,226,12.2,36,1011.5,210,-2.3
1771,7/12/2017,2017,7,2,12,Käsebrötchen,35,0,0,0,0,0,0,0,0,15.2,10.7,17,18.5,0,227,12.6,61.2,1012,96,-3
1773,7/13/2017,2017,7,3,13,Käsebrötchen,33,1,0,0,0,0,0,0,0,15.2,9,20.2,0,0,2,5.4,17.6,1022.1,606,0
1775,7/14/2017,2017,7,4,14,Käsebrötchen,39,0,0,0,0,0,0,0,0,15.5,11.5,21.1,5.3,0,240,7.6,35.3,1017.6,288,0.3
1777,7/15/2017,2017,7,5,15,Käsebrötchen,41,0,0,0,0,0,0,0,0,16.3,12,20.9,0,0,263,7.6,24.1,1022.6,288,0.8
1779,7/16/2017,2017,7,6,16,Käsebrötchen,57,0,0,0,0,0,0,0,0,18.6,15.7,22,2.2,0,219,9.7,29.9,1023,24,2.3
1781,7/17/2017,2017,7,0,17,Käsebrötchen,22,0,0,0,0,0,0,0,0,19.4,16,23.9,0.2,0,335,8.6,24.8,1022.5,510,0.8
1783,7/18/2017,2017,7,1,18,Käsebrötchen,28,1,0,0,0,0,0,0,0,21.1,13.3,27.3,0,0,69,11.2,29.5,1018.8,882,1.7
1785,7/19/2017,2017,7,2,19,Käsebrötchen,28,0,0,0,0,0,0,0,0,23.4,19,32.4,12.8,0,128,12.6,54.4,1010.5,576,2.3
1787,7/20/2017,2017,7,3,20,Käsebrötchen,29,1,0,0,0,0,0,0,0,20.7,15.5,25.9,1.8,0,204,13,47.9,1009.9,162,-2.7
1789,7/21/2017,2017,7,4,21,Käsebrötchen,34,0,0,0,0,0,0,0,0,19.2,11.5,25,0,0,180,8.6,24.1,1013.7,870,-1.5
1791,7/22/2017,2017,7,5,22,Käsebrötchen,40,0,0,0,0,0,0,0,0,22.1,16.1,27,10.5,0,173,9.7,32.4,1011.5,510,2.9
1793,7/23/2017,2017,7,6,23,Käsebrötchen,49,0,0,0,0,0,0,0,0,16.7,14.2,20.1,1.9,0,223,13,45.7,1013.4,288,-5.4
1795,7/24/2017,2017,7,0,24,Käsebrötchen,28,0,0,0,0,0,0,0,0,14.9,13.4,17.8,4.7,0,229,6.1,29.5,1010.1,108,-1.8
1797,7/25/2017,2017,7,1,25,Käsebrötchen,33,1,0,0,0,0,0,0,0,14.8,13.3,17.3,18.3,0,312,12.2,40.7,1009.3,0,-0.1
1799,7/26/2017,2017,7,2,26,Käsebrötchen,35,0,0,0,0,0,0,0,0,18,14.5,22.5,1.1,0,292,10.4,38.5,1009.4,336,3.2
1801,7/27/2017,2017,7,3,27,Käsebrötchen,31,1,0,0,0,0,0,0,0,18.1,15.1,20.9,0.1,0,230,11.9,35.6,1007.9,258,0.1
1803,7/28/2017,2017,7,4,28,Käsebrötchen,37,0,0,0,0,0,0,1,0,17,13.2,20.7,1,0,232,13,38.9,1012.2,120,-1.1
1805,7/29/2017,2017,7,5,29,Käsebrötchen,36,0,0,0,0,0,0,0,0,20.8,14.7,25.1,0,0,198,14,40,1011.6,324,3.8
1807,7/30/2017,2017,7,6,30,Käsebrötchen,45,0,0,0,0,0,0,0,0,22.4,16.4,25.5,0.9,0,209,15.8,50.8,1008.7,384,1.6
1809,7/31/2017,2017,7,0,31,Käsebrötchen,25,0,0,0,0,0,0,0,0,19.8,14,25,0.2,0,197,9.7,35.6,1013.9,696,-2.6
1811,8/1/2017,2017,8,1,1,Käsebrötchen,40,1,0,0,0,0,0,0,0,18.3,15,20.6,0.1,0,174,6.5,21.2,1015.4,66,-1.5
1813,8/2/2017,2017,8,2,2,Käsebrötchen,23,0,0,0,0,0,0,0,0,18.6,14.5,23.3,6.6,0,185,7.9,35.3,1017.3,150,0.3
1815,8/3/2017,2017,8,3,3,Käsebrötchen,34,1,0,0,0,0,0,0,0,20,16.8,23.7,0.3,0,198,14,56.2,1011.3,306,1.4
1817,8/4/2017,2017,8,4,4,Käsebrötchen,65,0,0,0,0,0,0,0,0,19,16,22,2,0,233,15.5,50,1013,114,-1
1819,8/5/2017,2017,8,5,5,Käsebrötchen,31,0,0,0,0,0,0,0,0,15.5,13.7,19.1,14.5,0,230,6.5,25.2,1015.7,126,-3.5
1821,8/6/2017,2017,8,6,6,Käsebrötchen,62,0,0,0,0,0,0,0,0,15.9,10.5,21.2,0,0,222,6.8,23.8,1023,504,0.4
1823,8/7/2017,2017,8,0,7,Käsebrötchen,26,0,0,0,0,0,0,0,0,19.2,13.7,24.2,0,0,165,8.3,25.6,1018.8,786,3.3
1825,8/8/2017,2017,8,1,8,Käsebrötchen,32,1,0,0,0,0,0,0,0,17.2,12.7,20.4,10.1,0,132,11.9,50.4,1010.4,126,-2
1827,8/9/2017,2017,8,2,9,Käsebrötchen,27,0,0,0,0,0,0,0,0,17,13.7,21.3,1.8,0,218,9.7,31.7,1016.1,426,-0.2
1829,8/10/2017,2017,8,3,10,Käsebrötchen,33,1,0,0,0,0,0,0,0,15.5,13.8,17.4,7.9,0,291,5,24.5,1020.3,0,-1.5
1831,8/11/2017,2017,8,4,11,Käsebrötchen,39,0,0,0,0,0,0,0,0,14.9,13.6,17.2,1.7,0,326,6.1,21.2,1017.6,18,-0.6
1833,8/12/2017,2017,8,5,12,Käsebrötchen,38,0,0,0,0,0,0,0,0,15.2,13.1,17.5,4.5,0,214,12.2,32.8,1016,6,0.3
1835,8/13/2017,2017,8,6,13,Käsebrötchen,52,0,0,0,0,0,0,0,0,17.4,14.5,21.2,0,0,254,7.6,26.6,1020.3,438,2.2
1837,8/14/2017,2017,8,0,14,Käsebrötchen,31,0,0,0,0,0,0,0,0,19.3,12.7,24.7,0,0,99,8.3,23.8,1019.5,594,1.9
1839,8/15/2017,2017,8,1,15,Käsebrötchen,34,1,0,0,0,0,0,0,0,20.6,17.4,25.1,1.1,0,177,9.7,33.1,1015.9,198,1.3
1841,8/16/2017,2017,8,2,16,Käsebrötchen,27,0,0,0,0,0,0,0,0,19.8,16.5,23.7,0,0,254,5.4,16.2,1020.7,312,-0.8
1843,8/17/2017,2017,8,3,17,Käsebrötchen,33,1,0,0,0,0,0,0,0,19.1,15.8,23,2.4,0,182,11.2,43.9,1016.3,66,-0.7
1845,8/18/2017,2017,8,4,18,Käsebrötchen,36,0,0,0,0,1,0,0,0,17,12.9,19,6.4,0,201,9.4,43.2,1013.6,18,-2.1
1847,8/19/2017,2017,8,5,19,Käsebrötchen,35,0,0,0,0,1,0,0,0,14.4,11.6,18.7,8.3,0,223,13.7,42.8,1017.5,258,-2.6
1849,8/20/2017,2017,8,6,20,Käsebrötchen,43,0,0,0,0,1,0,0,0,14.9,11.9,18.7,0,0,233,11.2,35.6,1022.9,282,0.5
1851,8/21/2017,2017,8,0,21,Käsebrötchen,31,0,0,0,0,1,0,0,0,15.7,10.3,20.6,0,0,212,5,17.3,1023.8,702,0.8
1853,8/22/2017,2017,8,1,22,Käsebrötchen,34,1,0,0,0,1,0,0,0,17.9,12.8,23,0,0,102,7.2,25.2,1021.1,564,2.2
1855,8/23/2017,2017,8,2,23,Käsebrötchen,36,0,0,0,0,1,0,0,0,20.1,12.5,25.6,0,0,126,10.4,29.5,1016,642,2.2
1857,8/24/2017,2017,8,3,24,Käsebrötchen,32,1,0,0,0,1,0,0,0,18.5,14.7,22.2,0,0,239,10.4,29.2,1016.8,204,-1.6
1859,8/25/2017,2017,8,4,25,Käsebrötchen,38,0,0,0,0,1,0,0,0,18.8,13.5,23.1,0,0,128,6.1,20.5,1018.1,426,0.3
1860,8/26/2017,2017,8,5,26,Käsebrötchen,39,0,0,0,0,1,0,0,0,20.1,15.7,24.2,0,0,217,6.1,20.2,1015.6,282,1.3
1862,8/27/2017,2017,8,6,27,Käsebrötchen,49,0,0,0,0,1,0,1,0,19.5,15.6,24,0,0,4,7.6,20.2,1018.7,714,-0.6
1864,8/28/2017,2017,8,0,28,Käsebrötchen,32,0,0,0,0,1,0,0,0,20.9,14.4,26.5,0,0,116,6.1,17.3,1018.6,708,1.4
1865,8/29/2017,2017,8,1,29,Käsebrötchen,35,1,0,0,0,1,0,0,0,23.4,18.5,28.7,0,0,168,9,26.3,1014.1,702,2.5
1867,8/30/2017,2017,8,2,30,Käsebrötchen,35,0,0,0,0,1,0,0,0,22.2,17.6,25.5,1.6,0,195,10.4,36,1008.1,108,-1.2
1869,8/31/2017,2017,8,3,31,Käsebrötchen,39,1,0,0,0,1,0,0,0,14.7,11.3,17.7,2.2,0,280,7.9,30.6,1016.2,156,-7.5
1871,9/1/2017,2017,9,4,1,Käsebrötchen,35,0,0,0,0,1,0,0,0,14.3,11.1,19.1,0,0,133,7.2,31.7,1020.7,264,-0.4
1873,9/2/2017,2017,9,5,2,Käsebrötchen,36,0,0,0,0,1,0,0,0,14.2,9.9,18.6,0.2,0,49,6.8,37.8,1020.2,336,-0.1
1875,9/3/2017,2017,9,6,3,Käsebrötchen,64,0,0,0,0,1,0,0,0,14.6,9.5,20.1,0,0,180,5.8,19.4,1017.2,648,0.4
1877,9/4/2017,2017,9,0,4,Käsebrötchen,33,0,0,0,0,0,0,0,0,16.6,12.3,21.2,0,0,182,8.3,26.6,1016.4,480,2
1879,9/5/2017,2017,9,1,5,Käsebrötchen,31,1,0,0,0,0,0,0,0,18.8,14.7,23.5,3.6,0,184,9,28.8,1017,186,2.2
1881,9/6/2017,2017,9,2,6,Käsebrötchen,47,0,0,0,0,0,0,0,0,15.9,12.3,18.5,2.3,0,242,14.4,50.8,1016,156,-2.9
1883,9/7/2017,2017,9,3,7,Käsebrötchen,39,1,0,0,0,0,0,0,0,14.5,12.3,17.1,0,0,231,11.5,30.2,1015.4,30,-1.4
1885,9/8/2017,2017,9,4,8,Käsebrötchen,37,0,0,0,0,0,0,0,0,14.6,14,15.6,29.9,0,205,15.8,57.6,1004.2,0,0.1
1887,9/9/2017,2017,9,5,9,Käsebrötchen,38,0,0,0,0,0,0,0,0,12.9,9.9,16.1,7.7,0,214,9.7,37.4,998.3,144,-1.7
1889,9/10/2017,2017,9,6,10,Käsebrötchen,53,0,0,0,0,0,0,0,0,13.1,8.6,17.3,1.5,0,192,13,49.3,1003.4,378,0.2
1891,9/11/2017,2017,9,0,11,Käsebrötchen,27,0,0,0,0,0,0,0,0,14,11.9,16.7,1.2,0,206,20.5,51.1,998,192,0.9
1893,9/12/2017,2017,9,1,12,Käsebrötchen,32,1,0,0,0,0,0,0,0,13.6,11.2,16.3,8,0,227,16.2,45.7,1005.8,258,-0.4
1895,9/13/2017,2017,9,2,13,Käsebrötchen,52,0,0,0,0,0,0,0,0,14,11.2,18.2,1.9,0,211,23,67.3,1000.7,198,0.4
1897,9/14/2017,2017,9,3,14,Käsebrötchen,44,1,0,0,0,0,0,0,0,11,9.2,13.6,15.3,0,235,18.7,57.2,1004.1,126,-3
1899,9/15/2017,2017,9,4,15,Käsebrötchen,30,0,0,0,0,0,0,0,0,10.8,8.3,14.4,1.9,0,224,10.1,32.4,1011.9,156,-0.2
1901,9/16/2017,2017,9,5,16,Käsebrötchen,38,0,0,0,0,0,0,0,0,10.9,6.6,16,0.2,0,205,9,30.2,1011.6,498,0.1
1903,9/17/2017,2017,9,6,17,Käsebrötchen,50,0,0,0,0,0,0,1,0,11.1,8,16,0,0,189,6.8,22,1013.5,330,0.2
1905,9/18/2017,2017,9,0,18,Käsebrötchen,36,0,0,0,0,0,0,0,0,10.2,8.1,14.1,12.1,0,194,8.6,37.4,1014.8,30,-0.9
1907,9/19/2017,2017,9,1,19,Käsebrötchen,38,1,0,0,0,0,0,0,0,11.4,9.7,14.5,0,0,258,6.5,22,1018.4,192,1.2
1909,9/20/2017,2017,9,2,20,Käsebrötchen,52,0,0,0,0,0,0,0,0,11.8,8.8,16,0,0,211,7.6,30.6,1021.3,186,0.4
1911,9/21/2017,2017,9,3,21,Käsebrötchen,31,1,0,0,0,0,0,0,0,13.3,9.2,18,0,0,164,8.6,20.9,1020.9,636,1.5
1913,9/22/2017,2017,9,4,22,Käsebrötchen,36,0,0,0,0,0,0,0,0,14.3,11.1,18.1,4.4,0,202,6.5,15.1,1021.2,342,1
1915,9/23/2017,2017,9,5,23,Käsebrötchen,41,0,0,0,0,0,0,0,0,14,11.4,17.8,0,0,2,6.5,18,1024,216,-0.3
1917,9/24/2017,2017,9,6,24,Käsebrötchen,53,0,0,1,0,0,0,1,0,14.3,9.8,19.1,0,0,74,7.6,19.8,1023.1,366,0.3
1919,9/25/2017,2017,9,0,25,Käsebrötchen,41,0,0,0,0,0,0,0,0,14,10.9,18.3,0,0,81,7.6,21.2,1021.7,204,-0.3
1921,9/26/2017,2017,9,1,26,Käsebrötchen,31,1,0,0,0,0,0,0,0,13.7,11.6,18.8,0,0,76,6.8,31.7,1022.5,66,-0.3
1923,9/27/2017,2017,9,2,27,Käsebrötchen,43,0,0,0,0,0,0,0,0,14.9,9.1,20.3,0,0,108,6.8,16.9,1023.3,498,1.2
1925,9/28/2017,2017,9,3,28,Käsebrötchen,35,1,0,0,0,0,0,0,0,16.7,13.8,19.9,3,0,153,8.6,27,1022.8,66,1.8
1927,9/29/2017,2017,9,4,29,Käsebrötchen,38,0,0,0,0,0,0,0,0,18.1,15.3,21.3,15.2,0,163,9.7,27.7,1020.3,408,1.4
1929,9/30/2017,2017,9,5,30,Käsebrötchen,56,0,0,0,0,0,0,0,0,13.6,9.6,17.9,11.2,0,226,6.5,32,1017.6,0,-4.5
1931,10/1/2017,2017,10,6,1,Käsebrötchen,61,0,0,0,0,0,0,0,0,12.9,8.6,17.2,0.2,0,174,13.7,42.1,1019.8,402,-0.7
1933,10/2/2017,2017,10,0,2,Käsebrötchen,31,0,0,0,0,0,0,0,0,14.9,12.1,18.4,3,0,210,16.9,47.9,1013.3,156,2
1935,10/3/2017,2017,10,1,3,Käsebrötchen,78,0,0,0,0,0,0,0,1,12,10.2,15,0.8,0,247,11.5,38.9,1019,150,-2.9
1937,10/4/2017,2017,10,2,4,Käsebrötchen,38,0,0,0,0,0,0,0,0,11.5,9.4,13.2,4.1,0,230,15.8,45.4,1021.3,90,-0.5
1939,10/5/2017,2017,10,3,5,Käsebrötchen,40,1,0,0,0,0,0,0,0,11.4,7.6,14.1,4.5,0,255,18.4,60.8,1012.2,120,-0.1
1941,10/6/2017,2017,10,4,6,Käsebrötchen,34,0,0,0,0,0,0,0,0,9.7,7.5,12.8,4.2,0,268,9.4,37.1,1019.7,138,-1.7
1943,10/7/2017,2017,10,5,7,Käsebrötchen,43,0,0,0,0,0,0,0,0,9.5,8.5,10.6,13.1,0,227,18.4,45.4,1017.7,6,-0.2
1945,10/8/2017,2017,10,6,8,Käsebrötchen,60,0,0,0,0,0,0,0,0,11,7.4,13.7,0.4,0,283,8.3,29.5,1017.2,48,1.5
1947,10/9/2017,2017,10,0,9,Käsebrötchen,27,0,0,0,0,0,0,0,0,10.1,6.3,13,1.4,0,224,6.8,27.4,1019.9,0,-0.9
1949,10/10/2017,2017,10,1,10,Käsebrötchen,28,1,0,0,0,0,0,0,0,13.1,11.4,14.5,0.6,0,223,12.6,32.8,1016.4,18,3
1951,10/11/2017,2017,10,2,11,Käsebrötchen,39,0,0,0,0,0,0,0,0,13.9,12.7,14.9,0.4,0,218,16.9,42.5,1016.2,0,0.8
1953,10/12/2017,2017,10,3,12,Käsebrötchen,38,1,0,0,0,0,0,0,0,13.4,11.2,15.2,0,0,233,15.5,48.6,1020.4,138,-0.5
1955,10/13/2017,2017,10,4,13,Käsebrötchen,44,0,0,0,0,0,0,0,0,14.9,10.9,19.3,0,0,218,11.5,29.5,1025.3,180,1.5
1957,10/14/2017,2017,10,5,14,Käsebrötchen,39,0,0,0,0,0,0,1,0,16.7,13.6,21.2,0,0,208,9.7,24.8,1026.7,564,1.8
1959,10/15/2017,2017,10,6,15,Käsebrötchen,52,0,0,0,0,0,0,0,0,17.1,13.4,21.6,0,0,169,11.5,31.7,1023.7,606,0.4
1961,10/16/2017,2017,10,0,16,Käsebrötchen,31,0,0,0,0,0,0,0,0,18.8,15.2,23.6,0,0,177,12.2,37.1,1021.9,522,1.7
1963,10/17/2017,2017,10,1,17,Käsebrötchen,31,1,0,0,0,0,0,0,0,15.3,12.5,17.7,0,0,199,6.8,22.3,1021,0,-3.5
1965,10/18/2017,2017,10,2,18,Käsebrötchen,20,0,0,0,0,0,0,0,0,14.8,10.6,19.8,0,0,129,7.2,19.4,1014.3,564,-0.5
1967,10/19/2017,2017,10,3,19,Käsebrötchen,34,1,0,0,0,0,0,0,0,16.3,12.1,19.8,3,0,165,11.2,37.1,1011.4,540,1.5
1969,10/20/2017,2017,10,4,20,Käsebrötchen,43,0,0,0,0,0,0,0,0,14.1,11,17.6,4.4,0,192,19.8,54.7,1011,84,-2.2
1971,10/21/2017,2017,10,5,21,Käsebrötchen,43,0,0,0,0,0,0,0,0,12.8,10.7,16.5,5.5,0,189,14.8,42.1,1012,42,-1.3
1973,10/22/2017,2017,10,6,22,Käsebrötchen,66,0,0,0,0,0,0,0,0,9.7,8.4,11.3,1.1,0,218,16.6,50,1012.5,0,-3.1
1975,10/23/2017,2017,10,0,23,Käsebrötchen,34,0,0,0,0,0,0,0,0,10.6,8.6,12.7,0.6,0,233,12.6,35.3,1019.1,24,0.9
1977,10/24/2017,2017,10,1,24,Käsebrötchen,34,1,0,0,0,0,0,0,0,13.2,10.8,15.3,1.2,0,193,11.9,32,1021.6,0,2.6
1979,10/25/2017,2017,10,2,25,Käsebrötchen,42,0,0,0,0,0,0,0,0,14.5,12.5,16.2,0.8,0,228,14.8,43.9,1022.1,30,1.3
1981,10/26/2017,2017,10,3,26,Käsebrötchen,33,1,0,0,0,0,0,0,0,13.8,11.8,16.4,0.7,0,237,8.6,24.5,1024.2,84,-0.7
1983,10/27/2017,2017,10,4,27,Käsebrötchen,43,0,0,0,0,0,0,0,0,10.9,8.7,13,1,0,308,10.8,36.4,1027.2,144,-2.9
1985,10/28/2017,2017,10,5,28,Käsebrötchen,41,0,0,0,0,0,0,0,0,9.5,7.8,12.7,12.7,0,242,18,52.2,1020.1,0,-1.4
1987,10/29/2017,2017,10,6,29,Käsebrötchen,82,0,0,0,0,0,0,0,0,9.4,5.4,12.6,0.4,0,294,16.9,81.7,1014.3,228,-0.1
1989,10/30/2017,2017,10,0,30,Käsebrötchen,24,0,0,0,0,0,0,1,0,6.5,3.8,10.6,0,0,288,6.8,26.3,1026.6,228,-2.9
1991,10/31/2017,2017,10,1,31,Käsebrötchen,51,1,0,0,0,0,0,0,0,7.7,5.2,10.4,0.3,0,222,11.2,34.6,1026.7,12,1.2
1993,11/1/2017,2017,11,2,1,Käsebrötchen,48,0,0,0,0,0,0,0,1,10.1,8.3,12.9,0,0,214,11.9,29.9,1021.4,156,2.4
1995,11/2/2017,2017,11,3,2,Käsebrötchen,32,1,0,0,0,0,0,0,0,10,8,11.8,0.6,0,222,10.4,28.4,1014.7,60,-0.1
1997,11/3/2017,2017,11,4,3,Käsebrötchen,32,0,0,0,0,0,0,0,0,9.8,7.2,12.8,0,0,193,6.5,20.9,1016.4,138,-0.2
1999,11/4/2017,2017,11,5,4,Käsebrötchen,32,0,0,0,0,0,0,0,0,10.8,6.5,13.9,5.8,0,175,13,41.8,1008,390,1
2001,11/5/2017,2017,11,6,5,Käsebrötchen,77,0,0,0,0,0,0,0,0,7.7,3.5,12.6,5.2,0,258,8.6,41.4,1010.6,108,-3.1
2003,11/6/2017,2017,11,0,6,Käsebrötchen,22,0,0,0,0,0,0,0,0,5.3,2,9.8,0,0,232,5.4,15.8,1023.7,240,-2.4
2005,11/7/2017,2017,11,1,7,Käsebrötchen,31,1,0,0,0,0,0,0,0,4.5,-0.5,7.5,0,0,80,5.8,19.1,1022.6,336,-0.8
2007,11/8/2017,2017,11,2,8,Käsebrötchen,27,0,0,0,0,0,0,0,0,6.3,4.5,7.5,0,0,39,5.4,16.6,1019.4,0,1.8
2009,11/9/2017,2017,11,3,9,Käsebrötchen,36,1,0,0,0,0,0,0,0,6.8,6.2,8,5.4,0,244,9.7,32.8,1023.1,6,0.5
2011,11/10/2017,2017,11,4,10,Käsebrötchen,31,0,0,0,0,0,0,0,0,7.2,4.8,9.5,2.4,0,237,15.5,48.2,1016.2,24,0.4
2013,11/11/2017,2017,11,5,11,Käsebrötchen,33,0,0,0,0,0,0,0,0,5.2,3.5,6.4,2.7,0,238,10.1,31.3,1010.9,0,-2
2015,11/12/2017,2017,11,6,12,Käsebrötchen,36,0,0,0,0,0,0,0,0,4.1,2.8,5.2,3.5,0,243,8.3,27.7,1004.9,18,-1.1
2017,11/13/2017,2017,11,0,13,Käsebrötchen,26,0,0,0,0,0,0,0,0,5.6,2.5,9,0,0,309,9,28.4,1017.4,264,1.5
2019,11/14/2017,2017,11,1,14,Käsebrötchen,66,1,0,0,0,0,0,0,0,5,1.1,7.6,1.3,0,216,11.5,33.1,1024.9,54,-0.6
2021,11/15/2017,2017,11,2,15,Käsebrötchen,33,0,0,0,0,0,0,0,0,7.3,6.3,8.3,0.2,0,183,8.6,24.1,1026.3,0,2.3
2023,11/16/2017,2017,11,3,16,Käsebrötchen,29,1,0,0,0,0,0,0,0,7.2,5.9,8.4,2,0,180,10.1,24.5,1024.3,0,-0.1
2025,11/17/2017,2017,11,4,17,Käsebrötchen,30,0,0,0,0,0,0,0,0,6.6,3.1,9.2,0,0,306,6.5,20.5,1026.7,324,-0.6
2027,11/18/2017,2017,11,5,18,Käsebrötchen,37,0,0,0,0,0,0,1,0,4.1,1.8,6.1,5.2,0,229,13.7,42.8,1020.1,18,-2.5
2029,11/19/2017,2017,11,6,19,Käsebrötchen,70,0,0,0,0,0,0,0,0,4.6,2.6,7.3,0.8,0,257,10.1,38.2,1018,54,0.5
2031,11/20/2017,2017,11,0,20,Käsebrötchen,33,0,0,0,0,0,0,0,0,4.9,2.9,9.4,17.1,0,219,14,37.4,1017.1,0,0.3
2033,11/21/2017,2017,11,1,21,Käsebrötchen,45,1,0,0,0,0,0,0,0,9.6,8.7,10.3,5.5,0,232,17.6,42.5,1011.7,0,4.7
2035,11/22/2017,2017,11,2,22,Käsebrötchen,28,0,0,0,0,0,0,0,0,10.3,8.8,12.7,0,0,196,21.2,50,1007.4,270,0.7
2037,11/23/2017,2017,11,3,23,Käsebrötchen,38,1,0,0,0,0,0,0,0,11.5,9.6,14.6,12.9,0,198,23,63,1004.3,36,1.2
2039,11/24/2017,2017,11,4,24,Käsebrötchen,36,0,0,0,0,0,0,0,0,7.4,5.5,10.2,10.7,0,224,7.6,28.1,1010.4,18,-4.1
2041,11/25/2017,2017,11,5,25,Käsebrötchen,38,0,0,0,0,0,0,0,0,4.1,1.9,6.2,0,0,295,9.7,35.3,1013.1,72,-3.3
2043,11/26/2017,2017,11,6,26,Käsebrötchen,34,0,0,0,0,0,0,0,0,3.1,1.7,4.9,0.4,0,227,15.8,38.5,1021.1,12,-1
2045,11/27/2017,2017,11,0,27,Käsebrötchen,48,0,0,0,0,0,0,0,0,4.9,2.9,7,19.8,0,218,20.5,59.4,1014.5,0,1.8
2047,11/28/2017,2017,11,1,28,Käsebrötchen,30,1,0,0,0,0,0,0,0,4.4,2.3,5.8,4.6,0,230,13.3,34.9,1006,6,-0.5
2049,11/29/2017,2017,11,2,29,Käsebrötchen,31,0,0,0,0,0,0,0,0,1.8,-0.7,4.1,0.3,0,218,6.5,26.6,1005.8,102,-2.6
2051,11/30/2017,2017,11,3,30,Käsebrötchen,26,1,0,0,0,0,0,0,0,1.4,-1,2.8,3,0,217,6.8,21.2,1005.1,0,-0.4
2053,12/1/2017,2017,12,4,1,Käsebrötchen,40,0,0,0,0,0,0,0,0,1.8,0.2,3.2,0,0,55,7.6,25.2,1015.6,30,0.4
2055,12/2/2017,2017,12,5,2,Käsebrötchen,79,0,0,0,0,0,0,0,0,-0.8,-1.6,0.5,0.7,0,238,6.5,24.5,1027,0,-2.6
2057,12/3/2017,2017,12,6,3,Käsebrötchen,63,0,0,0,0,0,0,1,0,0.4,-0.8,2.6,3.1,0,215,13.3,32.4,1025.2,0,1.2
2059,12/4/2017,2017,12,0,4,Käsebrötchen,26,0,0,0,0,0,0,0,0,5.1,2.6,6.6,1.5,0,258,9.7,27.7,1029.6,0,4.7
2061,12/5/2017,2017,12,1,5,Käsebrötchen,31,1,0,0,0,0,0,0,0,5.1,4.2,5.8,0.4,0,231,13.7,31,1034.2,0,0
2063,12/6/2017,2017,12,2,6,Käsebrötchen,19,0,0,0,0,0,0,0,0,6.3,5.2,7.5,0,0,229,15.5,45.4,1030.4,0,1.2
2065,12/7/2017,2017,12,3,7,Käsebrötchen,26,1,0,0,0,0,0,0,0,4.4,2.6,6.3,12.9,0,206,22.3,59.4,1015.1,12,-1.9
2067,12/8/2017,2017,12,4,8,Käsebrötchen,37,0,0,0,0,0,0,0,0,1.7,-0.3,5.5,9.8,0,244,17.3,57.2,1009.5,12,-2.7
2069,12/9/2017,2017,12,5,9,Käsebrötchen,40,0,0,0,1,0,0,0,0,-0.1,-1.5,0.9,4.4,60,235,16.2,37.8,1012,0,-1.8
2071,12/10/2017,2017,12,6,10,Käsebrötchen,56,0,0,0,0,0,0,0,0,1.5,-0.9,6.6,9.4,50,185,23.8,76,987.8,0,1.6
2073,12/11/2017,2017,12,0,11,Käsebrötchen,27,0,0,0,0,0,0,0,0,1.9,-0.4,7,10.1,20,109,15.1,42.8,981.7,0,0.4
2075,12/12/2017,2017,12,1,12,Käsebrötchen,24,1,0,0,0,0,0,0,0,1.2,-0.1,2.2,0,0,247,14,42.5,1005.1,0,-0.7
2077,12/13/2017,2017,12,2,13,Käsebrötchen,28,0,0,0,0,0,0,0,0,2.6,0.4,5.2,21.2,0,184,21.2,58.3,1002.2,0,1.4
2079,12/14/2017,2017,12,3,14,Käsebrötchen,25,1,0,0,0,0,0,0,0,3,0.8,4.4,3.4,0,226,19.4,60.5,992.1,12,0.4
2081,12/15/2017,2017,12,4,15,Käsebrötchen,36,0,0,0,0,0,0,0,0,2.7,0.9,4.2,0.2,0,213,8.3,28.8,996.6,0,-0.3
2083,12/16/2017,2017,12,5,16,Käsebrötchen,34,0,0,0,0,0,0,0,0,2.4,1.3,4.5,0.9,0,255,8.6,25.6,1011.1,66,-0.3
2085,12/17/2017,2017,12,6,17,Käsebrötchen,46,0,0,0,0,0,0,0,0,1.6,0.6,2.5,6.2,0,237,11.2,36,1022.5,0,-0.8
2087,12/18/2017,2017,12,0,18,Käsebrötchen,25,0,0,0,0,0,0,0,0,1.3,0,2,0.4,0,200,8.6,45.4,1023.5,0,-0.3
2089,12/19/2017,2017,12,1,19,Käsebrötchen,32,1,0,0,0,0,0,0,0,3.7,1.8,5.3,7.5,0,240,7.6,25.2,1033.7,0,2.4
2091,12/20/2017,2017,12,2,20,Käsebrötchen,26,0,0,0,0,0,0,0,0,5.7,4.5,7,1.6,0,243,6.8,18.7,1033.9,0,2
2093,12/21/2017,2017,12,3,21,Käsebrötchen,35,1,0,0,0,0,0,0,0,7.6,6.8,8.4,2.6,0,248,8.6,24.5,1034.5,0,1.9
2095,12/22/2017,2017,12,4,22,Käsebrötchen,40,0,0,0,0,0,0,0,0,8,7.5,8.5,2.2,0,189,4.3,16.9,1034.4,0,0.4
2097,12/23/2017,2017,12,5,23,Käsebrötchen,43,0,0,0,0,0,0,0,0,8,7.3,8.7,0.5,0,244,15.8,46.8,1032.8,0,0
2099,12/24/2017,2017,12,6,24,Käsebrötchen,28,0,0,0,0,0,0,0,0,7.9,7.3,8.5,0.2,0,233,21.2,49,1025.7,0,-0.1
4329,12/25/2017,2017,12,0,24,Käsebrötchen,0,0,0,0,0,0,0,0,1,6.2,2.8,7.6,0,0,217,19.1,43.9,1016.5,0,-1.7
2101,12/26/2017,2017,12,1,26,Käsebrötchen,54,0,0,0,0,0,0,0,1,5,2.5,6.7,2.4,0,198,21.2,57.6,1001.3,18,-1.2
2103,12/27/2017,2017,12,2,27,Käsebrötchen,33,0,0,0,0,0,0,0,0,4.7,3.1,6.3,6.7,0,176,17.6,55.8,986.5,36,-0.3
2105,12/28/2017,2017,12,3,28,Käsebrötchen,26,1,0,0,0,0,0,0,0,2.3,1.1,3.6,0,0,253,14.4,36.4,999.1,102,-2.4
2107,12/29/2017,2017,12,4,29,Käsebrötchen,43,0,0,0,0,0,0,0,0,1.4,-0.3,4.2,2.8,0,191,19.1,56.2,1003.8,120,-0.9
2109,12/30/2017,2017,12,5,30,Käsebrötchen,18,0,0,0,0,0,0,0,0,7.6,2.9,11.7,12.8,0,213,21.2,61.6,1000.3,0,6.2
2111,12/31/2017,2017,12,6,31,Käsebrötchen,40,0,0,0,0,0,0,0,0,11.4,7.3,13.6,3.6,0,219,24.1,63.4,1001.6,0,3.8
2112,1/1/2018,2018,1,0,1,Käsebrötchen,39,0,0,0,0,0,0,0,1,6.2,4,7.8,7.5,0,209,20.9,65.5,1000.6,18,-5.2
2113,1/2/2018,2018,1,1,2,Käsebrötchen,46,1,0,0,0,0,0,0,0,5,4.1,6.1,17.1,0,231,15.8,52.2,1008.3,6,-1.2
2115,1/3/2018,2018,1,2,3,Käsebrötchen,32,0,0,0,0,0,0,0,0,6.9,4.9,10,10.9,0,233,26.6,76,993.3,12,1.9
2117,1/4/2018,2018,1,3,4,Käsebrötchen,31,1,0,0,0,0,0,0,0,7.6,6.2,10.7,2.9,0,226,20.2,63,996,0,0.7
2119,1/5/2018,2018,1,4,5,Käsebrötchen,34,0,0,0,0,0,0,0,0,7.6,4.7,8.7,0.3,0,223,17.3,50,997.9,0,0
2121,1/6/2018,2018,1,5,6,Käsebrötchen,48,0,0,0,0,0,0,0,0,5,3,6.9,0.2,0,154,9.4,39.6,1009,0,-2.6
2123,1/7/2018,2018,1,6,7,Käsebrötchen,51,0,0,0,0,0,0,0,0,2.2,1,3.5,0,0,52,21.6,53.6,1024.4,0,-2.8
2125,1/8/2018,2018,1,0,8,Käsebrötchen,35,0,0,0,0,0,0,0,0,1.9,0.4,4.5,0,0,73,14,41.8,1024.1,336,-0.3
2127,1/9/2018,2018,1,1,9,Käsebrötchen,36,1,0,0,0,0,0,0,0,3.6,-0.1,7.4,0,0,122,10.4,27,1012.4,18,1.7
2129,1/10/2018,2018,1,2,10,Käsebrötchen,33,0,0,0,0,0,0,0,0,7.4,6.1,9,0.2,0,163,13.3,37.1,1010,36,3.8
2131,1/11/2018,2018,1,3,11,Käsebrötchen,18,1,0,0,0,0,0,0,0,6.3,4.7,7.5,0,0,34,4.7,14,1017.2,0,-1.1
2132,1/12/2018,2018,1,4,12,Käsebrötchen,51,0,0,0,0,0,0,0,0,3.7,2.6,4.8,0,0,230,3.6,13.3,1026.4,0,-2.6
2134,1/13/2018,2018,1,5,13,Käsebrötchen,43,0,0,0,0,0,0,0,0,4.4,2.9,6.2,0,0,114,10.8,31.3,1025.6,24,0.7
2136,1/14/2018,2018,1,6,14,Käsebrötchen,46,0,0,0,0,0,0,0,0,2.8,1.2,4.3,0,0,133,18,45,1021.6,366,-1.6
2138,1/15/2018,2018,1,0,15,Käsebrötchen,35,0,0,0,0,0,0,0,0,4.1,1.7,6.2,12.7,0,172,22,60.1,1006.3,0,1.3
2140,1/16/2018,2018,1,1,16,Käsebrötchen,45,1,0,0,0,0,0,0,0,4,1.5,6.1,7.7,0,236,18.4,51.5,993.8,66,-0.1
2142,1/17/2018,2018,1,2,17,Käsebrötchen,37,0,0,0,0,0,0,0,0,2.2,0.1,3.8,4.2,0,239,18.4,60.1,1000.9,0,-1.8
2144,1/18/2018,2018,1,3,18,Käsebrötchen,26,1,0,0,0,0,0,0,0,4.2,1.8,9.7,5.9,0,234,23,106.9,998.9,6,2
2146,1/19/2018,2018,1,4,19,Käsebrötchen,42,0,0,0,0,0,0,0,0,2.3,0.7,4.7,7.4,0,235,14.4,47.5,1007.9,48,-1.9
2148,1/20/2018,2018,1,5,20,Käsebrötchen,31,0,0,0,0,0,0,0,0,1.8,0,3.3,3.3,0,199,10.1,31.3,1005,18,-0.5
2150,1/21/2018,2018,1,6,21,Käsebrötchen,57,0,0,0,0,0,0,0,0,2.1,0.8,5.1,0.5,0,249,10.1,39.2,1013.5,96,0.3
2152,1/22/2018,2018,1,0,22,Käsebrötchen,47,0,0,0,0,0,0,0,0,4.9,1.2,7.3,2.1,0,227,14,46.4,1010.2,0,2.8
2154,1/23/2018,2018,1,1,23,Käsebrötchen,36,1,0,0,0,0,0,1,0,6.8,5.1,9.9,0.3,0,208,13.3,42.5,1020.9,36,1.9
2156,1/24/2018,2018,1,2,24,Käsebrötchen,36,0,0,0,0,0,0,0,0,11.5,9.8,13.2,4.4,0,209,22,70.9,1015.1,6,4.7
2158,1/25/2018,2018,1,3,25,Käsebrötchen,41,1,0,0,0,0,0,0,0,7.4,6,11.5,1.5,0,210,11.2,49.3,1013.1,0,-4.1
2160,1/26/2018,2018,1,4,26,Käsebrötchen,45,0,0,0,0,0,0,0,0,6,3.9,7.6,0,0,222,6.1,18.4,1019.4,6,-1.4
2162,1/27/2018,2018,1,5,27,Käsebrötchen,37,0,0,0,0,0,0,0,0,5.2,3.3,7.7,4.7,0,214,11.2,50.4,1029.7,114,-0.8
2164,1/28/2018,2018,1,6,28,Käsebrötchen,52,0,0,0,0,0,0,0,0,7.5,3.9,9.7,0.4,0,225,19.8,45,1030.1,0,2.3
2166,1/29/2018,2018,1,0,29,Käsebrötchen,32,0,0,0,0,0,0,1,0,8.5,4.3,9.6,3.5,0,241,20.5,50,1026.6,0,1
2168,1/30/2018,2018,1,1,30,Käsebrötchen,40,1,0,0,0,0,0,0,0,4,2.3,6,1.9,0,227,8.6,25.9,1028.2,12,-4.5
2170,1/31/2018,2018,1,2,31,Käsebrötchen,27,0,0,0,0,0,0,0,0,6.4,2.4,9.1,8.9,0,215,20.5,65.2,1007.3,0,2.4
2172,2/1/2018,2018,2,3,1,Käsebrötchen,33,1,0,0,0,0,0,0,0,2.3,0.9,3.8,3.1,0,222,15.8,47.2,1001.1,72,-4.1
2174,2/2/2018,2018,2,4,2,Käsebrötchen,48,0,0,0,0,0,0,0,0,3,0.5,4.8,2.3,0,250,13,43.2,1003.7,0,0.7
2176,2/3/2018,2018,2,5,3,Käsebrötchen,35,0,0,0,0,0,0,0,0,2.3,-0.5,4.5,0.1,0,252,8.3,31.3,1007.7,36,-0.7
2178,2/4/2018,2018,2,6,4,Käsebrötchen,42,0,0,0,0,0,0,0,0,-0.8,-1.8,0.4,0.5,0,27,13.3,37.8,1019.8,24,-3.1
2180,2/5/2018,2018,2,0,5,Käsebrötchen,40,0,0,0,0,0,0,0,0,-0.7,-2.9,3,0,0,68,15.8,38.5,1025.9,504,0.1
2182,2/6/2018,2018,2,1,6,Käsebrötchen,46,1,0,0,0,0,0,0,0,-2,-4.2,-0.3,0,0,57,10.8,24.8,1016.2,120,-1.3
2184,2/7/2018,2018,2,2,7,Käsebrötchen,39,0,0,0,0,0,0,0,0,-1.4,-3.4,1.5,0,0,22,11.2,22.7,1017.2,420,0.6
2186,2/8/2018,2018,2,3,8,Käsebrötchen,23,1,0,0,0,0,0,0,0,-2.3,-6.2,1.6,0,0,195,5.4,15.5,1021.1,480,-0.9
2188,2/9/2018,2018,2,4,9,Käsebrötchen,32,0,0,0,0,0,0,1,0,-1,-3.1,0.8,0,0,167,15.1,37.1,1015.5,450,1.3
2190,2/10/2018,2018,2,5,10,Käsebrötchen,32,0,0,0,0,0,0,0,0,1.2,0,2.9,1.7,0,201,12.2,42.5,1014.8,0,2.2
2192,2/11/2018,2018,2,6,11,Käsebrötchen,46,0,0,0,0,0,0,0,0,2.1,-0.4,4.9,2.9,0,209,19.4,62.6,1003.4,18,0.9
2194,2/12/2018,2018,2,0,12,Käsebrötchen,34,0,0,0,0,0,0,0,0,1.5,-1,4.4,0,0,235,13.7,38.2,1013.2,300,-0.6
2196,2/13/2018,2018,2,1,13,Käsebrötchen,40,1,0,0,0,0,0,0,0,1.1,-1.2,4.9,0,0,168,15.1,38.2,1013.9,480,-0.4
2198,2/14/2018,2018,2,2,14,Käsebrötchen,35,0,0,0,0,0,0,0,0,1.5,-1.5,4.3,2.3,0,157,21.6,56.5,1016,510,0.4
2200,2/15/2018,2018,2,3,15,Käsebrötchen,27,1,0,0,0,0,0,0,0,2.6,-0.2,5.4,1.2,10,175,21.2,62.6,1013.7,0,1.1
2202,2/16/2018,2018,2,4,16,Käsebrötchen,29,0,0,0,0,0,0,0,0,3.2,0.4,6.9,0,0,223,9.7,26.6,1025.4,366,0.6
2204,2/17/2018,2018,2,5,17,Käsebrötchen,49,0,0,0,0,0,0,0,0,2,-0.8,5.2,0,0,91,7.9,22,1024.7,138,-1.2
2206,2/18/2018,2018,2,6,18,Käsebrötchen,49,0,0,0,0,0,0,0,0,1.9,-1.4,6.4,0,0,153,11.9,27,1026.6,474,-0.1
2208,2/19/2018,2018,2,0,19,Käsebrötchen,41,0,0,0,0,0,0,0,0,1.4,-0.5,3.8,0,0,172,9.4,28.8,1020.7,78,-0.5
2210,2/20/2018,2018,2,1,20,Käsebrötchen,35,1,0,0,0,0,0,0,0,1,-3,5.6,0,0,60,9.7,29.2,1019.6,390,-0.4
2212,2/21/2018,2018,2,2,21,Käsebrötchen,38,0,0,0,0,0,0,0,0,0.3,-2.1,3.9,0,0,40,13,34.9,1025.1,540,-0.7
2214,2/22/2018,2018,2,3,22,Käsebrötchen,35,1,0,0,0,0,0,0,0,-0.2,-2.9,3.5,0,0,62,15.5,49,1024.3,582,-0.5
2216,2/23/2018,2018,2,4,23,Käsebrötchen,38,0,0,0,0,0,0,0,0,-0.8,-3.1,2.1,0,0,61,18.4,54,1022.9,600,-0.6
2218,2/24/2018,2018,2,5,24,Käsebrötchen,40,0,0,0,0,0,0,0,0,-1.6,-4.6,2.3,0,0,66,20.2,49,1025.9,558,-0.8
2220,2/25/2018,2018,2,6,25,Käsebrötchen,56,0,0,0,0,0,0,1,0,-3.5,-6.3,-0.5,0.3,0,61,18,49.7,1029.9,606,-1.9
2222,2/26/2018,2018,2,0,26,Käsebrötchen,31,0,0,0,0,0,0,0,0,-4.4,-5.6,-2.1,0,0,44,16.9,52.6,1029.2,168,-0.9
2224,2/27/2018,2018,2,1,27,Käsebrötchen,32,1,0,0,0,0,0,0,0,-5.3,-8.2,-2.6,0,0,49,14.4,42.5,1023.2,540,-0.9
2226,2/28/2018,2018,2,2,28,Käsebrötchen,42,0,0,0,0,0,0,0,0,-7.3,-9.1,-4.5,0,0,73,17.6,49.7,1021,606,-2
2228,3/1/2018,2018,3,3,1,Käsebrötchen,31,1,0,0,0,0,0,0,0,-5,-8.5,-0.7,0,0,73,21.6,53.6,1009.1,492,2.3
2230,3/2/2018,2018,3,4,2,Käsebrötchen,40,0,0,0,0,0,0,0,0,-4.1,-7.7,-0.7,1.6,0,76,18.7,47.9,1000,198,0.9
2232,3/3/2018,2018,3,5,3,Käsebrötchen,38,0,0,0,0,0,0,0,0,-1.9,-4.4,1.2,0,30,85,11.2,37.1,998.4,18,2.2
2234,3/4/2018,2018,3,6,4,Käsebrötchen,47,0,0,0,0,0,0,0,0,5.9,0.7,12.2,0.3,0,148,16.2,42.1,996.4,270,7.8
2236,3/5/2018,2018,3,0,5,Käsebrötchen,27,0,0,0,0,0,0,0,0,7.6,5,12.4,0,0,169,12.2,39.2,995,318,1.7
2238,3/6/2018,2018,3,1,6,Käsebrötchen,23,1,0,0,0,0,0,0,0,8.3,4.2,12.2,0,0,194,9.4,27,991.8,432,0.7
2240,3/7/2018,2018,3,2,7,Käsebrötchen,37,0,0,0,0,0,0,0,0,6,3.3,9.4,4.8,0,184,9.7,38.5,995.3,216,-2.3
2242,3/8/2018,2018,3,3,8,Käsebrötchen,44,1,0,0,0,0,0,0,0,4.7,2.4,7.8,7.4,0,212,17.6,54,1001.4,186,-1.3
2244,3/9/2018,2018,3,4,9,Käsebrötchen,40,0,0,0,0,0,0,0,0,5.7,1.7,9.8,5.4,0,192,13,29.2,1006.5,156,1
2246,3/10/2018,2018,3,5,10,Käsebrötchen,45,0,0,0,0,0,0,1,0,11.3,7.9,14.4,0,0,172,14,34.2,1001.3,144,5.6
2248,3/11/2018,2018,3,6,11,Käsebrötchen,61,0,0,0,0,0,0,0,0,12.1,8.9,15.4,0,0,161,15.1,50.8,995.6,48,0.8
2250,3/12/2018,2018,3,0,12,Käsebrötchen,36,0,0,0,0,0,0,0,0,10.5,8.4,13.8,2.7,0,193,12.2,44.3,993.5,78,-1.6
2252,3/13/2018,2018,3,1,13,Käsebrötchen,27,1,0,0,0,0,0,0,0,5.9,3.8,8.7,10.1,0,251,15.1,46.4,1002.9,0,-4.6
2254,3/14/2018,2018,3,2,14,Käsebrötchen,32,0,0,0,0,0,0,0,0,5.9,3.3,9.9,0,0,198,8.6,27.7,1011,426,0
2256,3/15/2018,2018,3,3,15,Käsebrötchen,30,1,0,0,0,0,0,0,0,7.8,3.8,12.4,4.3,0,114,17.3,41.4,999.1,330,1.9
2258,3/16/2018,2018,3,4,16,Käsebrötchen,43,0,0,0,0,0,0,0,0,3.6,-0.8,5.7,0.4,0,67,14.4,46.4,1002.7,0,-4.2
2260,3/17/2018,2018,3,5,17,Käsebrötchen,35,0,0,0,0,0,0,0,0,-3.1,-4.1,-0.8,0.3,0,62,26.6,63.7,1007,0,-6.7
2262,3/18/2018,2018,3,6,18,Käsebrötchen,46,0,0,0,0,0,0,0,0,-2.2,-3.8,0.1,0,0,66,23,62.3,1010,84,0.9
2264,3/19/2018,2018,3,0,19,Käsebrötchen,33,0,0,0,0,0,0,0,0,-1.4,-4.9,2.7,0.5,0,59,16.9,42.8,1014.3,660,0.8
2266,3/20/2018,2018,3,1,20,Käsebrötchen,24,1,0,0,0,0,0,0,0,1.7,-4.3,7.5,0.1,10,350,16.2,54.4,1021.1,492,3.1
2268,3/21/2018,2018,3,2,21,Käsebrötchen,35,0,0,0,0,0,0,0,0,0.7,-3.6,4.7,0.2,0,248,7.9,23.4,1029.1,66,-1
2270,3/22/2018,2018,3,3,22,Käsebrötchen,35,1,0,0,0,0,0,0,0,3.9,1,6.6,5.2,0,241,11.5,33.5,1017,0,3.2
2272,3/23/2018,2018,3,4,23,Käsebrötchen,38,0,0,0,0,0,0,0,0,5.2,4.1,6.3,0,0,224,9.7,24.1,1007.7,0,1.3
2274,3/24/2018,2018,3,5,24,Käsebrötchen,45,0,0,0,0,0,0,0,0,6.3,0.5,11.5,0,0,124,9,27,1003.3,390,1.1
2276,3/25/2018,2018,3,6,25,Käsebrötchen,53,0,0,0,0,0,0,0,0,7.8,3,13.1,0,0,0,7.9,26.6,1008.3,414,1.5
2278,3/26/2018,2018,3,0,26,Käsebrötchen,36,0,0,0,0,0,0,0,0,6.6,3.5,10.2,0,0,329,8.6,31.3,1015.9,504,-1.2
2280,3/27/2018,2018,3,1,27,Käsebrötchen,27,1,0,0,0,0,0,0,0,5.7,1.6,9.8,3.2,0,171,11.9,34.2,1011.7,228,-0.9
2282,3/28/2018,2018,3,2,28,Käsebrötchen,43,0,0,0,0,0,0,0,0,6.4,2.7,8.3,9.3,0,217,11.9,58.3,1002,0,0.7
2284,3/29/2018,2018,3,3,29,Käsebrötchen,37,1,0,0,0,0,0,0,0,5,2.7,8.9,0,0,226,12.2,38.5,1006.2,288,-1.4
2286,3/30/2018,2018,3,4,30,Käsebrötchen,46,0,0,0,0,0,0,0,1,8.9,4.9,13.2,2.1,0,138,16.9,42.5,1001.6,336,3.9
2288,3/31/2018,2018,3,5,31,Käsebrötchen,26,0,0,0,0,0,0,0,0,8.1,4.2,12.8,9,0,215,7.2,35.3,1000.5,414,-0.8
2289,4/1/2018,2018,4,6,1,Käsebrötchen,37,0,0,0,0,0,0,1,0,5.2,3.7,7.1,5.9,0,248,7.6,31.3,1008.7,0,-2.9
2291,4/2/2018,2018,4,0,2,Käsebrötchen,65,0,0,0,0,0,0,0,0,7.8,2.1,12.6,2,0,172,15.5,44.3,1007.3,54,2.6
2293,4/3/2018,2018,4,1,3,Käsebrötchen,31,1,0,0,0,0,0,0,0,12.2,8.8,16,0.6,0,180,15.8,56.5,1001.4,132,4.4
2295,4/4/2018,2018,4,2,4,Käsebrötchen,38,0,0,0,0,0,0,0,0,11.1,6.5,13.3,0.6,0,183,17.3,49.7,1001.7,132,-1.1
2297,4/5/2018,2018,4,3,5,Käsebrötchen,30,1,0,0,0,0,0,0,0,6.9,1.9,9.9,1.3,0,256,15.8,49.7,1012.8,66,-4.2
2299,4/6/2018,2018,4,4,6,Käsebrötchen,35,0,0,0,0,0,0,0,0,8.5,0.9,14.9,0,0,124,17.3,44.3,1019.6,714,1.6
2301,4/7/2018,2018,4,5,7,Käsebrötchen,45,0,0,0,0,0,0,0,0,16.2,9.6,22.2,0,0,156,18.7,40,1011,738,7.7
2303,4/8/2018,2018,4,6,8,Käsebrötchen,49,0,0,0,0,0,0,0,0,18.9,15.2,23.9,0,0,160,7.9,22.3,1007.4,342,2.7
2305,4/9/2018,2018,4,0,9,Käsebrötchen,32,0,0,0,0,0,0,0,0,16.5,12.3,19.6,0,0,45,9,23.4,1004.3,138,-2.4
2307,4/10/2018,2018,4,1,10,Käsebrötchen,32,1,0,0,0,0,0,0,0,15.3,11.1,20.1,7.9,0,193,9,58.3,1003.7,288,-1.2
2309,4/11/2018,2018,4,2,11,Käsebrötchen,36,0,0,0,0,0,0,0,0,11.5,10.3,14,2.6,0,185,6.8,25.9,1006.8,90,-3.8
2311,4/12/2018,2018,4,3,12,Käsebrötchen,41,1,0,0,0,0,0,0,0,13.1,8.2,19.2,0,0,67,12.2,39.2,1001.8,228,1.6
2313,4/13/2018,2018,4,4,13,Käsebrötchen,40,0,0,0,0,0,0,1,0,12.2,7.9,14.7,0,0,234,6.8,21.6,1008.4,36,-0.9
2315,4/14/2018,2018,4,5,14,Käsebrötchen,50,0,0,0,0,0,0,0,0,13.1,9.5,17.2,3.1,0,279,7.2,26.6,1017.5,306,0.9
2317,4/15/2018,2018,4,6,15,Käsebrötchen,44,0,0,0,0,0,0,0,0,14.2,10.8,18.3,0.3,0,179,7.9,37.8,1013.3,276,1.1
2319,4/16/2018,2018,4,0,16,Käsebrötchen,32,0,0,0,0,0,0,0,0,13.8,9.4,17.3,0,0,244,8.6,27.7,1016,396,-0.4
2321,4/17/2018,2018,4,1,17,Käsebrötchen,28,1,0,0,0,0,0,0,0,15.1,6.4,20.9,0,0,168,7.2,30.6,1025.4,750,1.3
2323,4/18/2018,2018,4,2,18,Käsebrötchen,40,0,0,0,0,0,0,0,0,19.4,12.1,26.1,0,0,135,7.6,21.2,1030.2,774,4.3
2325,4/19/2018,2018,4,3,19,Käsebrötchen,32,1,0,0,0,0,0,0,0,22.4,15,28.6,0,0,123,13,32,1026.8,792,3
2327,4/20/2018,2018,4,4,20,Käsebrötchen,36,0,0,0,0,0,0,0,0,22.1,17.6,27.1,0,0,200,9,23,1022.7,756,-0.3
2329,4/21/2018,2018,4,5,21,Käsebrötchen,33,0,0,0,0,0,0,0,0,18.2,12.2,22.9,0,0,17,9,24.5,1020.8,768,-3.9
2331,4/22/2018,2018,4,6,22,Käsebrötchen,57,0,0,0,0,0,0,0,0,19,12.4,25.4,5.3,0,133,8.6,34.6,1012.7,576,0.8
2333,4/23/2018,2018,4,0,23,Käsebrötchen,31,0,0,0,0,0,0,0,0,14.7,10.1,18.1,0,0,243,10.4,38.2,1015.2,384,-4.3
2335,4/24/2018,2018,4,1,24,Käsebrötchen,37,1,0,0,0,0,0,0,0,11.3,8.2,15,1.4,0,226,13.7,36.7,1016,72,-3.4
2337,4/25/2018,2018,4,2,25,Käsebrötchen,33,0,0,0,0,0,0,0,0,12.4,8.3,14.7,8,0,239,14.8,46.8,1011.2,180,1.1
2339,4/26/2018,2018,4,3,26,Käsebrötchen,37,1,0,0,0,0,0,0,0,9.1,5.8,13.3,2.5,0,232,14.4,58.3,1016.3,300,-3.3
2341,4/27/2018,2018,4,4,27,Käsebrötchen,35,0,0,0,0,0,0,1,0,11.7,5.1,17,0,0,155,9.4,31.3,1011.9,636,2.6
2343,4/28/2018,2018,4,5,28,Käsebrötchen,43,0,0,0,0,0,0,0,0,13.6,10.8,17,0,0,210,10.4,35.6,1010.8,108,1.9
2345,4/29/2018,2018,4,6,29,Käsebrötchen,45,0,0,0,0,0,0,0,0,14.4,7.4,21.1,6.7,0,117,9.7,41,1006.3,246,0.8
2347,4/30/2018,2018,4,0,30,Käsebrötchen,24,0,0,0,0,0,0,0,0,11,5,14.3,7.5,0,199,20.2,63.4,999.9,204,-3.4
2349,5/1/2018,2018,5,1,1,Käsebrötchen,65,0,0,0,0,0,0,0,1,8.3,4.8,13,0,0,226,19.8,59,1010.5,480,-2.7
2351,5/2/2018,2018,5,2,2,Käsebrötchen,35,0,0,0,0,0,0,0,0,11.5,5.2,16.4,0,0,172,12.2,34.2,1012.6,798,3.2
2353,5/3/2018,2018,5,3,3,Käsebrötchen,34,1,0,0,0,0,0,0,0,12,8.1,15.5,0,0,319,8.6,25.2,1017.8,600,0.5
2355,5/4/2018,2018,5,4,4,Käsebrötchen,26,0,0,0,0,0,0,0,0,13.2,6.3,18.6,0,0,49,12.6,34.2,1023.2,834,1.2
2357,5/5/2018,2018,5,5,5,Käsebrötchen,47,0,0,0,0,0,0,0,0,15.3,7.6,21.4,0,0,57,13.3,39.6,1024.8,822,2.1
2359,5/6/2018,2018,5,6,6,Käsebrötchen,53,0,0,0,0,0,0,0,0,17.9,7.7,25,0,0,75,10.1,30.2,1023.2,822,2.6
2361,5/7/2018,2018,5,0,7,Käsebrötchen,35,0,0,0,0,0,0,0,0,19.5,12.2,25.4,0,0,82,9.7,27.7,1018.7,852,1.6
2363,5/8/2018,2018,5,1,8,Käsebrötchen,39,1,0,0,0,0,0,0,0,21.4,14.9,27.3,0,0,119,8.6,27.4,1010.9,852,1.9
2365,5/9/2018,2018,5,2,9,Käsebrötchen,34,0,0,0,0,0,0,0,0,21.8,16.3,27.4,0,0,127,8.6,21.6,1006.7,744,0.4
2367,5/10/2018,2018,5,3,10,Käsebrötchen,75,0,0,0,0,0,0,0,1,13.8,9.2,17.4,0,0,268,11.5,42.1,1012.6,180,-8
2369,5/11/2018,2018,5,4,11,Käsebrötchen,39,0,0,0,0,0,0,0,0,13.8,6.4,19.3,0,0,64,8.6,23.8,1019.5,510,0
2371,5/12/2018,2018,5,5,12,Käsebrötchen,38,0,0,0,0,0,0,0,0,18.7,12.7,23.6,0,0,122,9,25.2,1014.2,726,4.9
2373,5/13/2018,2018,5,6,13,Käsebrötchen,58,0,0,0,0,0,0,1,0,14.5,12,17.6,6.5,0,284,10.1,27.7,1012.1,72,-4.2
2375,5/14/2018,2018,5,0,14,Käsebrötchen,32,0,0,0,0,0,0,0,0,18.5,12,25.4,0,0,17,13.3,41.8,1012,606,4
2377,5/15/2018,2018,5,1,15,Käsebrötchen,32,1,0,0,0,0,0,0,0,18.8,13.5,23.1,0,0,51,12.2,37.4,1015.1,780,0.3
2379,5/16/2018,2018,5,2,16,Käsebrötchen,31,0,0,0,0,0,0,0,0,16.3,10.2,19.8,0.5,0,44,11.5,40.3,1016.6,408,-2.5
2381,5/17/2018,2018,5,3,17,Käsebrötchen,32,1,0,0,0,0,0,0,0,11.7,8.1,17.4,0,0,333,14,34.6,1021.6,672,-4.6
2383,5/18/2018,2018,5,4,18,Käsebrötchen,37,0,0,0,0,0,1,0,0,11.1,7.2,16.1,0,0,327,10.1,27.7,1022.7,540,-0.6
2385,5/19/2018,2018,5,5,19,Käsebrötchen,51,0,0,0,0,0,1,0,0,12.2,6.3,17.8,0,0,8,6.8,21.6,1022.9,402,1.1
2387,5/20/2018,2018,5,6,20,Käsebrötchen,50,0,0,0,0,0,1,0,0,17.3,9.8,24.1,0,0,66,11.9,33.8,1021.6,846,5.1
2389,5/21/2018,2018,5,0,21,Käsebrötchen,69,0,0,0,0,0,1,0,1,19.4,11.8,25.6,0,0,80,13.3,35.6,1015.3,714,2.1
2391,5/22/2018,2018,5,1,22,Käsebrötchen,39,1,0,0,0,0,0,0,0,18.1,14.3,23.9,0.7,0,67,7.9,27.7,1013.4,372,-1.3
2393,5/23/2018,2018,5,2,23,Käsebrötchen,31,0,0,0,0,0,0,0,0,18.5,14.3,23.1,5.8,0,51,11.5,36.4,1019.1,156,0.4
2395,5/24/2018,2018,5,3,24,Käsebrötchen,41,1,0,0,0,0,0,0,0,17.2,12.7,21.6,0.3,0,71,12.6,35.3,1019.1,132,-1.3
2397,5/25/2018,2018,5,4,25,Käsebrötchen,39,0,0,0,0,0,0,0,0,20,14.8,24.6,0.7,0,101,7.9,22.7,1018.4,540,2.8
2399,5/26/2018,2018,5,5,26,Käsebrötchen,27,0,0,0,0,0,0,0,0,22.7,15.6,28.5,0,0,92,9.4,29.9,1019.8,792,2.7
2401,5/27/2018,2018,5,6,27,Käsebrötchen,46,0,0,0,0,0,0,0,0,20.6,16.6,27.1,14.9,0,74,9.7,38.9,1018.4,294,-2.1
2403,5/28/2018,2018,5,0,28,Käsebrötchen,31,0,0,0,0,0,0,0,0,22.9,15.2,29.3,0,0,85,8.3,24.1,1017.4,732,2.3
2405,5/29/2018,2018,5,1,29,Käsebrötchen,34,1,0,0,0,0,0,0,0,21.8,17.1,29.8,26,0,110,8.6,41,1013,486,-1.1
2407,5/30/2018,2018,5,2,30,Käsebrötchen,28,0,0,0,0,0,0,0,0,22.1,16.6,27.2,0,0,178,5.8,20.9,1014.2,696,0.3
2409,5/31/2018,2018,5,3,31,Käsebrötchen,64,0,0,0,0,0,0,0,1,22,17.8,26,1.3,0,254,7.6,22.3,1014.6,606,-0.1
2411,6/1/2018,2018,6,4,1,Käsebrötchen,31,0,0,0,0,0,0,0,0,18.1,15.5,21.9,9.7,0,298,8.6,30.2,1016.3,36,-3.9
2413,6/2/2018,2018,6,5,2,Käsebrötchen,35,0,0,0,0,0,0,0,0,17.3,15.2,21.1,0.4,0,241,8.3,25.2,1018.9,78,-0.8
2415,6/3/2018,2018,6,6,3,Käsebrötchen,39,0,0,0,0,0,0,0,0,19,14.6,23.6,0,0,321,5.8,19.1,1018.5,318,1.7
2417,6/4/2018,2018,6,0,4,Käsebrötchen,27,0,0,0,0,0,0,0,0,20.3,15.2,25.2,0,0,45,11.9,33.8,1013.8,774,1.3
2419,6/5/2018,2018,6,1,5,Käsebrötchen,20,1,0,0,0,0,0,0,0,17,15.1,20.9,0,0,31,11.2,27.7,1014,324,-3.3
2421,6/6/2018,2018,6,2,6,Käsebrötchen,42,0,0,0,0,0,0,0,0,21.6,13.9,28,0,0,88,7.9,27,1013.2,906,4.6
2423,6/7/2018,2018,6,3,7,Käsebrötchen,34,1,0,0,0,0,0,0,0,21,16.8,28.1,15.6,0,225,7.6,45.7,1014.4,504,-0.6
2425,6/8/2018,2018,6,4,8,Käsebrötchen,36,0,0,0,0,0,0,0,0,19.4,17.1,22,2.5,0,318,7.6,20.5,1014.3,108,-1.6
2427,6/9/2018,2018,6,5,9,Käsebrötchen,21,0,0,0,0,0,0,0,0,21.8,16.9,27.2,2.5,0,321,6.5,18,1012.9,522,2.4
2429,6/10/2018,2018,6,6,10,Käsebrötchen,52,0,0,0,0,0,0,0,0,20.5,16.4,24.3,0,0,334,8.3,30.6,1012.3,270,-1.3
2431,6/11/2018,2018,6,0,11,Käsebrötchen,35,0,0,0,0,0,0,0,0,18.1,14.3,21.8,0,0,41,15.1,38.2,1012.5,486,-2.4
2433,6/12/2018,2018,6,1,12,Käsebrötchen,31,1,0,0,0,0,0,0,0,15,12.1,18.1,0.9,0,29,12.2,32,1013.4,132,-3.1
2435,6/13/2018,2018,6,2,13,Käsebrötchen,36,0,0,0,0,0,0,0,0,13.8,10.3,17.3,0,0,330,9.7,28.1,1016.6,36,-1.2
2437,6/14/2018,2018,6,3,14,Käsebrötchen,42,1,0,0,0,0,0,0,0,15,9.6,20.6,3.7,0,201,9.7,34.2,1016.1,384,1.2
2439,6/15/2018,2018,6,4,15,Käsebrötchen,37,0,0,0,0,0,0,0,0,18.5,14.1,23.3,0,0,210,5.4,21.6,1016.6,456,3.5
2441,6/16/2018,2018,6,5,16,Käsebrötchen,34,0,0,0,0,0,0,0,0,18.3,14.5,23.6,5,0,214,6.8,37.1,1015.4,366,-0.2
2443,6/17/2018,2018,6,6,17,Käsebrötchen,48,0,0,0,0,0,0,0,0,15.6,12.8,18.5,0,0,237,11.9,36.7,1018.3,192,-2.7
2445,6/18/2018,2018,6,0,18,Käsebrötchen,31,0,0,0,0,0,0,0,0,17.6,14.5,20.9,0.1,0,214,11.2,32.4,1020.7,66,2
2447,6/19/2018,2018,6,1,19,Käsebrötchen,28,1,0,0,0,0,0,0,0,17.4,14.5,20.8,0.4,0,230,9.7,26.6,1023.8,6,-0.2
2449,6/20/2018,2018,6,2,20,Käsebrötchen,35,0,0,0,0,0,0,0,0,21.6,17.2,26.7,0,0,232,7.9,27,1020.7,576,4.2
2451,6/21/2018,2018,6,3,21,Käsebrötchen,37,1,0,0,0,0,0,0,0,15.4,9.7,19.5,0.3,0,276,14.8,54.4,1019.6,330,-6.2
2453,6/22/2018,2018,6,4,22,Käsebrötchen,36,0,0,0,0,0,0,0,0,12.5,8.7,17.2,0.7,0,288,13.7,40,1025.4,276,-2.9
2455,6/23/2018,2018,6,5,23,Käsebrötchen,36,0,0,0,0,0,0,0,0,13.3,9,18.1,0,0,299,8.6,33.1,1026.6,198,0.8
2457,6/24/2018,2018,6,6,24,Käsebrötchen,55,0,0,0,0,0,0,0,0,14.4,11.1,17.2,0,0,346,9.4,29.2,1023.4,108,1.1
2459,6/25/2018,2018,6,0,25,Käsebrötchen,34,0,0,0,0,0,0,0,0,16.3,12.5,21.2,0,0,335,10.1,27.4,1024.4,324,1.9
2461,6/26/2018,2018,6,1,26,Käsebrötchen,31,1,0,0,0,0,0,0,0,14.2,11.2,17.7,0,0,30,10.8,25.9,1025.8,330,-2.1
2463,6/27/2018,2018,6,2,27,Käsebrötchen,25,0,0,0,0,0,0,0,0,19,11.7,25.4,0,0,62,11.5,42.8,1024.4,876,4.8
2465,6/28/2018,2018,6,3,28,Käsebrötchen,26,1,0,0,0,0,0,0,0,21.5,14.4,26.8,0,0,59,13.3,39.2,1022.3,882,2.5
2467,6/29/2018,2018,6,4,29,Käsebrötchen,39,0,0,0,0,0,0,0,0,22.2,15.7,28,0,0,33,14,32.8,1018.3,936,0.7
2469,6/30/2018,2018,6,5,30,Käsebrötchen,29,0,0,0,0,0,0,0,0,21.6,15.6,26.8,0,0,58,14.4,40.3,1015.7,930,-0.6
2471,7/1/2018,2018,7,6,1,Käsebrötchen,36,0,0,0,0,0,0,0,0,20.3,14.7,25.5,0,0,83,15.1,40,1016.9,942,-1.3
2473,7/2/2018,2018,7,0,2,Käsebrötchen,32,0,0,0,0,0,0,0,0,20.4,12.1,26.2,0,0,72,12.6,36.7,1016.5,942,0.1
2475,7/3/2018,2018,7,1,3,Käsebrötchen,28,1,0,0,0,0,0,0,0,22.4,13.8,29.2,0.4,0,66,7.9,26.3,1016.5,930,2
2477,7/4/2018,2018,7,2,4,Käsebrötchen,27,0,0,0,0,0,0,0,0,22.8,17.2,27.8,0,0,153,7.6,25.2,1014,378,0.4
2479,7/5/2018,2018,7,3,5,Käsebrötchen,39,1,0,0,0,0,0,0,0,21.3,16.6,26.7,8.5,0,302,7.6,31.7,1013.9,408,-1.5
2481,7/6/2018,2018,7,4,6,Käsebrötchen,37,0,0,0,0,0,0,0,0,19.3,13.2,25.2,0,0,341,9.7,32,1020.2,360,-2
2483,7/7/2018,2018,7,5,7,Käsebrötchen,29,0,0,0,0,0,0,0,0,20.3,15.5,25.1,0,0,14,11.2,36.7,1023.3,828,1
2485,7/8/2018,2018,7,6,8,Käsebrötchen,51,0,0,0,0,0,0,0,0,18.9,12.5,25.1,0,0,7,11.2,34.9,1024.2,912,-1.4
2487,7/9/2018,2018,7,0,9,Käsebrötchen,22,0,0,0,0,0,0,0,0,18.3,13.5,23,0,0,0,11.2,29.5,1022.8,408,-0.6
2489,7/10/2018,2018,7,1,10,Käsebrötchen,31,1,0,0,0,0,0,0,0,15.1,13.1,18.9,0.1,0,300,13.3,41.8,1017.5,108,-3.2
2491,7/11/2018,2018,7,2,11,Käsebrötchen,30,0,0,0,0,0,0,0,0,16.2,11.2,21.7,5.3,0,331,8.3,37.1,1017.4,258,1.1
2493,7/12/2018,2018,7,3,12,Käsebrötchen,38,1,0,0,0,0,0,0,0,19.5,14.3,25.8,0,0,330,7.9,28.1,1018.5,426,3.3
2495,7/13/2018,2018,7,4,13,Käsebrötchen,32,0,0,0,0,0,0,0,0,20.3,14.1,26.3,0,0,359,7.2,24.5,1020.5,792,0.8
2497,7/14/2018,2018,7,5,14,Käsebrötchen,24,0,0,0,0,0,0,0,0,20.6,14.8,26.3,0,0,17,10.1,25.2,1019.6,792,0.3
2499,7/15/2018,2018,7,6,15,Käsebrötchen,54,0,0,0,0,0,0,0,0,21.6,14.9,27.4,0,0,52,9.7,28.4,1016.9,912,1
2501,7/16/2018,2018,7,0,16,Käsebrötchen,21,0,0,0,0,0,0,0,0,23.5,15.7,29.4,0,0,43,7.2,24.8,1013.4,894,1.9
2503,7/17/2018,2018,7,1,17,Käsebrötchen,36,1,0,0,0,0,0,0,0,22.3,16.4,28.8,0,0,263,10.1,41,1014.9,606,-1.2
2505,7/18/2018,2018,7,2,18,Käsebrötchen,38,0,0,0,0,0,0,0,0,20.2,12.6,26.4,0,0,323,5.8,20.5,1018.7,708,-2.1
2507,7/19/2018,2018,7,3,19,Käsebrötchen,46,1,1,0,0,0,0,0,0,21.8,14.8,28.1,0,0,90,6.5,23,1017.8,540,1.6
2509,7/20/2018,2018,7,4,20,Käsebrötchen,35,0,1,0,0,0,0,0,0,22.2,14.6,28.7,1.3,0,291,6.5,21.6,1013.4,738,0.4
2511,7/21/2018,2018,7,5,21,Käsebrötchen,28,0,1,0,0,0,0,0,0,21.9,16.1,28.9,0.1,0,246,7.2,25.9,1011.4,534,-0.3
2513,7/22/2018,2018,7,6,22,Käsebrötchen,55,0,1,0,0,0,0,0,0,21.5,15.4,27.9,0,0,310,7.6,26.3,1014.8,486,-0.4
2515,7/23/2018,2018,7,0,23,Käsebrötchen,37,0,0,0,0,0,0,0,0,22.8,14.8,28.7,0,0,244,5.4,22.7,1017.2,678,1.3
2517,7/24/2018,2018,7,1,24,Käsebrötchen,30,1,0,0,0,0,0,0,0,26.8,19.1,32.8,0,0,171,5.8,23,1014.5,798,4
2519,7/25/2018,2018,7,2,25,Käsebrötchen,39,0,0,0,0,0,0,0,0,25.8,19.1,34.7,0.2,0,2,8.6,37.4,1015,498,-1
2521,7/26/2018,2018,7,3,26,Käsebrötchen,29,1,0,0,0,0,0,0,0,28.4,20.3,35.6,0,0,86,7.9,25.6,1014.4,564,2.6
2523,7/27/2018,2018,7,4,27,Käsebrötchen,39,0,0,0,0,0,0,0,0,29.2,22.3,34.9,0,0,87,11.9,35.3,1011.5,852,0.8
2525,7/28/2018,2018,7,5,28,Käsebrötchen,32,0,0,0,0,0,0,0,0,23.7,18.4,28.4,0.7,0,218,11.2,43.2,1009.2,330,-5.5
2527,7/29/2018,2018,7,6,29,Käsebrötchen,50,0,0,0,0,0,0,0,0,23.3,18.2,28.8,0,0,172,11.9,42.1,1013.5,306,-0.4
2529,7/30/2018,2018,7,0,30,Käsebrötchen,25,0,0,0,0,0,0,0,0,26.5,19.6,32.4,0,0,186,6.8,27.7,1014.8,624,3.2
2531,7/31/2018,2018,7,1,31,Käsebrötchen,34,1,0,0,0,0,0,0,0,24.8,19,30.8,0,0,289,10.4,41.4,1016.9,600,-1.7
2533,8/1/2018,2018,8,2,1,Käsebrötchen,40,0,0,0,0,0,0,0,0,23.7,18.3,28.3,0,0,37,11.2,27.4,1020.9,402,-1.1
2535,8/2/2018,2018,8,3,2,Käsebrötchen,22,1,0,0,0,0,0,0,0,25.9,18.5,32.2,0,0,29,9,26.6,1022,840,2.2
2537,8/3/2018,2018,8,4,3,Käsebrötchen,37,0,0,0,0,0,0,0,0,27.6,19.5,34.4,0,0,12,7.9,25.2,1020.5,828,1.7
2539,8/4/2018,2018,8,5,4,Käsebrötchen,38,0,0,0,0,0,0,1,0,25.7,20,31.8,0,0,14,12.2,36.4,1019.3,612,-1.9
2541,8/5/2018,2018,8,6,5,Käsebrötchen,49,0,0,0,0,0,0,0,0,22.1,17.9,26.9,0,0,7,11.2,27.4,1021.9,636,-3.6
2543,8/6/2018,2018,8,0,6,Käsebrötchen,29,0,0,0,0,0,0,0,0,25.3,15.8,32.6,0,0,113,7.2,31,1015.9,846,3.2
2545,8/7/2018,2018,8,1,7,Käsebrötchen,32,1,0,0,0,0,0,0,0,28.7,19.4,35.5,5.2,0,183,7.9,28.4,1009.2,774,3.4
2547,8/8/2018,2018,8,2,8,Käsebrötchen,33,0,0,0,0,0,0,0,0,22.3,16.9,26.7,0,0,226,12.6,46.4,1012.2,228,-6.4
2549,8/9/2018,2018,8,3,9,Käsebrötchen,31,1,0,0,0,0,0,0,0,21.1,14.5,29.1,0.8,0,108,16.6,62.3,1012,144,-1.2
2551,8/10/2018,2018,8,4,10,Käsebrötchen,36,0,0,0,0,0,0,0,0,18,12.7,22.7,2.1,0,224,16.6,47.5,1020.9,618,-3.1
2553,8/11/2018,2018,8,5,11,Käsebrötchen,20,0,0,0,0,0,0,0,0,16.7,12,21.5,0,0,242,11.2,37.1,1022.2,540,-1.3
2555,8/12/2018,2018,8,6,12,Käsebrötchen,55,0,0,0,0,0,0,0,0,20.1,12,27.2,0.3,0,161,9.4,30.2,1015.3,720,3.4
2557,8/13/2018,2018,8,0,13,Käsebrötchen,29,0,0,0,0,0,0,0,0,18.3,15.5,23.1,4.9,0,188,11.5,47.2,1007.8,150,-1.8
2559,8/14/2018,2018,8,1,14,Käsebrötchen,32,1,0,0,0,0,0,0,0,18.9,15.9,24,0.2,0,255,12.2,36.4,1014.2,210,0.6
2561,8/15/2018,2018,8,2,15,Käsebrötchen,39,0,0,0,0,0,0,0,0,18.9,15.8,22.7,0,0,220,8.6,27,1019.4,72,0
2563,8/16/2018,2018,8,3,16,Käsebrötchen,30,1,0,0,0,0,0,0,0,20.7,15,27,3.4,0,214,8.3,27,1016.4,660,1.8
2565,8/17/2018,2018,8,4,17,Käsebrötchen,33,0,0,0,0,1,0,0,0,18.1,14.7,21.6,4.3,0,0,8.6,31,1018.5,270,-2.6
2567,8/18/2018,2018,8,5,18,Käsebrötchen,32,0,0,0,0,1,0,0,0,18.2,11.7,24.1,0,0,247,7.9,30.6,1022.4,750,0.1
2569,8/19/2018,2018,8,6,19,Käsebrötchen,50,0,0,0,0,1,0,0,0,19.7,14,24.7,0,0,221,10.4,34.9,1020.8,690,1.5
2571,8/20/2018,2018,8,0,20,Käsebrötchen,25,0,0,0,0,1,0,0,0,19.7,17.3,22.4,1.2,0,245,7.2,21.6,1019.9,0,0
2573,8/21/2018,2018,8,1,21,Käsebrötchen,18,1,0,0,0,1,0,0,0,21.7,17.2,26.8,0,0,72,5.8,15.8,1020.3,180,2
2575,8/22/2018,2018,8,2,22,Käsebrötchen,30,0,0,0,0,1,0,0,0,23.3,17.4,29.2,0,0,225,6.5,26.6,1016.9,690,1.6
2577,8/23/2018,2018,8,3,23,Käsebrötchen,32,1,0,0,0,1,0,0,0,20.6,15.4,26.2,3.8,0,248,9.7,45,1013.1,672,-2.7
2579,8/24/2018,2018,8,4,24,Käsebrötchen,32,0,0,0,0,1,0,1,0,16.2,13.2,19.7,4.6,0,245,10.8,37.1,1012.1,168,-4.4
2581,8/25/2018,2018,8,5,25,Käsebrötchen,34,0,0,0,0,1,0,0,0,13.1,9.4,17.5,0.1,0,243,13.3,44.3,1012.1,258,-3.1
2583,8/26/2018,2018,8,6,26,Käsebrötchen,46,0,0,0,0,1,0,0,0,14.4,7.5,19.8,2.6,0,207,10.8,51.8,1015.6,480,1.3
2585,8/27/2018,2018,8,0,27,Käsebrötchen,23,0,0,0,0,1,0,0,0,15.9,11.9,20.6,1.3,0,212,15.5,50.8,1012.6,114,1.5
2587,8/28/2018,2018,8,1,28,Käsebrötchen,28,1,0,0,0,1,0,0,0,18.2,13.4,23.1,0,0,188,7.9,25.6,1018.9,522,2.3
2589,8/29/2018,2018,8,2,29,Käsebrötchen,36,0,0,0,0,1,0,0,0,19.1,14.2,26.6,11.8,0,140,7.6,45.4,1013.3,378,0.9
2591,8/30/2018,2018,8,3,30,Käsebrötchen,27,1,0,0,0,1,0,0,0,15.8,12.3,19.4,0,0,310,9.7,33.8,1020.5,252,-3.3
2593,8/31/2018,2018,8,4,31,Käsebrötchen,45,0,0,0,0,1,0,0,0,14.8,10.5,19.2,0,0,19,8.6,26.3,1023.5,390,-1
2595,9/1/2018,2018,9,5,1,Käsebrötchen,32,0,0,0,0,1,0,0,0,15.1,8.5,20.2,0,0,37,9.7,33.8,1026.7,576,0.3
2597,9/2/2018,2018,9,6,2,Käsebrötchen,51,0,0,0,0,1,0,0,0,17.6,11.1,23.3,0,0,63,12.6,39.2,1024.6,744,2.5
2599,9/3/2018,2018,9,0,3,Käsebrötchen,26,0,0,0,0,0,0,0,0,18.5,16.2,21.4,0.2,0,50,5.4,17.6,1018.1,12,0.9
2601,9/4/2018,2018,9,1,4,Käsebrötchen,16,1,0,0,0,0,0,0,0,20,15.7,25.6,0,0,231,5,28.1,1016.8,360,1.5
2603,9/5/2018,2018,9,2,5,Käsebrötchen,27,0,0,0,0,0,0,0,0,21.9,16.5,27,8.9,0,59,6.5,21.2,1016.4,318,1.9
2605,9/6/2018,2018,9,3,6,Käsebrötchen,27,1,0,0,0,0,0,0,0,17.2,14,19.6,8.2,0,273,6.1,19.8,1013,0,-4.7
2607,9/7/2018,2018,9,4,7,Käsebrötchen,40,0,0,0,0,0,0,0,0,14.5,10.2,18.2,1.6,0,238,10.4,44.3,1014.5,294,-2.7
2609,9/8/2018,2018,9,5,8,Käsebrötchen,32,0,0,0,0,0,0,0,0,14.3,9.2,18.9,0,0,213,10.1,32.4,1020.1,396,-0.2
2610,9/9/2018,2018,9,6,9,Käsebrötchen,48,0,0,0,0,0,0,0,0,17.7,13.6,22.4,0,0,183,7.9,26.6,1020.8,312,3.4
2612,9/10/2018,2018,9,0,10,Käsebrötchen,27,0,0,0,0,0,0,0,0,17.8,14.5,20.5,0,0,218,7.9,22.3,1022,48,0.1
2614,9/11/2018,2018,9,1,11,Käsebrötchen,26,1,0,0,0,0,0,0,0,19.8,14.5,25.6,0,0,225,16.2,44.6,1021.8,648,2
2616,9/12/2018,2018,9,2,12,Käsebrötchen,37,0,0,0,0,0,0,0,0,17,13.5,22.8,1.3,0,255,12.6,32,1021.2,258,-2.8
2618,9/13/2018,2018,9,3,13,Käsebrötchen,31,1,0,0,0,0,0,0,0,14,10.6,17.4,0,0,47,8.3,21.2,1021.6,66,-3
2620,9/14/2018,2018,9,4,14,Käsebrötchen,31,0,0,0,0,0,0,0,0,14.4,7.8,19.7,0,0,212,7.9,28.8,1021.2,546,0.4
2622,9/15/2018,2018,9,5,15,Käsebrötchen,41,0,0,0,0,0,0,0,0,14.4,11,18.4,0.1,0,238,7.9,27.4,1024.2,234,0
2624,9/16/2018,2018,9,6,16,Käsebrötchen,47,0,0,0,0,0,0,1,0,16.7,10.8,22.6,0,0,165,7.2,28.1,1022.4,588,2.3
2626,9/17/2018,2018,9,0,17,Käsebrötchen,26,0,0,0,0,0,0,0,0,19.1,13.5,25.3,0,0,180,8.3,26.3,1018.6,672,2.4
2628,9/18/2018,2018,9,1,18,Käsebrötchen,27,1,0,0,0,0,0,0,0,23.6,17.6,30.8,0,0,193,14.4,36.7,1013.6,696,4.5
2630,9/19/2018,2018,9,2,19,Käsebrötchen,40,0,0,0,0,0,0,0,0,20.8,14.8,27.1,0,0,217,11.9,48.2,1017.5,558,-2.8
2632,9/20/2018,2018,9,3,20,Käsebrötchen,35,1,0,0,0,0,0,0,0,20.5,15.7,25.4,0,0,203,11.9,46.1,1015.7,642,-0.3
2634,9/21/2018,2018,9,4,21,Käsebrötchen,27,0,0,0,0,0,0,0,0,16.7,12.3,21.5,4.7,0,212,19.1,60.5,1009.4,138,-3.8
2636,9/22/2018,2018,9,5,22,Käsebrötchen,35,0,0,0,0,0,0,0,0,11.8,9.7,16.3,4.1,0,229,13.3,47.9,1019.7,228,-4.9
2638,9/23/2018,2018,9,6,23,Käsebrötchen,61,0,0,0,0,0,0,0,0,9.7,7.3,11.4,15.5,0,49,10.8,43.6,1014.6,0,-2.1
2640,9/24/2018,2018,9,0,24,Käsebrötchen,32,0,0,0,0,0,0,0,0,9.5,5.9,14.3,0.2,0,279,10.1,47.2,1033,468,-0.2
2642,9/25/2018,2018,9,1,25,Käsebrötchen,17,1,0,0,0,0,0,1,0,9.5,4.6,14.5,0,0,184,4.3,15.1,1038.8,432,0
2644,9/26/2018,2018,9,2,26,Käsebrötchen,36,0,0,0,0,0,0,0,0,12.2,7.3,17.5,0,0,195,10.1,26.6,1034.2,552,2.7
2646,9/27/2018,2018,9,3,27,Käsebrötchen,28,1,0,0,0,0,0,0,0,15.7,10.4,22.1,0,0,206,7.9,22.3,1027.3,678,3.5
2648,9/28/2018,2018,9,4,28,Käsebrötchen,38,0,0,0,0,0,0,0,0,11.4,7.3,15.5,0.4,0,350,10.8,36.7,1026.4,156,-4.3
2650,9/29/2018,2018,9,5,29,Käsebrötchen,37,0,0,0,0,0,0,0,0,9.9,3.9,15.2,0,0,82,7.9,24.1,1028.4,648,-1.5
2652,9/30/2018,2018,9,6,30,Käsebrötchen,61,0,0,0,0,0,0,0,0,11.6,7.3,16.8,0,0,211,6.8,22,1018,618,1.7
2654,10/1/2018,2018,10,0,1,Käsebrötchen,30,0,0,0,0,0,0,0,0,8.9,5.6,13.1,4.8,0,300,9.4,51.1,1019.2,282,-2.7
2656,10/2/2018,2018,10,1,2,Käsebrötchen,29,1,0,0,0,0,0,0,0,9.3,6.2,13,2.8,0,231,13.3,40.7,1019,12,0.4
2658,10/3/2018,2018,10,2,3,Käsebrötchen,75,0,0,0,0,0,0,0,1,11.6,8.2,15.3,0,0,268,7.2,29.9,1025,312,2.3
2660,10/4/2018,2018,10,3,4,Käsebrötchen,36,1,0,0,0,0,0,0,0,11.9,8.2,16.3,0,0,190,8.3,25.6,1026.8,252,0.3
2662,10/5/2018,2018,10,4,5,Käsebrötchen,35,0,0,0,0,0,0,1,0,16,11.1,21.9,0,0,170,10.8,28.8,1018.5,648,4.1
2664,10/6/2018,2018,10,5,6,Käsebrötchen,43,0,0,0,0,0,0,0,0,17.6,11.5,23.7,0.2,0,197,9,28.8,1009.7,600,1.6
2666,10/7/2018,2018,10,6,7,Käsebrötchen,62,0,0,0,0,0,0,0,0,11.8,6.6,14.6,0,0,31,14.4,47.5,1018.8,438,-5.8
2668,10/8/2018,2018,10,0,8,Käsebrötchen,30,0,0,0,0,0,0,0,0,10.7,6.2,15.8,0,0,207,5.4,16.2,1022.6,594,-1.1
2670,10/9/2018,2018,10,1,9,Käsebrötchen,21,1,0,0,0,0,0,0,0,13.7,7.5,20.2,0,0,178,5.8,16.9,1022,444,3
2672,10/10/2018,2018,10,2,10,Käsebrötchen,40,0,0,0,0,0,0,0,0,18.1,11.8,24.7,0,0,107,10.1,29.9,1017.4,624,4.4
2674,10/11/2018,2018,10,3,11,Käsebrötchen,37,1,0,0,0,0,0,0,0,19.1,14.8,23.5,0,0,161,14.8,36.7,1013.1,450,1
2676,10/12/2018,2018,10,4,12,Käsebrötchen,33,0,0,0,0,0,0,0,0,20.3,15.9,25.1,0,0,170,14.4,34.9,1019.1,552,1.2
2678,10/13/2018,2018,10,5,13,Käsebrötchen,38,0,0,0,0,0,0,0,0,22.1,18.1,26.4,0,0,162,18.4,46.8,1018.3,600,1.8
2680,10/14/2018,2018,10,6,14,Käsebrötchen,49,0,0,0,0,0,0,0,0,20.8,17,25.2,0,0,165,18.4,44.3,1010.7,588,-1.3
2682,10/15/2018,2018,10,0,15,Käsebrötchen,40,0,0,0,0,0,0,0,0,20.2,15.9,24.4,0,0,184,9,25.6,1013.3,588,-0.6
2684,10/16/2018,2018,10,1,16,Käsebrötchen,26,1,0,0,0,0,0,0,0,19.3,15.3,24.3,0,0,201,5.8,14,1018.6,402,-0.9
2686,10/17/2018,2018,10,2,17,Käsebrötchen,37,0,0,0,0,0,0,0,0,17.5,12.8,21.5,0,0,211,8.3,19.8,1019.5,444,-1.8
2688,10/18/2018,2018,10,3,18,Käsebrötchen,34,1,0,0,0,0,0,0,0,13.4,11.6,16.9,0.1,0,24,12.2,28.4,1023.9,78,-4.1
2690,10/19/2018,2018,10,4,19,Käsebrötchen,32,0,0,0,0,0,0,0,0,11.6,7.9,15.6,0,0,53,9.7,23.4,1025.5,306,-1.8
2692,10/20/2018,2018,10,5,20,Käsebrötchen,42,0,0,0,0,0,0,0,0,9.7,5.1,14.2,0,0,44,5,16.6,1030.7,498,-1.9
2694,10/21/2018,2018,10,6,21,Käsebrötchen,51,0,0,0,0,0,0,0,0,10.5,5.5,15.8,0,0,184,4.7,18,1029.1,582,0.8
2696,10/22/2018,2018,10,0,22,Käsebrötchen,39,0,0,0,0,0,0,0,0,10.5,5.3,14.5,1.6,0,320,9,41.8,1031.2,96,0
2698,10/23/2018,2018,10,1,23,Käsebrötchen,27,1,0,0,0,0,0,0,0,9.3,5,12.9,3.4,0,251,15.1,44.3,1025.7,0,-1.2
2700,10/24/2018,2018,10,2,24,Käsebrötchen,40,0,0,0,0,0,0,0,0,12.8,11.5,14.8,2.2,0,291,13,45.7,1023.3,54,3.5
2702,10/25/2018,2018,10,3,25,Käsebrötchen,40,1,0,0,0,0,0,0,0,11.4,9.9,12.1,0,0,252,10.8,40.3,1019.3,0,-1.4
2704,10/26/2018,2018,10,4,26,Käsebrötchen,34,0,0,0,0,0,0,0,0,8.9,5.8,10.1,1.5,0,232,13.7,37.1,1009,0,-2.5
2706,10/27/2018,2018,10,5,27,Käsebrötchen,37,0,0,0,0,0,0,0,0,5.8,3.8,9.3,0.6,0,222,9.4,28.1,1009.3,108,-3.1
2708,10/28/2018,2018,10,6,28,Käsebrötchen,53,0,0,0,0,0,0,0,0,3.7,1.9,5.8,0,0,42,19.4,47.2,1015.1,48,-2.1
2710,10/29/2018,2018,10,0,29,Käsebrötchen,35,0,0,0,0,0,0,1,0,4.4,3.8,5.7,9.5,0,51,18,47.5,1003.6,0,0.7
2712,10/30/2018,2018,10,1,30,Käsebrötchen,26,1,0,0,0,0,0,0,0,5.5,2.2,8.2,6.8,0,156,23.4,73.4,991.6,0,1.1
2714,10/31/2018,2018,10,2,31,Käsebrötchen,31,0,0,0,0,0,0,0,0,8.5,4.5,12.2,0,0,169,14.8,45.4,1013.1,246,3
2716,11/1/2018,2018,11,3,1,Käsebrötchen,59,0,0,0,0,0,0,0,1,10,8.3,12.3,2.1,0,160,11.5,32.8,1011.1,0,1.5
2718,11/2/2018,2018,11,4,2,Käsebrötchen,28,0,0,0,0,0,0,0,0,8.2,2.5,10.7,0.2,0,234,10.1,38.9,1022.4,168,-1.8
2720,11/3/2018,2018,11,5,3,Käsebrötchen,32,0,0,0,0,0,0,0,0,5.2,2.5,9.5,0,0,158,6.1,16.2,1028.6,498,-3
2722,11/4/2018,2018,11,6,4,Käsebrötchen,53,0,0,0,0,0,0,0,0,8.2,2.7,11.5,0,0,134,8.6,22.3,1017.2,0,3
2724,11/5/2018,2018,11,0,5,Käsebrötchen,38,0,0,0,0,0,0,0,0,9,4,13.1,0,0,119,7.9,25.9,1009.3,108,0.8
2726,11/6/2018,2018,11,1,6,Käsebrötchen,22,1,0,0,0,0,0,0,0,14.3,9.8,20,0,0,155,9,30.2,1007.2,408,5.3
2728,11/7/2018,2018,11,2,7,Käsebrötchen,37,0,0,0,0,0,0,0,0,12.7,10.1,16.3,1.2,0,171,15.1,40,1009.5,372,-1.6
2730,11/8/2018,2018,11,3,8,Käsebrötchen,34,1,0,0,0,0,0,0,0,10.7,7.5,13.4,0,0,178,9.4,27.7,1019.9,456,-2
2732,11/9/2018,2018,11,4,9,Käsebrötchen,26,0,0,0,0,0,0,0,0,10.9,7.2,13.6,0,0,149,14,46.8,1013.2,252,0.2
2734,11/10/2018,2018,11,5,10,Käsebrötchen,33,0,0,0,0,0,0,0,0,12.6,11.8,14.4,5.1,0,166,23.4,52.2,1004.3,0,1.7
2736,11/11/2018,2018,11,6,11,Käsebrötchen,59,0,0,0,0,0,0,0,0,11.7,10.3,13.9,7,0,174,16.9,42.8,1007.7,42,-0.9
2738,11/12/2018,2018,11,0,12,Käsebrötchen,37,0,0,0,0,0,0,1,0,11,9.3,14.4,0.8,0,205,9.7,34.2,1014.6,0,-0.7
2740,11/13/2018,2018,11,1,13,Käsebrötchen,16,1,0,0,0,0,0,0,0,10.1,7.8,12.8,0,0,220,14.4,46.8,1024.2,132,-0.9
2742,11/14/2018,2018,11,2,14,Käsebrötchen,25,0,0,0,0,0,0,0,0,8.5,6.3,12,0,0,175,11.5,27.4,1028.7,462,-1.6
2744,11/15/2018,2018,11,3,15,Käsebrötchen,26,1,0,0,0,0,0,0,0,5.9,1.6,10.3,0,0,171,9,27,1026.6,492,-2.6
2746,11/16/2018,2018,11,4,16,Käsebrötchen,34,0,0,0,0,0,0,0,0,6,1.4,12.4,0,0,123,8.3,23.8,1028.8,480,0.1
2748,11/17/2018,2018,11,5,17,Käsebrötchen,37,0,0,0,0,0,0,0,0,4.1,0,8.8,0,0,80,11.5,34.2,1031.4,492,-1.9
2750,11/18/2018,2018,11,6,18,Käsebrötchen,50,0,0,0,0,0,0,0,0,2.1,-0.6,6.9,0,0,67,16.9,44.6,1029.1,474,-2
2752,11/19/2018,2018,11,0,19,Käsebrötchen,35,0,0,0,0,0,0,0,0,3.7,2,5.6,1.4,0,53,20.2,55.4,1019.5,84,1.6
2754,11/20/2018,2018,11,1,20,Käsebrötchen,21,1,0,0,0,0,0,0,0,2.2,0.5,3.5,0,0,78,16.9,57.6,1010.9,0,-1.5
2756,11/21/2018,2018,11,2,21,Käsebrötchen,31,0,0,0,0,0,0,0,0,1.8,-0.5,5.2,0,0,83,8.3,24.1,1016.9,306,-0.4
2758,11/22/2018,2018,11,3,22,Käsebrötchen,29,1,0,0,0,0,0,0,0,3.1,1,5.1,0,0,112,9,25.9,1020.2,0,1.3
2760,11/23/2018,2018,11,4,23,Käsebrötchen,29,0,0,0,0,0,0,0,0,4,-0.3,10.1,0,0,111,6.5,16.6,1017.9,432,0.9
2762,11/24/2018,2018,11,5,24,Käsebrötchen,39,0,0,0,0,0,0,1,0,1.9,0,3.9,4,0,72,5.4,14.4,1011.9,0,-2.1
2764,11/25/2018,2018,11,6,25,Käsebrötchen,60,0,0,0,0,0,0,0,0,2.9,2.4,4,0,0,34,9,31.3,1011.2,0,1
2766,11/26/2018,2018,11,0,26,Käsebrötchen,37,0,0,0,0,0,0,0,0,4,2.2,5.8,0,0,67,13,33.8,1012.5,0,1.1
2768,11/27/2018,2018,11,1,27,Käsebrötchen,24,1,0,0,0,0,0,0,0,2.4,-0.1,4.2,0,0,100,8.3,27.4,1020.2,0,-1.6
2770,11/28/2018,2018,11,2,28,Käsebrötchen,32,0,0,0,0,0,0,0,0,4.5,0.9,7,0.3,0,159,25.6,56.5,1019.7,0,2.1
2772,11/29/2018,2018,11,3,29,Käsebrötchen,31,1,0,0,0,0,0,0,0,8.3,6.9,10,0.4,0,165,26.3,54.4,1013.5,0,3.8
2774,11/30/2018,2018,11,4,30,Käsebrötchen,35,0,0,0,0,0,0,0,0,9.3,6.8,10.8,0,0,193,12.6,33.5,1011.9,36,1
2776,12/1/2018,2018,12,5,1,Käsebrötchen,45,0,0,0,0,0,0,0,0,7.5,5.4,9.4,5.5,0,193,15.5,51.8,1012,132,-1.8
2778,12/2/2018,2018,12,6,2,Käsebrötchen,56,0,0,0,0,0,0,0,0,10.7,8,13,12.7,0,201,17.6,43.2,1001.2,0,3.2
2780,12/3/2018,2018,12,0,3,Käsebrötchen,43,0,0,0,0,0,0,0,0,11.7,7.9,12.7,9.8,0,233,16.9,46.4,1001.3,18,1
2782,12/4/2018,2018,12,1,4,Käsebrötchen,18,1,0,0,0,0,0,0,0,5.8,2.7,8.5,0,0,269,6.1,40,1020,234,-5.9
2784,12/5/2018,2018,12,2,5,Käsebrötchen,25,0,0,0,0,0,0,0,0,5.5,2.8,7.9,0.2,0,165,15.8,43.2,1022.4,0,-0.3
2786,12/6/2018,2018,12,3,6,Käsebrötchen,34,1,0,0,0,0,0,0,0,9.9,7.4,11.9,4.6,0,207,15.5,51.1,1015.9,0,4.4
2788,12/7/2018,2018,12,4,7,Käsebrötchen,22,0,0,0,0,0,0,0,0,9.6,5.3,11.7,13.1,0,222,19.4,54.7,1006.9,0,-0.3
2790,12/8/2018,2018,12,5,8,Käsebrötchen,43,0,0,0,1,0,0,0,0,7.5,5.5,9.8,26.2,0,232,24.1,67.3,1002.4,0,-2.1
2792,12/9/2018,2018,12,6,9,Käsebrötchen,52,0,0,0,0,0,0,0,0,6.9,4.8,8.5,7.6,0,265,18.4,62.6,1002.3,0,-0.6
2794,12/10/2018,2018,12,0,10,Käsebrötchen,31,0,0,0,0,0,0,1,0,4,2.4,5.1,0.7,0,270,11.2,45.7,1021,54,-2.9
2796,12/11/2018,2018,12,1,11,Käsebrötchen,26,1,0,0,0,0,0,0,0,3.5,1.6,6,0.4,0,277,7.2,24.1,1024.2,72,-0.5
2798,12/12/2018,2018,12,2,12,Käsebrötchen,36,0,0,0,0,0,0,0,0,2.5,1.1,4.3,0,0,48,6.8,24.5,1025.8,84,-1
2800,12/13/2018,2018,12,3,13,Käsebrötchen,29,1,0,0,0,0,0,0,0,1.1,-0.5,2.4,0,0,70,12.2,37.4,1022.2,426,-1.4
2802,12/14/2018,2018,12,4,14,Käsebrötchen,33,0,0,0,0,0,0,0,0,0.4,-0.6,1.4,0,0,69,7.6,25.2,1023.9,0,-0.7
2804,12/15/2018,2018,12,5,15,Käsebrötchen,45,0,0,0,0,0,0,0,0,-0.5,-1.7,0.1,0.1,0,142,17.3,48.6,1023.9,0,-0.9
2806,12/16/2018,2018,12,6,16,Käsebrötchen,39,0,0,0,0,0,0,0,0,0.1,-1.6,2.3,0.9,0,172,15.1,49.7,1012.6,0,0.6
2808,12/17/2018,2018,12,0,17,Käsebrötchen,32,0,0,0,0,0,0,0,0,4.5,2.3,6.3,5.4,0,200,11.9,37.8,1019.3,0,4.4
2810,12/18/2018,2018,12,1,18,Käsebrötchen,23,1,0,0,0,0,0,0,0,5.4,3.6,7.4,0.8,0,172,19.1,56.9,1021,258,0.9
2812,12/19/2018,2018,12,2,19,Käsebrötchen,28,0,0,0,0,0,0,0,0,7.2,5.1,9.1,0.7,0,175,15.5,58.3,1012.2,54,1.8
2814,12/20/2018,2018,12,3,20,Käsebrötchen,31,1,0,0,0,0,0,0,0,7,6.2,7.9,6.6,0,197,14,43.2,1012.3,6,-0.2
2816,12/21/2018,2018,12,4,21,Käsebrötchen,36,0,0,0,0,0,0,0,0,9.5,6.5,12.8,17.5,0,214,24.5,67.7,1004.9,0,2.5
2818,12/22/2018,2018,12,5,22,Käsebrötchen,45,0,0,0,0,0,0,0,0,8.7,7.3,10.1,0.9,0,248,18,53.3,1013.4,0,-0.8
2820,12/23/2018,2018,12,6,23,Käsebrötchen,30,0,0,0,0,0,0,0,0,7.1,5,8.3,13.9,0,219,12.2,33.1,1018.3,0,-1.6
2822,12/24/2018,2018,12,0,24,Käsebrötchen,15,0,0,0,0,0,0,0,0,4.3,1.7,5.5,0,0,328,9.4,29.5,1029.7,0,-2.8
4330,12/25/2018,2018,12,1,25,Käsebrötchen,0,0,0,0,0,0,0,0,1,3.1,0.3,5,0,0,227,9,23,1035.9,0,-1.2
2824,12/26/2018,2018,12,2,26,Käsebrötchen,52,0,0,0,0,0,0,0,1,1.2,-0.9,3.3,0,0,206,9.4,21.6,1033,0,-1.9
2826,12/27/2018,2018,12,3,27,Käsebrötchen,31,1,0,0,0,0,0,0,0,3.5,1.5,6.2,0,0,196,6.8,17.6,1027.8,0,2.3
2828,12/28/2018,2018,12,4,28,Käsebrötchen,38,0,0,0,0,0,0,0,0,1.7,-1.2,3.1,0.2,0,217,9,19.1,1029.9,0,-1.8
2830,12/29/2018,2018,12,5,29,Käsebrötchen,43,0,0,0,0,0,0,0,0,4.7,2.2,8.3,2.5,0,226,15.5,45.4,1030.4,0,3
2832,12/30/2018,2018,12,6,30,Käsebrötchen,47,0,0,0,0,0,0,0,0,7,6.1,7.6,3.2,0,274,11.5,40.3,1032.5,0,2.3
2834,12/31/2018,2018,12,0,31,Käsebrötchen,31,0,0,0,0,0,0,0,0,8.1,7.2,8.6,0.7,0,269,7.6,29.2,1033.5,0,1.1
2836,1/1/2019,2019,1,1,1,Käsebrötchen,30,0,0,0,0,0,0,0,1,6.1,3.7,7.5,3.2,0,277,15.5,50.8,1029.6,0,-2
2837,1/2/2019,2019,1,2,2,Käsebrötchen,33,0,0,0,0,0,0,0,0,3.5,0.6,5.8,0.1,0,328,13.3,38.5,1035.6,0,-2.6
2839,1/3/2019,2019,1,3,3,Käsebrötchen,32,1,0,0,0,0,0,0,0,2.9,0.7,4.4,0.4,0,315,8.3,24.8,1039,0,-0.6
2841,1/4/2019,2019,1,4,4,Käsebrötchen,38,0,0,0,0,0,0,0,0,2.5,1.2,3.6,9.5,0,280,8.3,30.2,1037.1,0,-0.4
2843,1/5/2019,2019,1,5,5,Käsebrötchen,38,0,0,0,0,0,0,0,0,5.3,3.6,6.1,8.2,0,295,15.1,41.4,1031.1,0,2.8
2845,1/6/2019,2019,1,6,6,Käsebrötchen,36,0,0,0,0,0,0,0,0,4.9,3.2,5.4,1.4,0,304,10.8,36.7,1033.1,0,-0.4
2847,1/7/2019,2019,1,0,7,Käsebrötchen,28,0,0,0,0,0,0,0,0,4.4,1.6,7.7,9.3,0,234,13.3,46.4,1030.5,0,-0.5
2849,1/8/2019,2019,1,1,8,Käsebrötchen,24,1,0,0,0,0,0,0,0,5.7,3.5,7.9,3.9,0,287,20.5,64.1,1016.1,0,1.3
2851,1/9/2019,2019,1,2,9,Käsebrötchen,30,0,0,0,0,0,0,0,0,3,-0.1,4.8,0.1,0,342,18.4,52.2,1019,0,-2.7
2853,1/10/2019,2019,1,3,10,Käsebrötchen,31,1,0,0,0,0,0,0,0,0.4,-0.7,1.6,0.8,0,336,7.2,17.6,1026.9,0,-2.6
2855,1/11/2019,2019,1,4,11,Käsebrötchen,38,0,0,0,0,0,0,0,0,3.6,0.2,6.5,4.8,0,262,11.9,32.8,1024.5,0,3.2
2857,1/12/2019,2019,1,5,12,Käsebrötchen,35,0,0,0,0,0,0,0,0,5.5,4.5,6.4,6.4,0,263,14.4,50,1018.5,0,1.9
2859,1/13/2019,2019,1,6,13,Käsebrötchen,43,0,0,0,0,0,0,0,0,7.1,5,8.2,23.8,0,267,16.6,64.4,1006.4,0,1.6
2861,1/14/2019,2019,1,0,14,Käsebrötchen,35,0,0,0,0,0,0,0,0,3.8,0.3,6,4.7,0,307,13,42.5,1013.7,120,-3.3
2863,1/15/2019,2019,1,1,15,Käsebrötchen,27,1,0,0,0,0,0,0,0,4,0,6.3,0.2,0,239,15.1,40.3,1018.7,0,0.2
2865,1/16/2019,2019,1,2,16,Käsebrötchen,38,0,0,0,0,0,0,0,0,5.1,4.3,5.9,2.2,0,224,20.5,51.8,1009.6,0,1.1
2867,1/17/2019,2019,1,3,17,Käsebrötchen,35,1,0,0,0,0,0,0,0,3,-0.1,4.9,6.7,0,247,14.8,52.6,1005.1,0,-2.1
2869,1/18/2019,2019,1,4,18,Käsebrötchen,37,0,0,0,0,0,0,0,0,-0.8,-2.8,1.9,0,0,201,6.8,18.4,1019.8,270,-3.8
2871,1/19/2019,2019,1,5,19,Käsebrötchen,27,0,0,0,0,0,0,0,0,-0.9,-3.6,3.4,0,0,113,9.7,31.3,1017.7,414,-0.1
2873,1/20/2019,2019,1,6,20,Käsebrötchen,33,0,0,0,0,0,0,0,0,-1.6,-5,2.1,0,0,87,8.3,20.2,1018.4,480,-0.7
2875,1/21/2019,2019,1,0,21,Käsebrötchen,35,0,0,0,0,0,0,0,0,-2.4,-4.5,0.6,0,0,195,7.6,19.1,1022.5,480,-0.8
2877,1/22/2019,2019,1,1,22,Käsebrötchen,27,1,0,0,0,0,0,0,0,-2.4,-3.9,-0.5,0.2,0,170,18,44.3,1008.4,216,0
2879,1/23/2019,2019,1,2,23,Käsebrötchen,39,0,0,0,0,0,0,0,0,-2.2,-3.5,-0.7,0,10,94,11.5,28.8,1001.6,6,0.2
2881,1/24/2019,2019,1,3,24,Käsebrötchen,35,1,0,0,0,0,0,0,0,-4.1,-4.6,-3.4,0,10,11,4.7,15.1,1011.8,6,-1.9
2883,1/25/2019,2019,1,4,25,Käsebrötchen,29,0,0,0,0,0,0,0,0,-1.2,-3.9,2.6,2.9,10,214,10.4,40.7,1014.4,0,2.9
2885,1/26/2019,2019,1,5,26,Käsebrötchen,37,0,0,0,0,0,0,0,0,5,2.7,6.5,3.1,10,230,17.3,41.4,1005.4,0,6.2
2887,1/27/2019,2019,1,6,27,Käsebrötchen,32,0,0,0,0,0,0,0,0,4.6,2.3,6,8.4,0,217,16.6,45.4,988.3,0,-0.4
2888,1/28/2019,2019,1,0,28,Käsebrötchen,35,0,0,0,0,0,0,0,0,2.1,0.3,4,5,0,270,18,55.4,995.2,0,-2.5
2890,1/29/2019,2019,1,1,29,Käsebrötchen,31,1,0,0,0,0,0,1,0,1.1,-0.1,3.5,0,0,217,11.9,32,1004.3,60,-1
2892,1/30/2019,2019,1,2,30,Käsebrötchen,35,0,0,0,0,0,0,0,0,-0.5,-1.4,0.7,4.6,0,105,8.3,20.9,994.3,0,-1.6
2894,1/31/2019,2019,1,3,31,Käsebrötchen,38,1,0,0,0,0,0,0,0,-1.4,-3.1,0.1,1.7,40,151,7.2,24.1,996.7,0,-0.9
2896,2/1/2019,2019,2,4,1,Käsebrötchen,26,0,0,0,0,0,0,0,0,2,-1.6,5.3,3.2,40,129,11.2,32.8,990.5,198,3.4
2898,2/2/2019,2019,2,5,2,Käsebrötchen,30,0,0,0,0,0,0,0,0,0.6,0.1,2.4,10.1,0,44,10.1,26.6,999.1,0,-1.4
2900,2/3/2019,2019,2,6,3,Käsebrötchen,40,0,0,0,0,0,0,0,0,1.4,-0.4,4.4,0,0,320,9,26.6,1020,282,0.8
2902,2/4/2019,2019,2,0,4,Käsebrötchen,39,0,0,0,0,0,0,0,0,1.8,-0.7,4.3,1.1,0,197,14.8,47.5,1026.5,150,0.4
2904,2/5/2019,2019,2,1,5,Käsebrötchen,33,1,0,0,0,0,0,0,0,2.5,0.9,4,0,0,203,9.7,27,1027.8,0,0.7
2906,2/6/2019,2019,2,2,6,Käsebrötchen,36,0,0,0,0,0,0,0,0,5.1,2.3,8.5,2.3,0,183,14,35.6,1022.6,12,2.6
2908,2/7/2019,2019,2,3,7,Käsebrötchen,32,1,0,0,0,0,0,0,0,6.6,4.2,9.2,0.6,0,204,22.3,53.6,1011.3,150,1.5
2910,2/8/2019,2019,2,4,8,Käsebrötchen,25,0,0,0,0,0,0,0,0,6.9,5.1,8.3,4.8,0,196,19.1,50.8,1010.2,0,0.3
2912,2/9/2019,2019,2,5,9,Käsebrötchen,33,0,0,0,0,0,0,1,0,7.4,5.9,9.6,6.5,0,220,23.8,73.8,1005.2,144,0.5
2914,2/10/2019,2019,2,6,10,Käsebrötchen,43,0,0,0,0,0,0,0,0,6.3,0.5,9,25.9,0,212,20.9,52.2,996.2,0,-1.1
2916,2/11/2019,2019,2,0,11,Käsebrötchen,41,0,0,0,0,0,0,0,0,3.8,1.6,6.4,0.8,0,287,12.6,42.5,1018.8,120,-2.5
2918,2/12/2019,2019,2,1,12,Käsebrötchen,33,1,0,0,0,0,0,0,0,2.9,0,6.1,0,0,241,9.7,28.1,1034.2,78,-0.9
2920,2/13/2019,2019,2,2,13,Käsebrötchen,38,0,0,0,0,0,0,0,0,4.3,1.7,7.1,0,0,208,11.2,28.1,1036.7,300,1.4
2922,2/14/2019,2019,2,3,14,Käsebrötchen,33,1,0,0,0,0,0,0,0,8,3,13.8,0,0,174,9,21.2,1035.8,552,3.7
2924,2/15/2019,2019,2,4,15,Käsebrötchen,29,0,0,0,0,0,0,0,0,11.5,7.4,16.6,0,0,167,15.1,36.7,1031.3,582,3.5
2926,2/16/2019,2019,2,5,16,Käsebrötchen,33,0,0,0,0,0,0,0,0,10.6,7,14.8,0,0,195,10.1,27,1026.4,552,-0.9
2928,2/17/2019,2019,2,6,17,Käsebrötchen,49,0,0,0,0,0,0,0,0,11,6.8,15.9,0,0,179,10.8,28.8,1022.2,528,0.4
2930,2/18/2019,2019,2,0,18,Käsebrötchen,43,0,0,0,0,0,0,0,0,10.8,7.7,15.5,0,0,185,9.4,28.8,1018.2,564,-0.2
2932,2/19/2019,2019,2,1,19,Käsebrötchen,33,1,0,0,0,0,0,0,0,7.6,5.1,10.2,0,0,240,14,37.8,1019.4,162,-3.2
2934,2/20/2019,2019,2,2,20,Käsebrötchen,43,0,0,0,0,0,0,0,0,7.1,4.1,10.6,0,0,222,11.9,31.3,1023.6,120,-0.5
2936,2/21/2019,2019,2,3,21,Käsebrötchen,33,1,0,0,0,0,0,0,0,8.3,4.5,12.2,1.7,0,233,11.2,31,1027.8,156,1.2
2938,2/22/2019,2019,2,4,22,Käsebrötchen,27,0,0,0,0,0,0,0,0,9.2,5.9,12.3,0.2,0,33,7.9,20.9,1036.2,54,0.9
2940,2/23/2019,2019,2,5,23,Käsebrötchen,39,0,0,0,0,0,0,1,0,6.8,1.8,12.6,0,0,131,9.4,29.2,1038.9,576,-2.4
2942,2/24/2019,2019,2,6,24,Käsebrötchen,38,0,0,0,0,0,0,0,0,10.1,4.7,16.2,0,0,154,8.6,28.8,1038.1,600,3.3
2944,2/25/2019,2019,2,0,25,Käsebrötchen,49,0,0,0,0,0,0,0,0,11.7,6,18.3,0,0,113,7.2,21.6,1038,606,1.6
2946,2/26/2019,2019,2,1,26,Käsebrötchen,35,1,0,0,0,0,0,0,0,13,5,18.4,0,0,88,6.5,20.2,1034.6,612,1.3
2948,2/27/2019,2019,2,2,27,Käsebrötchen,29,0,0,0,0,0,0,0,0,14.1,8.9,19.5,0,0,213,7.9,20.5,1026.1,624,1.1
2950,2/28/2019,2019,2,3,28,Käsebrötchen,28,1,0,0,0,0,0,0,0,9.4,6.2,13.2,1.5,0,235,14.4,46.8,1016.7,360,-4.7
2952,3/1/2019,2019,3,4,1,Käsebrötchen,34,0,0,0,0,0,0,0,0,6.4,4.5,8.6,0.2,0,272,10.1,36.7,1015.5,0,-3
2954,3/2/2019,2019,3,5,2,Käsebrötchen,39,0,0,0,0,0,0,0,0,7,4.5,10.7,2.6,0,209,12.2,41.4,1015.2,49,0.6
2956,3/3/2019,2019,3,6,3,Käsebrötchen,53,0,0,0,0,0,0,0,0,9.9,8,11.9,3.8,0,216,21.6,58,1006.6,0,2.9
2958,3/4/2019,2019,3,0,4,Käsebrötchen,30,0,0,0,0,0,0,0,0,8.6,4.6,13.2,4.8,0,227,25.6,95,995.1,63,-1.3
2960,3/5/2019,2019,3,1,5,Käsebrötchen,32,1,0,0,0,0,0,0,0,6,3.4,9.3,0.7,0,234,17.6,51.1,1006.4,117,-2.6
2962,3/6/2019,2019,3,2,6,Käsebrötchen,35,0,0,0,0,0,0,0,0,9.2,6,12.4,4.9,0,167,22.7,53.6,1001.4,64,3.2
2964,3/7/2019,2019,3,3,7,Käsebrötchen,45,1,0,0,0,0,0,0,0,8.8,6.8,11.8,6.6,0,209,27.4,71.6,995.5,120,-0.4
2966,3/8/2019,2019,3,4,8,Käsebrötchen,25,0,0,0,0,0,0,1,0,7.1,5.2,9.5,4.2,0,240,19.1,61.2,1010.4,112,-1.7
2968,3/9/2019,2019,3,5,9,Käsebrötchen,38,0,0,0,0,0,0,0,0,8,5.9,11.3,11.8,0,241,23.4,89.3,1011,44,0.9
2970,3/10/2019,2019,3,6,10,Käsebrötchen,46,0,0,0,0,0,0,0,0,6.1,0.9,11.6,9,0,234,20.2,99,1007.6,28,-1.9
2972,3/11/2019,2019,3,0,11,Käsebrötchen,38,0,0,0,0,0,0,0,0,3.8,0.4,6.9,3.1,0,262,19.1,62.6,1018.1,56,-2.3
2974,3/12/2019,2019,3,1,12,Käsebrötchen,26,1,0,0,0,0,0,0,0,5.5,1.4,9.4,0.9,0,199,20.2,72.7,1013.6,78,1.7
2976,3/13/2019,2019,3,2,13,Käsebrötchen,33,0,0,0,0,0,0,0,0,5.3,4.2,6.3,5.6,0,237,24.8,62.3,1005.2,0,-0.2
2978,3/14/2019,2019,3,3,14,Käsebrötchen,34,1,0,0,0,0,0,0,0,6.3,5,10,11.9,0,250,21.2,61.2,1003.4,61,1
2980,3/15/2019,2019,3,4,15,Käsebrötchen,30,0,0,0,0,0,0,0,0,8.3,6.1,11.8,16.6,0,249,18.4,56.9,1005.5,0,2
2982,3/16/2019,2019,3,5,16,Käsebrötchen,41,0,0,0,0,0,0,0,0,9,6.4,10.7,2.3,0,233,20.9,59.8,1007.3,0,0.7
2984,3/17/2019,2019,3,6,17,Käsebrötchen,52,0,0,0,0,0,0,0,0,6.6,2.2,10.6,9.2,0,240,20.2,59,1003.8,113,-2.4
2986,3/18/2019,2019,3,0,18,Käsebrötchen,39,0,0,0,0,0,0,0,0,4.4,1.9,8.4,0,0,263,12.6,42.5,1018.1,249,-2.2
2988,3/19/2019,2019,3,1,19,Käsebrötchen,29,1,0,0,0,0,0,0,0,5.1,-0.5,10.2,0,0,224,6.5,22.3,1029,474,0.7
2990,3/20/2019,2019,3,2,20,Käsebrötchen,35,0,0,0,0,0,0,0,0,7.7,3.1,11.8,0,0,203,8.3,24.5,1034.1,34,2.6
2992,3/21/2019,2019,3,3,21,Käsebrötchen,37,1,0,0,0,0,0,0,0,11.1,6.4,15.9,0,0,212,7.6,21.6,1034.3,678,3.4
2994,3/22/2019,2019,3,4,22,Käsebrötchen,32,0,0,0,0,0,0,0,0,13.6,5.6,19.7,0,0,137,8.3,24.8,1029.5,670,2.5
2996,3/23/2019,2019,3,5,23,Käsebrötchen,39,0,0,0,0,0,0,0,0,8.8,5.8,11.3,0,0,302,8.6,27.4,1030.2,11,-4.8
2998,3/24/2019,2019,3,6,24,Käsebrötchen,44,0,0,0,0,0,0,0,0,7.5,3.4,11,0,0,2,11.2,28.1,1027.4,543,-1.3
3000,3/25/2019,2019,3,0,25,Käsebrötchen,43,0,0,0,0,0,0,0,0,6.2,3.3,9.3,1,0,299,17.6,70.6,1023.4,193,-1.3
3002,3/26/2019,2019,3,1,26,Käsebrötchen,27,1,0,0,0,0,0,0,0,6.2,4.6,7.8,0.1,0,306,8.6,29.5,1031.5,17,0
3004,3/27/2019,2019,3,2,27,Käsebrötchen,38,0,0,0,0,0,0,0,0,7.7,4.2,10.5,0,0,282,5.8,18.4,1033.7,162,1.5
3006,3/28/2019,2019,3,3,28,Käsebrötchen,31,1,0,0,0,0,0,0,0,9.4,7.5,11.6,0,0,327,4.7,13,1035.5,5,1.7
3008,3/29/2019,2019,3,4,29,Käsebrötchen,25,0,0,0,0,0,0,0,0,11.8,4.8,17.4,0,0,128,7.2,26.6,1030.6,716,2.4
3010,3/30/2019,2019,3,5,30,Käsebrötchen,35,0,0,0,0,0,0,1,0,13.5,9.4,17.8,0,0,211,10.1,35.6,1022.4,641,1.7
3012,3/31/2019,2019,3,6,31,Käsebrötchen,42,0,0,0,0,0,0,0,0,9,3.8,12.2,0.2,0,0,16.6,41.4,1024,349,-4.5
3014,4/1/2019,2019,4,0,1,Käsebrötchen,43,0,0,0,0,0,0,0,0,8.3,1,14.9,0,0,66,12.6,37.1,1021.2,730,-0.7
3016,4/2/2019,2019,4,1,2,Käsebrötchen,32,1,0,0,0,0,0,0,0,10.7,7.9,13.9,4.7,0,168,13.7,39.2,1007.6,250,2.4
3018,4/3/2019,2019,4,2,3,Käsebrötchen,44,0,0,0,0,0,0,0,0,6.9,5.3,9,0.9,0,190,8.6,29.9,1002.6,0,-3.8
3020,4/4/2019,2019,4,3,4,Käsebrötchen,39,1,0,0,0,0,0,0,0,5.3,3.8,7,1.4,0,125,5.4,18.7,1001.9,0,-1.6
3022,4/5/2019,2019,4,4,5,Käsebrötchen,25,0,0,0,0,0,0,0,0,6.2,3.8,8.8,0,0,70,8.6,24.1,1006.8,0,0.9
3024,4/6/2019,2019,4,5,6,Käsebrötchen,38,0,0,0,0,0,0,0,0,10.9,6.6,16.3,0,0,86,9,23.8,1005.4,70,4.7
3026,4/7/2019,2019,4,6,7,Käsebrötchen,36,0,0,0,0,0,0,0,0,15,9.8,19.7,0,0,75,11.9,40,1005.7,603,4.1
3028,4/8/2019,2019,4,0,8,Käsebrötchen,42,0,0,0,0,0,0,0,0,14.2,7.4,19.1,0,0,117,7.2,26.3,1009.8,401,-0.8
3030,4/9/2019,2019,4,1,9,Käsebrötchen,27,1,0,0,0,0,0,0,0,10.5,6.7,14.9,0,0,56,17.6,41.8,1012,444,-3.7
3032,4/10/2019,2019,4,2,10,Käsebrötchen,39,0,0,0,0,0,0,0,0,7.1,2.6,11.4,0,0,52,18.4,41.4,1016.6,752,-3.4
3034,4/11/2019,2019,4,3,11,Käsebrötchen,37,1,0,0,0,0,0,0,0,5.6,0.8,10.5,0,0,51,14,38.2,1023.3,648,-1.5
3036,4/12/2019,2019,4,4,12,Käsebrötchen,24,0,0,0,0,0,0,0,0,3.9,1.7,5.3,0,0,55,12.6,33.5,1025.6,8,-1.7
3038,4/13/2019,2019,4,5,13,Käsebrötchen,33,0,0,0,0,0,0,0,0,2.3,-0.1,6.5,0.8,0,38,15.1,41,1024.9,343,-1.6
3040,4/14/2019,2019,4,6,14,Käsebrötchen,48,0,0,0,0,0,0,1,0,5,0.8,9.9,0,0,61,15.1,41.4,1025.4,425,2.7
3042,4/15/2019,2019,4,0,15,Käsebrötchen,40,0,0,0,0,0,0,0,0,10.1,3.7,17.1,0,0,74,13.3,38.2,1023.6,642,5.1
3044,4/16/2019,2019,4,1,16,Käsebrötchen,28,1,0,0,0,0,0,0,0,12.2,4.6,18.7,0,0,111,11.9,36.7,1017.8,656,2.1
3046,4/17/2019,2019,4,2,17,Käsebrötchen,32,0,0,0,0,0,0,0,0,13.5,10.4,17,0,0,126,11.9,38.5,1022.2,65,1.3
3048,4/18/2019,2019,4,3,18,Käsebrötchen,34,1,0,0,0,0,0,0,0,16.3,10.9,21.6,0,0,83,14.8,44.3,1025.3,632,2.8
3050,4/19/2019,2019,4,4,19,Käsebrötchen,43,0,0,0,0,0,0,0,1,17.3,10,23.8,0,0,81,11.9,42.1,1028.1,795,1
3051,4/20/2019,2019,4,5,20,Käsebrötchen,46,0,0,0,0,0,0,0,0,17.7,10.7,23.6,0,0,62,11.5,35.3,1028.1,795,0.4
3053,4/21/2019,2019,4,6,21,Käsebrötchen,49,0,0,0,0,0,0,0,0,16.9,8.9,23.2,0,0,73,9.4,32,1020.3,796,-0.8
3054,4/22/2019,2019,4,0,22,Käsebrötchen,50,0,0,0,0,0,0,0,0,18.3,12.8,24.1,0,0,96,15.1,47.2,1009.3,795,1.4
3056,4/23/2019,2019,4,1,23,Käsebrötchen,43,1,0,0,0,0,0,0,0,15.2,8.5,20.5,0,0,88,14,35.6,1000.1,721,-3.1
3058,4/24/2019,2019,4,2,24,Käsebrötchen,35,0,0,0,0,0,0,0,0,17,8.9,24,11.4,0,173,16.2,81.7,1001.1,474,1.8
3060,4/25/2019,2019,4,3,25,Käsebrötchen,46,1,0,0,0,0,0,0,0,13.4,8.6,19.9,3.3,0,178,18.7,51.8,1007.5,352,-3.6
3062,4/26/2019,2019,4,4,26,Käsebrötchen,31,0,0,0,0,0,0,0,0,11.2,8.8,15.4,0.1,0,217,8.3,34.6,1013.5,166,-2.2
3064,4/27/2019,2019,4,5,27,Käsebrötchen,48,0,0,0,0,0,0,0,0,8.7,6.6,11.4,8.3,0,202,10.4,42.8,1013.4,125,-2.5
3066,4/28/2019,2019,4,6,28,Käsebrötchen,49,0,0,0,0,0,0,0,0,8.4,5.6,11.5,0.3,0,190,7.9,27,1019.1,107,-0.3
3068,4/29/2019,2019,4,0,29,Käsebrötchen,32,0,0,0,0,0,0,0,0,10.2,4.5,15,0,0,4,9.7,32.8,1024.2,427,1.8
3070,4/30/2019,2019,4,1,30,Käsebrötchen,29,1,0,0,0,0,0,0,0,11.8,7.2,17,0,0,0,10.1,27.7,1022.4,624,1.6
3072,5/1/2019,2019,5,2,1,Käsebrötchen,60,0,0,0,0,0,0,0,1,9,6.1,13.9,0,0,326,5.8,19.1,1017.7,227,-2.8
3074,5/2/2019,2019,5,3,2,Käsebrötchen,40,1,0,0,0,0,0,0,0,9,5.1,14.7,3.3,0,267,8.3,40,1011.5,173,0
3076,5/3/2019,2019,5,4,3,Käsebrötchen,25,0,0,0,0,0,0,0,0,8.1,5,11.4,7.1,0,311,9,32,1012.5,145,-0.9
3078,5/4/2019,2019,5,5,4,Käsebrötchen,41,0,0,0,0,0,0,1,0,4.9,2.4,9.4,1.4,0,326,11.5,50.8,1011.9,385,-3.2
3080,5/5/2019,2019,5,6,5,Käsebrötchen,50,0,0,0,0,0,0,0,0,6,1.5,10.9,0.2,0,326,10.1,38.2,1020.2,257,1.1
3082,5/6/2019,2019,5,0,6,Käsebrötchen,40,0,0,0,0,0,0,0,0,5.9,1.5,9.8,0.7,0,243,9.7,33.8,1021.3,116,-0.1
3084,5/7/2019,2019,5,1,7,Käsebrötchen,31,1,0,0,0,0,0,0,0,7.8,3.6,11.9,0,0,192,5.8,21.2,1017.7,282,1.9
3086,5/8/2019,2019,5,2,8,Käsebrötchen,29,0,0,0,0,0,0,0,0,9.8,6.6,11.7,3.6,0,151,14.8,43.2,1002.3,7,2
3088,5/9/2019,2019,5,3,9,Käsebrötchen,30,1,0,0,0,0,0,0,0,11.1,7.2,15.8,4.3,0,190,13,36.7,999.4,439,1.3
3090,5/10/2019,2019,5,4,10,Käsebrötchen,32,0,0,0,0,0,0,0,0,9.6,7.5,13.5,3.8,0,237,10.1,33.5,1009.6,190,-1.5
3092,5/11/2019,2019,5,5,11,Käsebrötchen,33,0,0,0,0,0,0,0,0,9.8,5.8,14,0,0,38,12.6,40.3,1015.7,239,0.2
3094,5/12/2019,2019,5,6,12,Käsebrötchen,55,0,0,0,0,0,0,0,0,9.2,4.6,13.7,0,0,358,11.9,33.1,1033.6,370,-0.6
3096,5/13/2019,2019,5,0,13,Käsebrötchen,41,0,0,0,0,0,0,0,0,9.8,3.4,15.3,0,0,37,13.3,39.2,1038.5,861,0.6
3098,5/14/2019,2019,5,1,14,Käsebrötchen,34,1,0,0,0,0,0,0,0,10.2,4.9,15,0,0,52,13.3,38.2,1033.2,772,0.4
3100,5/15/2019,2019,5,2,15,Käsebrötchen,32,0,0,0,0,0,0,0,0,10.7,4.5,15.4,0,0,63,13.7,43.9,1026.5,837,0.5
3102,5/16/2019,2019,5,3,16,Käsebrötchen,28,1,0,0,0,0,0,0,0,9.8,7.6,13.7,0.9,0,47,12.2,36.7,1017.9,104,-0.9
3104,5/17/2019,2019,5,4,17,Käsebrötchen,33,0,0,0,0,0,0,0,0,10.4,7.6,13.8,2.1,0,80,8.6,22.7,1008.6,0,0.6
3106,5/18/2019,2019,5,5,18,Käsebrötchen,35,0,0,0,0,0,0,0,0,14.7,8.9,21.9,3.2,0,103,6.5,19.1,1006.3,347,4.3
3108,5/19/2019,2019,5,6,19,Käsebrötchen,55,0,0,0,0,0,0,1,0,16,10.4,21.7,0.1,0,32,8.6,40.3,1005.5,478,1.3
3110,5/20/2019,2019,5,0,20,Käsebrötchen,35,0,0,0,0,0,0,0,0,13.5,10.8,15.7,1.3,0,298,9.4,36.4,1007.6,0,-2.5
3112,5/21/2019,2019,5,1,21,Käsebrötchen,35,1,0,0,0,0,0,0,0,11.6,10.5,12.5,7.5,0,308,12.6,39.2,1013.1,0,-1.9
3114,5/22/2019,2019,5,2,22,Käsebrötchen,32,0,0,0,0,0,0,0,0,12.9,9.2,18.1,0,0,286,7.6,25.9,1019.5,243,1.3
3116,5/23/2019,2019,5,3,23,Käsebrötchen,37.46,1,0,0,0,0,0,0,0,15.8,8.8,21.4,0,0,219,7.9,27.7,1018.4,813,2.9
3118,5/24/2019,2019,5,4,24,Käsebrötchen,31,0,0,0,0,0,0,0,0,16.6,11,22.2,3.4,0,211,9,30.6,1015.3,507,0.8
3120,5/25/2019,2019,5,5,25,Käsebrötchen,33,0,0,0,0,0,0,0,0,13.8,8.8,19.2,0,0,340,7.2,23.8,1017.5,376,-2.8
3122,5/26/2019,2019,5,6,26,Käsebrötchen,56,0,0,1,0,0,0,0,0,15.6,10.1,19.8,3.9,0,224,14,36.7,1013.8,161,1.8
3124,5/27/2019,2019,5,0,27,Käsebrötchen,37,0,0,0,0,0,0,0,0,14.9,11.8,19.2,0,0,255,9.7,30.6,1009.5,304,-0.7
3126,5/28/2019,2019,5,1,28,Käsebrötchen,43,1,0,0,0,0,0,0,0,11.7,8.8,14.9,7.9,0,313,8.6,30.6,1010.2,100,-3.2
3128,5/29/2019,2019,5,2,29,Käsebrötchen,25,0,0,0,0,0,0,0,0,13,6,18.8,0,0,107,7.9,31.7,1021.3,880,1.3
3130,5/30/2019,2019,5,3,30,Käsebrötchen,83,0,0,0,0,0,0,0,1,15.3,11.8,18.6,0,0,206,11.5,37.4,1023.2,0,2.3
3132,5/31/2019,2019,5,4,31,Käsebrötchen,34,0,0,0,0,0,0,0,0,17.9,13.6,21.9,0,0,237,11.9,31,1024.7,674,2.6
3134,6/1/2019,2019,6,5,1,Käsebrötchen,39,0,0,0,0,0,0,0,0,19.8,12.4,25.9,0,0,206,7.2,25.2,1021.7,844,1.9
3136,6/2/2019,2019,6,6,2,Käsebrötchen,55,0,0,0,0,0,0,0,0,23.9,17.5,29.2,9,0,171,11.2,37.8,1014.2,908,4.1
3138,6/3/2019,2019,6,0,3,Käsebrötchen,38,0,0,0,0,0,0,0,0,19,15.8,22.7,0.5,0,224,8.3,56.9,1013.6,163,-4.9
3140,6/4/2019,2019,6,1,4,Käsebrötchen,34,1,0,0,0,0,0,0,0,21,14.7,26.4,0,0,140,10.8,45.7,1009.5,630,2
3142,6/5/2019,2019,6,2,5,Käsebrötchen,34,0,0,0,0,0,0,0,0,21.4,16.4,25.5,5.4,0,236,9.4,54.4,1006.5,568,0.4
3144,6/6/2019,2019,6,3,6,Käsebrötchen,39,1,0,0,0,0,0,0,0,14.5,11.1,17.7,0,0,223,12.2,56.2,1012.3,340,-6.9
3146,6/7/2019,2019,6,4,7,Käsebrötchen,31,0,0,0,0,0,1,0,0,16,9.5,23.8,1,0,141,16.9,58.3,1011.2,640,1.5
3148,6/8/2019,2019,6,5,8,Käsebrötchen,46,0,0,0,0,0,1,0,0,14.1,10.7,18.1,1.3,0,213,22.3,71.3,1017.8,213,-1.9
3150,6/9/2019,2019,6,6,9,Käsebrötchen,40,0,0,0,0,0,1,0,0,16.4,9.5,21.7,0,0,207,8.6,27.4,1022,599,2.3
3152,6/10/2019,2019,6,0,10,Käsebrötchen,65,0,0,0,0,0,1,0,1,18.1,14.4,23.7,6,0,155,7.6,29.2,1012.4,321,1.7
3154,6/11/2019,2019,6,1,11,Käsebrötchen,37,1,0,0,0,0,0,0,0,16.3,12.2,20.9,0.1,0,252,9,24.5,1011.9,495,-1.8
3156,6/12/2019,2019,6,2,12,Käsebrötchen,29,0,0,0,0,0,0,0,0,16.2,12.5,19.2,8.2,0,125,13,48.2,1009.6,456,-0.1
3158,6/13/2019,2019,6,3,13,Käsebrötchen,37,1,0,0,0,0,0,0,0,15.9,11.8,20.1,0.2,0,198,14.4,49.3,1012.9,619,-0.3
3160,6/14/2019,2019,6,4,14,Käsebrötchen,30,0,0,0,0,0,0,0,0,19.8,11.8,26.1,1.6,0,160,7.2,23,1013.9,788,3.9
3162,6/15/2019,2019,6,5,15,Käsebrötchen,29,0,0,0,0,0,0,0,0,18.2,15.4,21.7,0,0,268,9.4,40,1013.5,324,-1.6
3163,6/16/2019,2019,6,6,16,Käsebrötchen,53,0,0,0,0,0,0,0,0,18.2,14.4,22,0,0,230,9.4,32.8,1020.3,642,0
3165,6/17/2019,2019,6,0,17,Käsebrötchen,31,0,0,0,0,0,0,0,0,20.7,13.5,26.4,0,0,160,6.1,30.2,1019.8,857,2.5
3167,6/18/2019,2019,6,1,18,Käsebrötchen,35,1,0,0,0,0,0,0,0,23.1,17.5,28.8,0,0,147,6.5,25.2,1013.9,640,2.4
3169,6/19/2019,2019,6,2,19,Käsebrötchen,26,0,0,0,0,0,0,0,0,22.4,15.7,28.5,9.7,0,188,10.8,58.3,1008.3,646,-0.7
3171,6/20/2019,2019,6,3,20,Käsebrötchen,55,0,0,0,0,0,0,0,1,17.2,13.6,20.9,0.4,0,234,10.1,36,1012.7,173,-5.2
3173,6/21/2019,2019,6,4,21,Käsebrötchen,34,0,0,0,0,0,0,0,0,16.5,12.4,21.2,0,0,259,9,27,1019.6,643,-0.7
3175,6/22/2019,2019,6,5,22,Käsebrötchen,34,0,0,0,0,0,0,0,0,19.3,12.8,24.9,0,0,51,13.3,34.9,1020.6,785,2.8
3177,6/23/2019,2019,6,6,23,Käsebrötchen,53,0,0,0,0,0,0,0,0,23.2,16.1,29.7,0,0,92,11.9,34.9,1018.7,767,3.9
3179,6/24/2019,2019,6,0,24,Käsebrötchen,33,0,0,0,0,0,0,0,0,26.1,19.4,31.7,0,0,136,13.7,36.4,1018.6,841,2.9
3181,6/25/2019,2019,6,1,25,Käsebrötchen,43,1,0,0,0,0,0,0,0,28.3,20.6,34.5,0,0,150,11.9,36,1017.6,811,2.2
3183,6/26/2019,2019,6,2,26,Käsebrötchen,35,0,0,0,0,0,0,0,0,24.9,17,29.7,0,0,302,11.5,37.1,1023.7,882,-3.4
3185,6/27/2019,2019,6,3,27,Käsebrötchen,41,1,0,0,0,0,0,0,0,19.3,14.3,25.1,0,0,22,14,32,1027.4,810,-5.6
3187,6/28/2019,2019,6,4,28,Käsebrötchen,33,0,0,0,0,0,0,0,0,18.8,12.1,25.3,0,0,48,12.2,29.2,1025,858,-0.5
3189,6/29/2019,2019,6,5,29,Käsebrötchen,26,0,0,0,0,0,0,0,0,25.5,14.4,33.9,0,0,131,7.2,26.6,1018.5,940,6.7
3191,6/30/2019,2019,6,6,30,Käsebrötchen,63,0,0,0,0,0,0,0,0,25.6,19.3,30.6,0,0,230,12.2,34.9,1014.3,847,0.1
3193,7/1/2019,2019,7,0,1,Käsebrötchen,32,0,0,0,0,0,0,0,0,19.7,14.1,24.9,0,0,273,11.5,37.8,1018.1,617,-5.9
3195,7/2/2019,2019,7,1,2,Käsebrötchen,38,1,0,0,0,0,0,0,0,17.4,11.6,23,0,0,331,9.7,28.4,1022.8,661,-2.3
3197,7/3/2019,2019,7,2,3,Käsebrötchen,32,0,0,0,0,0,0,0,0,16.8,12.3,21.4,0,0,17,11.5,42.1,1024.9,606,-0.6
3199,7/4/2019,2019,7,3,4,Käsebrötchen,35,1,1,0,0,0,0,0,0,17.6,10.8,24,0,0,21,8.3,22,1023.7,858,0.8
3201,7/5/2019,2019,7,4,5,Käsebrötchen,29,0,1,0,0,0,0,0,0,20.2,15.1,25.8,0,0,281,9.4,35.6,1017.4,551,2.6
3203,7/6/2019,2019,7,5,6,Käsebrötchen,28,0,1,0,0,0,0,0,0,18.6,12.9,26.6,2.5,0,281,11.2,38.5,1012.1,582,-1.6
3205,7/7/2019,2019,7,6,7,Käsebrötchen,58,0,1,0,0,0,0,0,0,15,11.4,19.6,0,0,334,10.4,31.7,1015.3,322,-3.6
3207,7/8/2019,2019,7,0,8,Käsebrötchen,32,0,0,0,0,0,0,0,0,13.6,9.2,17.5,0,0,308,8.6,30.6,1019.7,51,-1.4
3209,7/9/2019,2019,7,1,9,Käsebrötchen,36,1,0,0,0,0,0,0,0,15.3,10.7,20.7,0,0,338,9.4,28.4,1021,368,1.7
3211,7/10/2019,2019,7,2,10,Käsebrötchen,35,0,0,0,0,0,0,0,0,15.7,9.3,22.2,2.5,0,3,6.8,20.2,1019.9,346,0.4
3213,7/11/2019,2019,7,3,11,Käsebrötchen,31,1,0,0,0,0,0,0,0,17.5,13.9,24.3,1.3,0,162,7.6,38.5,1013.5,128,1.8
3215,7/12/2019,2019,7,4,12,Käsebrötchen,22,0,0,0,0,0,0,0,0,18,14,24.1,1.1,0,270,9,35.6,1012.2,257,0.5
3217,7/13/2019,2019,7,5,13,Käsebrötchen,30,0,0,0,0,0,0,0,0,17,14.5,22.1,0.2,0,317,10.4,32.8,1017.7,158,-1
3219,7/14/2019,2019,7,6,14,Käsebrötchen,68,0,0,0,0,0,0,0,0,15.2,12.6,18.6,0,0,349,10.4,28.8,1020,6,-1.8
3221,7/15/2019,2019,7,0,15,Käsebrötchen,26,0,0,0,0,0,0,0,0,14.1,11.2,17.1,0,0,335,7.2,19.8,1020.2,4,-1.1
3223,7/16/2019,2019,7,1,16,Käsebrötchen,40,1,0,0,0,0,0,0,0,14.4,10.2,18.8,0,0,310,6.5,17.6,1019.2,80,0.3
3225,7/17/2019,2019,7,2,17,Käsebrötchen,31,0,0,0,0,0,0,0,0,16.6,12.4,22.5,0,0,75,5,16.6,1015.9,180,2.2
3227,7/18/2019,2019,7,3,18,Käsebrötchen,40,1,0,0,0,0,0,0,0,19.7,12.6,25.8,0,0,194,9.7,38.9,1012.2,341,3.1
3229,7/19/2019,2019,7,4,19,Käsebrötchen,29,0,0,0,0,0,0,0,0,20.7,16.5,24.9,0,0,234,8.6,29.5,1014,486,1
3231,7/20/2019,2019,7,5,20,Käsebrötchen,33,0,0,0,0,0,0,0,0,20.8,17,28.4,10,0,191,10.8,35.6,1012.1,364,0.1
3233,7/21/2019,2019,7,6,21,Käsebrötchen,65,0,0,0,0,0,0,0,0,19,15.6,24.2,0,0,246,9.4,30.6,1020.7,343,-1.8
3235,7/22/2019,2019,7,0,22,Käsebrötchen,39,0,0,0,0,0,0,0,0,22.1,15.2,28.2,0,0,226,9.7,34.2,1023.2,784,3.1
3237,7/23/2019,2019,7,1,23,Käsebrötchen,38,1,0,0,0,0,0,0,0,27.1,18,34,0,0,98,7.2,23,1020.1,886,5
3239,7/24/2019,2019,7,2,24,Käsebrötchen,53,0,0,0,0,0,0,0,0,31,22.6,38,0,0,146,8.3,32.8,1014.5,837,3.9
3241,7/25/2019,2019,7,3,25,Käsebrötchen,49,1,0,0,0,0,0,0,0,31.6,22,40,0,0,106,7.9,27.4,1014,826,0.6
3243,7/26/2019,2019,7,4,26,Käsebrötchen,36,0,0,0,0,0,0,0,0,29.9,23.2,37.3,0,0,70,10.8,39.2,1008.6,621,-1.7
3245,7/27/2019,2019,7,5,27,Käsebrötchen,36,0,0,0,0,0,0,0,0,23.3,19,29.2,10.3,0,156,8.3,33.8,1002.9,446,-6.6
3247,7/28/2019,2019,7,6,28,Käsebrötchen,57,0,0,0,0,0,0,0,0,19,17.3,20.8,0,0,264,9,28.8,1004,0,-4.3
3249,7/29/2019,2019,7,0,29,Käsebrötchen,37,0,0,0,0,0,0,0,0,20.8,15.7,26.3,0,0,243,7.9,21.2,1011.5,815,1.8
3251,7/30/2019,2019,7,1,30,Käsebrötchen,43,1,0,0,0,0,0,0,0,23,15.6,29.6,0,0,205,10.1,37.1,1012,559,2.2
3253,7/31/2019,2019,7,2,31,Käsebrötchen,40,0,0,0,0,0,0,0,0,19.9,16.5,23.6,0.3,0,232,12.2,37.1,1015.9,354,-3.1
3255,8/1/2019,2019,8,3,1,Käsebrötchen,40,1,0,0,0,0,0,0,0,19.1,14.2,24.3,0.2,0,232,9.4,37.1,1017.1,403,-0.8
3257,8/2/2019,2019,8,4,2,Käsebrötchen,28,0,0,0,0,0,0,1,0,18.1,14,25.5,13.9,0,227,9,34.2,1015.2,323,-1
3259,8/3/2019,2019,8,5,3,Käsebrötchen,33,0,0,0,0,0,0,0,0,17.7,15.4,21,0,0,339,9,26.3,1017.8,57,-0.4
3261,8/4/2019,2019,8,6,4,Käsebrötchen,44,0,0,0,0,0,0,0,0,20.8,13.5,26.9,0,0,123,5.8,20.5,1015.9,690,3.1
3263,8/5/2019,2019,8,0,5,Käsebrötchen,27,0,0,0,0,0,0,0,0,22.5,19.1,26.7,0.9,0,215,11.2,36.4,1011,484,1.7
3265,8/6/2019,2019,8,1,6,Käsebrötchen,26,1,0,0,0,0,0,0,0,20.5,15.1,24.1,0,0,231,11.2,38.2,1010.4,405,-2
3267,8/7/2019,2019,8,2,7,Käsebrötchen,33,0,0,0,0,0,0,0,0,20,15.7,24.1,0,0,234,13,42.8,1008.2,490,-0.5
3269,8/8/2019,2019,8,3,8,Käsebrötchen,18,1,0,0,0,0,0,0,0,19.1,14.5,23.4,0,0,227,12.6,41.4,1012,594,-0.9
3271,8/9/2019,2019,8,4,9,Käsebrötchen,28,0,0,0,0,0,0,0,0,21.1,16.5,25.4,0.3,0,146,13,42.5,1008.8,32,2
3273,8/10/2019,2019,8,5,10,Käsebrötchen,24,0,0,0,0,0,0,0,0,21.1,18,25.1,0,0,216,20.2,64.8,1011.1,422,0
3275,8/11/2019,2019,8,6,11,Käsebrötchen,55,0,0,0,0,0,0,0,0,18.9,16,22.6,0,0,229,12.2,36.4,1015.3,315,-2.2
3277,8/12/2019,2019,8,0,12,Käsebrötchen,21,0,0,0,0,0,0,0,0,16.1,12.3,23.8,14.1,0,214,10.1,56.2,1015.6,373,-2.8
3279,8/13/2019,2019,8,1,13,Käsebrötchen,22,1,0,0,0,0,0,0,0,14.2,11.8,19.6,0.4,0,231,11.5,36,1017.9,238,-1.9
3281,8/14/2019,2019,8,2,14,Käsebrötchen,32,0,0,0,0,0,0,0,0,16.3,9.5,22.5,4.6,0,207,10.1,34.6,1017.3,538,2.1
3283,8/15/2019,2019,8,3,15,Käsebrötchen,21,1,0,0,0,0,0,0,0,16.9,14.4,20.9,6.7,0,219,12.6,42.5,1011.9,161,0.6
3285,8/16/2019,2019,8,4,16,Käsebrötchen,26,0,0,0,0,1,0,0,0,17.4,13.1,21.5,1.4,0,217,10.1,34.2,1016,295,0.5
3287,8/17/2019,2019,8,5,17,Käsebrötchen,23,0,0,0,0,1,0,0,0,17.9,15.8,20.5,11.6,0,192,11.9,45.7,1009.1,3,0.5
3289,8/18/2019,2019,8,6,18,Käsebrötchen,53,0,0,0,0,1,0,0,0,15.9,13.1,18.4,8.2,0,202,9.4,31.7,1007.9,54,-2
3291,8/19/2019,2019,8,0,19,Käsebrötchen,22,0,0,0,0,1,0,0,0,17,13,21.6,0,0,231,12.6,36.7,1016.6,514,1.1
3293,8/20/2019,2019,8,1,20,Käsebrötchen,21,1,0,0,0,1,0,0,0,15.8,12.3,21.1,2.6,0,235,9.4,45.4,1023.5,493,-1.2
3295,8/21/2019,2019,8,2,21,Käsebrötchen,23,0,0,0,0,1,0,0,0,16.9,10.7,21.9,0,0,224,5.8,17.6,1028.2,747,1.1
3297,8/22/2019,2019,8,3,22,Käsebrötchen,26,1,0,0,0,1,0,0,0,20.1,13.9,25.5,0,0,176,7.9,26.3,1025.9,783,3.2
3299,8/23/2019,2019,8,4,23,Käsebrötchen,26,0,0,0,0,1,0,0,0,21.5,12.6,27.2,0,0,56,9,24.1,1025.1,771,1.4
3301,8/24/2019,2019,8,5,24,Käsebrötchen,23,0,0,0,0,1,0,1,0,23,14.7,29.5,0,0,96,6.8,25.6,1020.9,788,1.5
3303,8/25/2019,2019,8,6,25,Käsebrötchen,40,0,0,0,0,1,0,0,0,24.6,16.8,30.3,0,0,44,6.1,20.2,1019,614,1.6
3305,8/26/2019,2019,8,0,26,Käsebrötchen,27,0,0,0,0,1,0,0,0,25.1,18.8,32.6,0,0,69,6.1,26.3,1017.8,656,0.5
3307,8/27/2019,2019,8,1,27,Käsebrötchen,27,1,0,0,0,1,0,0,0,26,19.6,32.4,0.6,0,161,6.5,26.6,1015.3,630,0.9
3309,8/28/2019,2019,8,2,28,Käsebrötchen,30,0,0,0,0,1,0,0,0,25.2,21.8,29.1,11.5,0,214,9,27.4,1014.3,540,-0.8
3311,8/29/2019,2019,8,3,29,Käsebrötchen,30,1,0,0,0,1,0,0,0,20.4,17,23.8,0,0,261,7.2,30.2,1019.5,300,-4.8
3313,8/30/2019,2019,8,4,30,Käsebrötchen,28,0,0,0,0,1,0,0,0,19.3,14,24.4,0,0,302,5.4,19.4,1022.6,689,-1.1
3315,8/31/2019,2019,8,5,31,Käsebrötchen,32,0,0,0,0,1,0,0,0,23.2,14.7,30.8,1.9,0,163,9,61.6,1013.1,634,3.9
3317,9/1/2019,2019,9,6,1,Käsebrötchen,36,0,0,0,0,1,0,0,0,16.9,12.8,19.7,0.3,0,281,8.3,26.3,1015.4,154,-6.3
3319,9/2/2019,2019,9,0,2,Käsebrötchen,30,0,0,0,0,0,0,0,0,14.9,9.6,20.4,0,0,253,7.9,29.9,1023.4,646,-2
3321,9/3/2019,2019,9,1,3,Käsebrötchen,25,1,0,0,0,0,0,0,0,15.3,11.6,18.6,0,0,217,9.7,33.1,1023.7,94,0.4
3323,9/4/2019,2019,9,2,4,Käsebrötchen,30,0,0,0,0,0,0,0,0,16.6,12.6,22.7,3.7,0,223,12.2,37.4,1016.6,288,1.3
3325,9/5/2019,2019,9,3,5,Käsebrötchen,28,1,0,0,0,0,0,0,0,13.3,8.8,17.7,0.2,0,269,11.9,42.1,1020.5,241,-3.3
3327,9/6/2019,2019,9,4,6,Käsebrötchen,29,0,0,0,0,0,0,0,0,13.4,6.4,18.8,2.8,0,219,9.7,29.2,1023.5,568,0.1
3329,9/7/2019,2019,9,5,7,Käsebrötchen,32,0,0,0,0,0,0,0,0,13.9,11.2,17.7,0.9,0,240,7.6,29.2,1018.9,238,0.5
3331,9/8/2019,2019,9,6,8,Käsebrötchen,42,0,0,0,0,0,0,0,0,13,10.9,16.3,0,0,349,7.9,25.9,1019.1,131,-0.9
3333,9/9/2019,2019,9,0,9,Käsebrötchen,28,0,0,0,0,0,0,0,0,13.3,10,17.7,0,0,259,6.1,19.8,1016.1,309,0.3
3335,9/10/2019,2019,9,1,10,Käsebrötchen,29,1,0,0,0,0,0,0,0,14.4,9,19.6,0,0,226,6.1,24.1,1018.3,574,1.1
3337,9/11/2019,2019,9,2,11,Käsebrötchen,27,0,0,0,0,0,0,0,0,13.9,11,18.6,4.2,0,197,10.8,35.3,1022.7,221,-0.5
3339,9/12/2019,2019,9,3,12,Käsebrötchen,32,1,0,0,0,0,0,0,0,18.3,14.8,22.7,0.1,0,229,11.9,34.2,1027.6,286,4.4
3341,9/13/2019,2019,9,4,13,Käsebrötchen,27,0,0,0,0,0,0,0,0,17.2,12.7,20.6,1.5,0,285,10.8,28.4,1032.2,141,-1.1
3343,9/14/2019,2019,9,5,14,Käsebrötchen,31,0,0,0,0,0,0,0,0,15.2,9.2,20.8,0,0,70,7.9,22.7,1032.3,705,-2
3345,9/15/2019,2019,9,6,15,Käsebrötchen,38,0,0,0,0,0,0,1,0,17.3,11.3,23.9,0.1,0,221,9,29.5,1023.8,681,2.1
3347,9/16/2019,2019,9,0,16,Käsebrötchen,25,0,0,0,0,0,0,0,0,14.2,12.3,15.9,2.4,0,287,5.4,20.2,1020.9,0,-3.1
3349,9/17/2019,2019,9,1,17,Käsebrötchen,26,1,0,0,0,0,0,0,0,12.8,7.9,16.8,0,0,303,9,45.7,1022.3,199,-1.4
3351,9/18/2019,2019,9,2,18,Käsebrötchen,30,0,0,0,0,0,0,0,0,11.4,5.5,17.2,0,0,329,8.3,32,1027.4,418,-1.4
3352,9/19/2019,2019,9,3,19,Käsebrötchen,30,1,0,0,0,0,0,0,0,11.4,5.6,16.2,0,0,16,7.6,24.5,1030.7,622,0
3354,9/20/2019,2019,9,4,20,Käsebrötchen,25,0,0,0,0,0,0,0,0,13.3,6.4,19.2,0,0,96,7.6,21.2,1028.3,675,1.9
3356,9/21/2019,2019,9,5,21,Käsebrötchen,34,0,0,0,0,0,0,0,0,17.1,9.8,25.1,0,0,119,13,34.9,1019,696,3.8
3358,9/22/2019,2019,9,6,22,Käsebrötchen,46,0,0,0,0,0,0,0,0,20.6,13.8,27.1,2.7,0,159,14.4,30.6,1009.8,514,3.5
3360,9/23/2019,2019,9,0,23,Käsebrötchen,36,0,0,0,0,0,0,0,0,15.8,13.6,19.2,0.9,0,227,8.6,26.6,1014.7,125,-4.8
3362,9/24/2019,2019,9,1,24,Käsebrötchen,29,1,0,0,0,0,0,0,0,15.1,11.2,19,1.3,0,167,14,41,1010.5,62,-0.7
3364,9/25/2019,2019,9,2,25,Käsebrötchen,35,0,0,0,0,0,0,0,0,14.9,13.2,18.3,2.7,0,212,11.5,34.6,1006.6,39,-0.2
3366,9/26/2019,2019,9,3,26,Käsebrötchen,33,1,0,0,0,0,0,0,0,15.5,13,17.2,7.8,0,189,11.2,48.2,1009,10,0.6
3367,9/27/2019,2019,9,4,27,Käsebrötchen,30,0,0,0,0,0,0,0,0,15.2,12.7,18.9,0.5,0,218,13.7,40.3,1009.4,260,-0.3
3369,9/28/2019,2019,9,5,28,Käsebrötchen,31,0,0,0,0,0,0,1,0,14.2,12.8,16.8,3.8,0,223,19.8,48.6,1011.6,59,-1
3371,9/29/2019,2019,9,6,29,Käsebrötchen,41,0,0,0,0,0,0,0,0,14.5,13.2,16.8,37.5,0,208,17.6,57.6,1002.2,7,0.3
3373,9/30/2019,2019,9,0,30,Käsebrötchen,35,0,0,0,0,0,0,0,0,13.8,11.8,16.4,10.4,0,246,15.8,60.5,1008.7,61,-0.7
3375,10/1/2019,2019,10,1,1,Käsebrötchen,31,1,0,0,0,0,0,0,0,14.4,12.1,16,18.1,0,206,13.7,44.6,1002,0,0.6
3377,10/2/2019,2019,10,2,2,Käsebrötchen,39,0,0,0,0,0,0,0,0,10,7.7,14.1,1.1,0,308,11.5,40.7,1010.7,317,-4.4
3379,10/3/2019,2019,10,3,3,Käsebrötchen,78,0,0,0,0,0,0,0,1,9.4,7.3,13.9,1.2,0,239,9.4,29.5,1017.6,20,-0.6
3381,10/4/2019,2019,10,4,4,Käsebrötchen,25,0,0,0,0,0,0,0,0,10.1,8.5,12.6,6,0,191,15.5,41.8,1006.5,1,0.7
3383,10/5/2019,2019,10,5,5,Käsebrötchen,31,0,0,0,0,0,0,0,0,9.2,6.9,12.8,0,0,51,8.6,24.1,1016,110,-0.9
3385,10/6/2019,2019,10,6,6,Käsebrötchen,48,0,0,0,0,0,0,0,0,8.1,7.2,9.8,16.6,0,110,15.5,36.4,1014.2,0,-1.1
3387,10/7/2019,2019,10,0,7,Käsebrötchen,35,0,0,0,0,0,0,0,0,9.5,7,12,9.1,0,124,11.5,28.4,1017.1,24,1.4
3389,10/8/2019,2019,10,1,8,Käsebrötchen,23,1,0,0,0,0,0,0,0,12.4,10.8,15.4,6.4,0,220,14,34.2,1008.6,9,2.9
3391,10/9/2019,2019,10,2,9,Käsebrötchen,27,0,0,0,0,0,0,0,0,11.4,9.5,13.5,1.5,0,225,17.3,44.6,1007.6,13,-1
3393,10/10/2019,2019,10,3,10,Käsebrötchen,30,1,0,0,0,0,0,0,0,11.6,9,15.1,0.4,0,232,16.6,43.2,1012.7,170,0.2
3395,10/11/2019,2019,10,4,11,Käsebrötchen,27,0,0,0,0,0,0,0,0,13.9,11,16.8,0.3,0,210,18,53.3,1013,0,2.3
3397,10/12/2019,2019,10,5,12,Käsebrötchen,33,0,0,0,0,0,0,0,0,15.9,13.5,18.5,0,0,216,14.8,46.1,1010.4,263,2
3399,10/13/2019,2019,10,6,13,Käsebrötchen,46,0,0,0,0,0,0,0,0,18.8,14.8,23.4,2.4,0,183,16.2,48.2,1009.6,211,2.9
3401,10/14/2019,2019,10,0,14,Käsebrötchen,37,0,0,0,0,0,0,0,0,17.6,12,22.3,0,0,160,11.9,39.6,1011.2,373,-1.2
3403,10/15/2019,2019,10,1,15,Käsebrötchen,28,1,0,0,0,0,0,0,0,15.5,12,19.8,9.3,0,213,9,29.2,1007.3,78,-2.1
3405,10/16/2019,2019,10,2,16,Käsebrötchen,23,0,0,0,0,0,0,0,0,12.3,10.5,14.6,7.8,0,198,13.7,39.6,1009.9,203,-3.2
3407,10/17/2019,2019,10,3,17,Käsebrötchen,31,1,0,0,0,0,0,0,0,13.4,12.6,15,3.6,0,183,11.5,42.1,1010.3,21,1.1
3409,10/18/2019,2019,10,4,18,Käsebrötchen,30,0,0,0,0,0,0,0,0,12.4,8.8,16.4,5.4,0,193,17.6,62.3,1007.7,144,-1
3411,10/19/2019,2019,10,5,19,Käsebrötchen,31,0,0,0,0,0,0,0,0,11.7,10.4,13.7,5.3,0,181,14,40.7,1006.5,5,-0.7
3413,10/20/2019,2019,10,6,20,Käsebrötchen,45,0,0,0,0,0,0,1,0,11.1,10.4,12.2,9.9,0,85,9.4,33.5,1009,0,-0.6
3415,10/21/2019,2019,10,0,21,Käsebrötchen,36,0,0,0,0,0,0,0,0,13.3,11,17.2,0,0,174,10.4,39.6,1016.7,212,2.2
3417,10/22/2019,2019,10,1,22,Käsebrötchen,32,1,0,0,0,0,0,0,0,11.4,9.5,13.7,0.1,0,190,7.9,27,1024,16,-1.9
3419,10/23/2019,2019,10,2,23,Käsebrötchen,23,0,0,0,0,0,0,0,0,12.7,9.7,17.9,0,0,91,8.6,27,1015.6,294,1.3
3421,10/24/2019,2019,10,3,24,Käsebrötchen,29,1,0,0,0,0,0,0,0,14.8,11.4,19.1,0,0,182,11.9,31.3,1009.3,166,2.1
3423,10/25/2019,2019,10,4,25,Käsebrötchen,31,0,0,0,0,0,0,0,0,13.9,11.4,15.7,0,0,213,15.1,46.8,1018.3,273,-0.9
3425,10/26/2019,2019,10,5,26,Käsebrötchen,34,0,0,0,0,0,0,0,0,15.9,13.5,19.3,4.8,0,193,16.9,46.4,1014.6,346,2
3427,10/27/2019,2019,10,6,27,Käsebrötchen,47,0,0,0,0,0,0,0,0,9.7,4.7,17.5,0.1,0,250,11.2,49,1020.2,56,-6.2
3429,10/28/2019,2019,10,0,28,Käsebrötchen,39,0,0,0,0,0,0,0,0,7,3.5,11.4,0,0,246,5.8,13.7,1024,257,-2.7
3431,10/29/2019,2019,10,1,29,Käsebrötchen,32,1,0,0,0,0,0,1,0,7,3.8,10.6,0,0,53,8.6,24.8,1025.8,401,0
3433,10/30/2019,2019,10,2,30,Käsebrötchen,32,0,0,0,0,0,0,0,0,4.4,1.4,8.6,0,0,86,10.4,24.8,1028,325,-2.6
3435,10/31/2019,2019,10,3,31,Käsebrötchen,38,1,0,0,0,0,0,0,0,4,-0.6,10,0,0,100,9.7,21.2,1023.3,526,-0.4
3437,11/1/2019,2019,11,4,1,Käsebrötchen,54,0,0,0,0,0,0,0,1,7.5,3.9,11.8,7.8,0,163,19.1,40,1007.4,0,3.5
3439,11/2/2019,2019,11,5,2,Käsebrötchen,40,0,0,0,0,0,0,0,0,12.7,10.6,14.3,3.9,0,200,16.2,46.1,991,15,5.2
3441,11/3/2019,2019,11,6,3,Käsebrötchen,68,0,0,0,0,0,0,0,0,11.3,9.1,14.2,5.1,0,167,16.2,36,986,24,-1.4
3443,11/4/2019,2019,11,0,4,Käsebrötchen,28,0,0,0,0,0,0,1,0,9.7,8.6,11.6,4.9,0,192,11.2,37.4,989.5,38,-1.6
3444,11/5/2019,2019,11,1,5,Käsebrötchen,29,1,0,0,0,0,0,0,0,8.2,6.6,9.8,6.1,0,219,7.9,25.6,996.8,0,-1.5
3446,11/6/2019,2019,11,2,6,Käsebrötchen,36,0,0,0,0,0,0,0,0,7.5,5.4,9,4.4,0,254,6.1,21.6,1002.4,0,-0.7
3448,11/7/2019,2019,11,3,7,Käsebrötchen,47,1,0,0,0,0,0,0,0,7.4,4.7,10.5,2.7,0,168,15.8,47.9,999.9,66,-0.1
3450,11/8/2019,2019,11,4,8,Käsebrötchen,24,0,0,0,0,0,0,0,0,6.1,3.4,10.3,0.8,0,188,6.8,25.6,1006.6,211,-1.3
3452,11/9/2019,2019,11,5,9,Käsebrötchen,45,0,0,0,0,0,0,0,0,4.4,2.2,7.1,0.1,0,206,9.7,32.8,1008.8,35,-1.7
3454,11/10/2019,2019,11,6,10,Käsebrötchen,45,0,0,0,0,0,0,0,0,4.1,0.6,9.2,0,0,160,5.8,26.6,1013.1,515,-0.3
3456,11/11/2019,2019,11,0,11,Käsebrötchen,27,0,0,0,0,0,0,0,0,4.1,1,6.4,3.2,0,175,18.7,56.9,1007.3,5,0
3458,11/12/2019,2019,11,1,12,Käsebrötchen,19,1,0,0,0,0,0,0,0,4.1,2.2,5.6,2.2,0,194,13,39.6,1002.1,4,0
3460,11/13/2019,2019,11,2,13,Käsebrötchen,27,0,0,0,0,0,0,0,0,4.6,2.6,6.7,1,0,193,13.7,41,1001.5,0,0.5
3462,11/14/2019,2019,11,3,14,Käsebrötchen,36,1,0,0,0,0,0,0,0,5.5,2.9,8.1,0,0,130,14.8,42.1,1002.7,23,0.9
3464,11/15/2019,2019,11,4,15,Käsebrötchen,24,0,0,0,0,0,0,0,0,3.6,1.4,5.9,0,0,91,10.1,37.4,1002.2,61,-1.9
3466,11/16/2019,2019,11,5,16,Käsebrötchen,35,0,0,0,0,0,0,0,0,4.4,2.2,7.8,0,0,183,7.6,28.4,1009,190,0.8
3468,11/17/2019,2019,11,6,17,Käsebrötchen,47,0,0,0,0,0,0,0,0,3.1,0.3,4.8,15,0,61,10.8,34.6,1011,0,-1.3
3469,11/18/2019,2019,11,0,18,Käsebrötchen,35,0,0,0,0,0,0,0,0,4.7,2.8,6.3,34.2,0,295,8.6,34.6,1007.1,0,1.6
3471,11/19/2019,2019,11,1,19,Käsebrötchen,19,1,0,0,0,0,0,0,0,3.9,2.4,5.8,4.6,0,225,9.7,27.7,1016.7,2,-0.8
3473,11/20/2019,2019,11,2,20,Käsebrötchen,28,0,0,0,0,0,0,0,0,1.8,-0.8,4.4,0,0,115,6.8,20.2,1018.3,212,-2.1
3474,11/21/2019,2019,11,3,21,Käsebrötchen,23,1,0,0,0,0,0,0,0,2.5,-1.3,6.6,1.3,0,113,10.1,31,1009.9,105,0.7
3476,11/22/2019,2019,11,4,22,Käsebrötchen,23,0,0,0,0,0,0,1,0,6.1,2.1,8.6,0.5,0,149,14.8,35.3,1005.9,322,3.6
3478,11/23/2019,2019,11,5,23,Käsebrötchen,40,0,0,0,0,0,0,0,0,5.3,1.3,9.7,0,0,77,8.3,31,1000.3,204,-0.8
3480,11/24/2019,2019,11,6,24,Käsebrötchen,52,0,0,0,0,0,0,0,0,6.5,2.3,10.3,0,0,180,6.5,18,1007,286,1.2
3482,11/25/2019,2019,11,0,25,Käsebrötchen,36,0,0,0,0,0,0,0,0,7,5,8.9,0,0,165,6.1,20.5,1009.9,0,0.5
3484,11/26/2019,2019,11,1,26,Käsebrötchen,23,1,0,0,0,0,0,0,0,9.1,6.5,11.1,0.5,0,169,15.8,38.5,1004.1,19,2.1
3486,11/27/2019,2019,11,2,27,Käsebrötchen,26,0,0,0,0,0,0,0,0,10.3,9.1,11.7,3.4,0,174,18.4,74.2,991.3,18,1.2
3488,11/28/2019,2019,11,3,28,Käsebrötchen,28,1,0,0,0,0,0,0,0,9.1,7.3,10.8,9.7,0,235,23,62.6,992.5,0,-1.2
3490,11/29/2019,2019,11,4,29,Käsebrötchen,22,0,0,0,0,0,0,0,0,5.1,1.9,7.3,0,0,292,7.6,29.2,1011.2,186,-4
3492,11/30/2019,2019,11,5,30,Käsebrötchen,38,0,0,0,0,0,0,1,0,1.3,-0.5,3.9,0,0,179,6.8,18,1024,144,-3.8
3494,12/1/2019,2019,12,6,1,Käsebrötchen,43,0,0,0,0,0,0,0,0,0.4,-1,1.6,0,0,69,9.7,23.8,1022,0,-0.9
3496,12/2/2019,2019,12,0,2,Käsebrötchen,37,0,0,0,0,0,0,0,0,2,-1.1,4.6,2.9,0,232,7.9,21.6,1026.7,11,1.6
3498,12/3/2019,2019,12,1,3,Käsebrötchen,25,1,0,0,0,0,0,0,0,4.9,2.7,6.9,0.1,0,235,6.1,16.9,1028.7,69,2.9
3500,12/4/2019,2019,12,2,4,Käsebrötchen,33,0,0,0,0,0,0,0,0,3.7,1.2,7.4,0,0,156,7.6,24.8,1023.3,445,-1.2
3502,12/5/2019,2019,12,3,5,Käsebrötchen,38,1,0,0,0,0,0,0,0,1.7,0.1,4,0,0,208,13,38.9,1021,213,-2
3504,12/6/2019,2019,12,4,6,Käsebrötchen,25,0,0,0,0,0,0,0,0,3.9,0.8,7.5,13.9,0,201,19.4,50,1011.2,0,2.2
3506,12/7/2019,2019,12,5,7,Käsebrötchen,40,0,0,0,1,0,0,0,0,8,7.5,8.6,0,0,237,17.3,42.1,1012.5,0,4.1
3508,12/8/2019,2019,12,6,8,Käsebrötchen,41,0,0,0,0,0,0,0,0,8.6,6.1,9.9,4.7,0,222,22.7,57.6,1003.7,0,0.6
3510,12/9/2019,2019,12,0,9,Käsebrötchen,41,0,0,0,0,0,0,0,0,5.9,2.4,7.2,9,0,249,17.3,59.4,1003.4,0,-2.7
3512,12/10/2019,2019,12,1,10,Käsebrötchen,24,1,0,0,0,0,0,0,0,3,0.2,5.9,1.2,0,212,14.4,56.5,1022.3,236,-2.9
3514,12/11/2019,2019,12,2,11,Käsebrötchen,32,0,0,0,0,0,0,0,0,3.8,3,5,7.3,0,186,13.7,55.8,1008.9,0,0.8
3516,12/12/2019,2019,12,3,12,Käsebrötchen,28,1,0,0,0,0,0,0,0,4,2.8,5.4,0.4,0,194,17.6,60.1,999,179,0.2
3518,12/13/2019,2019,12,4,13,Käsebrötchen,27,0,0,0,0,0,0,1,0,3.7,1.9,5.6,11.8,0,188,21.2,60.8,979.9,0,-0.3
3520,12/14/2019,2019,12,5,14,Käsebrötchen,35,0,0,0,0,0,0,0,0,4.7,3.2,6.3,11.6,0,228,19.4,70.9,991.3,18,1
3522,12/15/2019,2019,12,6,15,Käsebrötchen,41,0,0,0,0,0,0,0,0,6.8,4.6,9.3,2.1,0,207,18.4,58,1001,215,2.1
3524,12/16/2019,2019,12,0,16,Käsebrötchen,41,0,0,0,0,0,0,0,0,8,5,10.7,0,0,171,11.9,34.9,1005.9,0,1.2
3526,12/17/2019,2019,12,1,17,Käsebrötchen,29,1,0,0,0,0,0,0,0,12.3,8.5,14.3,6.3,0,181,16.2,43.9,1002.5,10,4.3
3528,12/18/2019,2019,12,2,18,Käsebrötchen,31,0,0,0,0,0,0,0,0,7.8,5.7,9.7,0,0,203,13.3,48.2,1015.4,289,-4.5
3530,12/19/2019,2019,12,3,19,Käsebrötchen,38,1,0,0,0,0,0,0,0,12.1,9.3,15.1,0,0,164,22.3,47.5,1009.1,407,4.3
3532,12/20/2019,2019,12,4,20,Käsebrötchen,28,0,0,0,0,0,0,0,0,11,7.5,12.9,3.9,0,176,25.2,63,990.6,0,-1.1
3534,12/21/2019,2019,12,5,21,Käsebrötchen,40,0,0,0,0,0,0,0,0,7.7,6.4,9,1.3,0,178,17.6,43.2,990.2,212,-3.3
3536,12/22/2019,2019,12,6,22,Käsebrötchen,45,0,0,0,0,0,0,1,0,7.4,5.9,8.9,7.9,0,193,20.2,49,985.5,0,-0.3
3538,12/23/2019,2019,12,0,23,Käsebrötchen,27,0,0,0,0,0,0,0,0,6.9,5.8,7.7,2.6,0,243,14.4,35.6,1006.5,0,-0.5
3540,12/24/2019,2019,12,1,24,Käsebrötchen,34,1,0,0,0,0,0,0,0,7.2,5.5,9.6,5.8,0,221,17.6,47.2,1010.4,0,0.3
4331,12/25/2019,2019,12,2,25,Käsebrötchen,0,0,0,0,0,0,0,0,1,6.7,5.1,7.9,2,0,271,10.4,34.9,1019.5,0,-0.5
3542,12/26/2019,2019,12,3,26,Käsebrötchen,63,0,0,0,0,0,0,0,1,5.3,4.7,6.1,0,0,178,9.7,29.9,1024.2,0,-1.4
3544,12/27/2019,2019,12,4,27,Käsebrötchen,26,0,0,0,0,0,0,0,0,3.7,-0.4,5.4,0,0,90,10.1,30.2,1029,264,-1.6
3546,12/28/2019,2019,12,5,28,Käsebrötchen,27,0,0,0,0,0,0,0,0,0.6,-2.6,3.3,0,0,133,9.4,32.4,1040.6,148,-3.1
3548,12/29/2019,2019,12,6,29,Käsebrötchen,35,0,0,0,0,0,0,0,0,2.9,0.5,5.3,0,0,176,13,33.8,1037.8,20,2.3
3550,12/30/2019,2019,12,0,30,Käsebrötchen,33,0,0,0,0,0,0,0,0,7.4,4.2,10.6,0,0,197,13.3,31.7,1031.3,346,4.5
3552,12/31/2019,2019,12,1,31,Käsebrötchen,36,1,0,0,0,0,0,0,0,3.1,-0.2,5.5,0.2,0,160,7.9,24.8,1034.1,0,-4.3
3554,1/1/2020,2020,1,2,1,Käsebrötchen,35,0,0,0,0,0,0,0,1,1.6,-1.8,4.7,0,0,155,9,24.1,1033,441,-1.5
3555,1/2/2020,2020,1,3,2,Käsebrötchen,35,1,0,0,0,0,0,0,0,1.8,-1.3,5.5,0,0,188,13.3,33.8,1026.9,6,0.2
3557,1/3/2020,2020,1,4,3,Käsebrötchen,36,0,0,0,0,0,0,0,0,6.9,2.9,9,4.4,0,226,16.9,47.5,1020.1,0,5.1
3559,1/4/2020,2020,1,5,4,Käsebrötchen,33,0,0,0,0,0,0,0,0,4.6,2,6.3,6,0,255,13.7,41.8,1030.1,0,-2.3
3561,1/5/2020,2020,1,6,5,Käsebrötchen,37,0,0,0,0,0,0,0,0,5.8,5.2,6.2,0,0,240,9.7,25.2,1034.8,0,1.2
3563,1/6/2020,2020,1,0,6,Käsebrötchen,27,0,0,0,0,0,0,0,0,5,3.8,6.2,0.8,0,192,12.6,41,1026.8,236,-0.8
3565,1/7/2020,2020,1,1,7,Käsebrötchen,30,1,0,0,0,0,0,0,0,5.7,2.8,7.5,0,0,217,13,36,1026.2,9,0.7
3567,1/8/2020,2020,1,2,8,Käsebrötchen,31,0,0,0,0,0,0,0,0,8.7,6.4,10.7,8.1,0,209,13.7,41.4,1023.8,0,3
3569,1/9/2020,2020,1,3,9,Käsebrötchen,28,1,0,0,0,0,0,0,0,10.7,9.4,12.1,8.7,0,194,14,40,1014.4,0,2
3571,1/10/2020,2020,1,4,10,Käsebrötchen,30,0,0,0,0,0,0,0,0,6.9,2.1,9.9,1.8,0,248,11.9,38.2,1019.5,0,-3.8
3573,1/11/2020,2020,1,5,11,Käsebrötchen,33,0,0,0,0,0,0,0,0,4,1.2,6.2,0,0,211,13.3,35.3,1031.2,54,-2.9
3575,1/12/2020,2020,1,6,12,Käsebrötchen,40,0,0,0,0,0,0,0,0,5.3,3,7.6,3.1,0,207,18.7,46.4,1023,7,1.3
3577,1/13/2020,2020,1,0,13,Käsebrötchen,37,0,0,0,0,0,0,0,0,6.7,4.8,8.2,0.5,0,194,16.2,56.9,1017.8,124,1.4
3579,1/14/2020,2020,1,1,14,Käsebrötchen,29,1,0,0,0,0,0,0,0,8.9,7.5,11.2,2.8,0,193,21.2,57.6,1007.7,0,2.2
3581,1/15/2020,2020,1,2,15,Käsebrötchen,37,0,0,0,0,0,0,0,0,10.4,6.1,12.1,2.5,0,204,20.2,55.4,1013.4,107,1.5
3583,1/16/2020,2020,1,3,16,Käsebrötchen,29,1,0,0,0,0,0,0,0,7.9,4,11,0,0,180,14,50,1024.7,467,-2.5
3585,1/17/2020,2020,1,4,17,Käsebrötchen,25,0,0,0,0,0,0,0,0,8.1,4.4,9.8,2.7,0,189,17.3,45.7,1017.3,9,0.2
3587,1/18/2020,2020,1,5,18,Käsebrötchen,23,0,0,0,0,0,0,0,0,3.8,1.4,5.1,2.7,0,242,12.2,38.5,1025.3,1,-4.3
3589,1/19/2020,2020,1,6,19,Käsebrötchen,40,0,0,0,0,0,0,0,0,2.6,0.1,5.4,0.6,0,304,7.6,26.3,1038.7,62,-1.2
3591,1/20/2020,2020,1,0,20,Käsebrötchen,37,0,0,0,0,0,0,0,0,2.4,-0.2,5.3,0,0,250,4.7,13.7,1047.6,3,-0.2
3593,1/21/2020,2020,1,1,21,Käsebrötchen,23,1,0,0,0,0,0,0,0,1.5,-2.7,5.4,0,0,208,7.2,22.3,1042.6,470,-0.9
3595,1/22/2020,2020,1,2,22,Käsebrötchen,32,0,0,0,0,0,0,0,0,-0.9,-3.8,1.3,0,0,216,5.8,19.8,1037.8,0,-2.4
3597,1/23/2020,2020,1,3,23,Käsebrötchen,41,1,0,0,0,0,0,0,0,2,-0.5,3.4,0,0,141,5.8,18.4,1032.5,0,2.9
3599,1/24/2020,2020,1,4,24,Käsebrötchen,18,0,0,0,0,0,0,0,0,-0.3,-0.9,0.2,0,0,198,7.9,29.2,1024.9,0,-2.3
3601,1/25/2020,2020,1,5,25,Käsebrötchen,35,0,0,0,0,0,0,0,0,1,-0.1,2.4,0,0,206,7.6,18,1022.5,0,1.3
3603,1/26/2020,2020,1,6,26,Käsebrötchen,41,0,0,0,0,0,0,0,0,4.3,-1.2,8.8,1.8,0,170,10.8,31.7,1016.8,338,3.3
3605,1/27/2020,2020,1,0,27,Käsebrötchen,41,0,0,0,0,0,0,0,0,6.7,6,7.9,5.9,0,182,15.8,46.8,1006.6,0,2.4
3607,1/28/2020,2020,1,1,28,Käsebrötchen,22,1,0,0,0,0,0,0,0,4.5,2.1,6.8,4.5,0,226,20.2,64.1,996,24,-2.2
3609,1/29/2020,2020,1,2,29,Käsebrötchen,28,0,0,0,0,0,0,0,0,3.8,1.7,5.5,1.5,0,242,16.9,43.9,1007.7,13,-0.7
3611,1/30/2020,2020,1,3,30,Käsebrötchen,28,1,0,0,0,0,0,0,0,7.4,5.5,11.4,6.5,0,212,19.4,51.1,1008.5,130,3.6
3613,1/31/2020,2020,1,4,31,Käsebrötchen,24,0,0,0,0,0,0,0,0,11,9.7,12.3,2.9,0,236,19.8,50.8,1008.6,22,3.6
3614,2/1/2020,2020,2,5,1,Käsebrötchen,30,0,0,0,0,0,0,0,0,10.3,7.6,11.8,16.5,0,232,19.1,48.6,1005.7,4,-0.7
3616,2/2/2020,2020,2,6,2,Käsebrötchen,41,0,0,0,0,0,0,0,0,8.8,5.6,11.9,5.9,0,230,18.7,54,1009.1,0,-1.5
3618,2/3/2020,2020,2,0,3,Käsebrötchen,39,0,0,0,0,0,0,1,0,9,4.5,10.4,10,0,246,17.6,48.6,1011.3,7,0.2
3620,2/4/2020,2020,2,1,4,Käsebrötchen,19,1,0,0,0,0,0,0,0,4.1,1.8,5.4,6,0,281,11.5,39.6,1015.1,24,-4.9
3622,2/5/2020,2020,2,2,5,Käsebrötchen,37,0,0,0,0,0,0,0,0,3.6,0.6,6.3,0,0,271,6.8,17.6,1035,338,-0.5
3624,2/6/2020,2020,2,3,6,Käsebrötchen,26,1,0,0,0,0,0,0,0,3.8,2,5.5,0,0,228,6.5,15.5,1033.1,0,0.2
3626,2/7/2020,2020,2,4,7,Käsebrötchen,28,0,0,0,0,0,0,0,0,4.4,0.8,8.6,0,0,145,14.4,42.5,1027.1,526,0.6
3628,2/8/2020,2020,2,5,8,Käsebrötchen,36,0,0,0,0,0,0,0,0,6.7,3.1,10.4,0.1,0,178,15.5,41.4,1020.8,87,2.3
3630,2/9/2020,2020,2,6,9,Käsebrötchen,45,0,0,0,0,0,0,0,0,10,6.5,13.2,2.2,0,195,27.7,94.3,1005.4,107,3.3
3632,2/10/2020,2020,2,0,10,Käsebrötchen,33,0,0,0,0,0,0,0,0,7.1,3.4,11.5,13.9,0,245,29.5,77.4,995.7,75,-2.9
3634,2/11/2020,2020,2,1,11,Käsebrötchen,18,1,0,0,0,0,0,0,0,4.3,1.7,7.1,1,0,254,28.1,70.9,1004.5,156,-2.8
3636,2/12/2020,2020,2,2,12,Käsebrötchen,42,0,0,0,0,0,0,0,0,4.4,3.1,6.7,0,0,246,20.5,51.5,1013.9,103,0.1
3638,2/13/2020,2020,2,3,13,Käsebrötchen,22,1,0,0,0,0,0,0,0,4.3,2.4,6.2,6.2,0,180,18.4,60.8,1005.5,44,-0.1
3640,2/14/2020,2020,2,4,14,Käsebrötchen,22,0,0,0,0,0,0,0,0,6,4.6,7.3,0.5,0,241,11.9,33.8,1018.6,0,1.7
3642,2/15/2020,2020,2,5,15,Käsebrötchen,24,0,0,0,0,0,0,0,0,8.7,5.6,12.2,3.8,0,188,17.6,52.6,1017.9,262,2.7
3644,2/16/2020,2020,2,6,16,Käsebrötchen,45,0,0,0,0,0,0,0,0,12.8,7,17.4,12,0,213,27.4,91.8,1005.1,1,4.1
3646,2/17/2020,2020,2,0,17,Käsebrötchen,31,0,0,0,0,0,0,1,0,7.5,5.6,10.2,2.3,0,227,20.9,59,1013.3,194,-5.3
3648,2/18/2020,2020,2,1,18,Käsebrötchen,13,1,0,0,0,0,0,0,0,6.5,5.3,7.6,7.8,0,232,22,57.2,1020.5,37,-1
3650,2/19/2020,2020,2,2,19,Käsebrötchen,34,0,0,0,0,0,0,0,0,5,2.7,7.1,0.5,0,244,18,59.8,1018.6,152,-1.5
3652,2/20/2020,2020,2,3,20,Käsebrötchen,23,1,0,0,0,0,0,0,0,6.9,3.8,9.6,7,0,213,20.5,60.1,1015.3,31,1.9
3654,2/21/2020,2020,2,4,21,Käsebrötchen,29,0,0,0,0,0,0,0,0,5.5,2.2,8.1,0,0,236,19.8,49.7,1024.7,229,-1.4
3656,2/22/2020,2020,2,5,22,Käsebrötchen,37,0,0,0,0,0,0,0,0,7.7,4.5,9.1,13.8,0,227,25.6,68.8,1020.7,22,2.2
3658,2/23/2020,2020,2,6,23,Käsebrötchen,51,0,0,0,0,0,0,0,0,8.7,3.6,11.4,19.7,0,255,24.5,78.1,1015.7,0,1
3660,2/24/2020,2020,2,0,24,Käsebrötchen,35,0,0,0,0,0,0,0,0,6.3,2.6,10.9,5.3,0,214,17.3,55.4,1014.8,0,-2.4
3662,2/25/2020,2020,2,1,25,Käsebrötchen,32,1,0,0,0,0,0,0,0,6.8,2.2,9.9,7.1,0,242,19.4,56.9,1000,270,0.5
3664,2/26/2020,2020,2,2,26,Käsebrötchen,21,0,0,0,0,0,0,0,0,2.1,0,4.2,6.5,0,249,15.5,50.4,999.3,11,-4.7
3666,2/27/2020,2020,2,3,27,Käsebrötchen,28,1,0,0,0,0,0,0,0,1.9,0.2,3.9,8.1,0,207,12.2,32,1002.6,0,-0.2
3668,2/28/2020,2020,2,4,28,Käsebrötchen,22,0,0,0,0,0,0,0,0,3,0.2,6.2,3.7,0,215,17.6,64.4,1013.3,255,1.1
3670,2/29/2020,2020,2,5,29,Käsebrötchen,47,0,0,0,0,0,0,0,0,7.8,4.8,13.1,2.2,0,196,21.6,68,994.8,199,4.8
3672,3/1/2020,2020,3,6,1,Käsebrötchen,40,0,0,0,0,0,0,1,0,6.3,4.1,9,3.3,0,213,19.4,54.4,994.3,72,-1.5
3674,3/2/2020,2020,3,0,2,Käsebrötchen,29,0,0,0,0,0,0,0,0,5.8,2.7,8.8,6.5,0,193,14.8,45.7,992,73,-0.5
3676,3/3/2020,2020,3,1,3,Käsebrötchen,21,1,0,0,0,0,0,0,0,4.4,1.9,7.9,0.1,0,239,12.6,36.7,1003.2,470,-1.4
3678,3/4/2020,2020,3,2,4,Käsebrötchen,19,0,0,0,0,0,0,0,0,5.6,2.7,9.9,0.2,0,221,11.5,32.4,1010.3,258,1.2
3680,3/5/2020,2020,3,3,5,Käsebrötchen,33,1,0,0,0,0,0,0,0,5.2,3.9,6.9,12.3,0,125,13.3,34.6,996.5,0,-0.4
3682,3/6/2020,2020,3,4,6,Käsebrötchen,30,0,0,0,0,0,0,0,0,4.4,2.9,5.6,0.7,0,342,13.3,35.3,996.5,0,-0.8
3684,3/7/2020,2020,3,5,7,Käsebrötchen,32,0,0,0,0,0,0,0,0,5.8,1.9,8.7,0,0,256,11.5,31.3,1017.3,324,1.4
3686,3/8/2020,2020,3,6,8,Käsebrötchen,48,0,0,0,0,0,0,0,0,7.9,6.5,11.1,5.5,0,195,15.5,54.4,1013,117,2.1
3688,3/9/2020,2020,3,0,9,Käsebrötchen,36,0,0,0,0,0,0,0,0,7,5.7,9.4,10.4,0,233,14.4,45,1012.8,132,-0.9
3690,3/10/2020,2020,3,1,10,Käsebrötchen,34,1,0,0,0,0,0,0,0,8.9,5,12.1,19.8,0,225,22,56.5,1006.6,0,1.9
3692,3/11/2020,2020,3,2,11,Käsebrötchen,18,0,0,0,0,0,0,0,0,10.6,8.1,13.5,7.3,0,248,15.5,54.7,1011,90,1.7
3694,3/12/2020,2020,3,3,12,Käsebrötchen,33,1,0,0,0,0,0,0,0,9.2,5.4,12.8,0.3,0,243,24.8,80.6,1010.3,383,-1.4
3696,3/13/2020,2020,3,4,13,Käsebrötchen,28,0,0,0,0,0,0,0,0,6.3,3.9,10.1,1.2,0,252,17.6,58,1017.2,128,-2.9
3698,3/14/2020,2020,3,5,14,Käsebrötchen,38,0,0,0,0,0,0,0,0,6.5,1.7,11.3,0,0,155,11.9,36,1021,445,0.2
3700,3/15/2020,2020,3,6,15,Käsebrötchen,59,0,0,0,0,0,0,0,0,9.9,6.4,13.8,0,0,180,16.2,47.5,1015.2,209,3.4
3702,3/16/2020,2020,3,0,16,Käsebrötchen,32,0,0,0,0,0,0,0,0,11.2,8,16.1,0,0,243,7.6,22.7,1019.7,572,1.3
3704,3/17/2020,2020,3,1,17,Käsebrötchen,19,1,0,0,0,0,0,0,0,10,5.1,14,0,0,246,10.4,33.5,1029.4,624,-1.2
3706,3/18/2020,2020,3,2,18,Käsebrötchen,29,0,0,0,0,0,0,0,0,11.4,7,15.9,0,0,226,13.7,36,1027.2,659,1.4
3708,3/19/2020,2020,3,3,19,Käsebrötchen,22,1,0,0,0,0,0,0,0,11.3,8,16,0,0,240,8.3,27.7,1025.4,242,-0.1
3709,3/20/2020,2020,3,4,20,Käsebrötchen,32,0,0,0,0,0,0,0,0,7,4.3,8.9,0.5,0,45,18.7,55.4,1026,0,-4.3
3710,3/21/2020,2020,3,5,21,Käsebrötchen,25,0,0,0,0,0,0,0,0,4.8,1.4,8.6,0,0,64,20.5,54,1028.1,654,-2.2
3712,3/22/2020,2020,3,6,22,Käsebrötchen,35,0,0,0,0,0,0,0,0,4,-1,9.1,0,0,82,15.5,42.5,1031.2,711,-0.8
3713,3/23/2020,2020,3,0,23,Käsebrötchen,22,0,0,0,0,0,0,0,0,4.2,-0.7,9.6,0,0,122,18.7,41,1033.8,708,0.2
3714,3/24/2020,2020,3,1,24,Käsebrötchen,22,1,0,0,0,0,0,0,0,5.1,0.1,10.3,0,0,127,16.2,36.7,1032,712,0.9
3715,3/25/2020,2020,3,2,25,Käsebrötchen,28,0,0,0,0,0,0,0,0,5.8,0.2,11.2,0,0,85,14.4,41.8,1027.2,704,0.7
3716,3/26/2020,2020,3,3,26,Käsebrötchen,38,1,0,0,0,0,0,0,0,5.5,-0.4,10.7,0,0,63,15.8,46.8,1023,705,-0.3
3717,3/27/2020,2020,3,4,27,Käsebrötchen,54,0,0,0,0,0,0,0,0,9.2,2.5,16.4,0,0,63,15.5,44.6,1020,666,3.7
3718,3/28/2020,2020,3,5,28,Käsebrötchen,26,0,0,0,0,0,0,0,0,8.5,3.5,13,0,0,39,19.1,49.3,1022.6,687,-0.7
3719,3/29/2020,2020,3,6,29,Käsebrötchen,29,0,0,0,0,0,0,0,0,2.3,-0.7,4.2,0.6,0,0,22,70.2,1029.2,32,-6.2
3720,3/30/2020,2020,3,0,30,Käsebrötchen,24,0,0,0,0,0,0,0,0,2.3,-4,7.6,2.1,0,322,9,34.9,1030.5,370,0
3721,3/31/2020,2020,3,1,31,Käsebrötchen,23,1,0,0,0,0,0,0,0,4,1.2,8.1,0,0,52,11.9,30.2,1029.7,569,1.7
3722,4/1/2020,2020,4,2,1,Käsebrötchen,26,0,0,0,0,0,0,0,0,5.1,-1,10.1,0,0,329,6.8,24.1,1022.2,703,1.1
3723,4/2/2020,2020,4,3,2,Käsebrötchen,30,1,0,0,0,0,0,0,0,5.8,0.9,9.2,0,0,254,9.7,33.1,1014.5,97,0.7
3724,4/3/2020,2020,4,4,3,Käsebrötchen,21,0,0,0,0,0,0,0,0,7.4,2.3,11.2,0,0,266,9.7,32,1016.5,94,1.6
3725,4/4/2020,2020,4,5,4,Käsebrötchen,24,0,0,0,0,0,0,0,0,8,0.6,14.7,0,0,137,7.9,33.5,1024.5,748,0.6
3726,4/5/2020,2020,4,6,5,Käsebrötchen,38,0,0,0,0,0,0,0,0,13.9,7.6,19.7,0,0,138,18,43.9,1021.9,749,5.9
3727,4/6/2020,2020,4,0,6,Käsebrötchen,23,0,0,0,0,0,0,0,0,16.8,12.1,23.2,0,0,192,15.8,38.9,1020.6,748,2.9
3728,4/7/2020,2020,4,1,7,Käsebrötchen,25,1,0,0,0,0,0,0,0,14.7,9.7,19.3,0,0,61,8.3,26.6,1030,611,-2.1
3729,4/8/2020,2020,4,2,8,Käsebrötchen,23,0,0,0,0,0,0,0,0,18.4,12.6,23.9,0,0,143,7.2,19.1,1024.8,651,3.7
3730,4/9/2020,2020,4,3,9,Käsebrötchen,30,1,0,0,0,0,0,0,0,15.7,11.6,20.1,0,0,37,11.5,30.2,1024.9,661,-2.7
3731,4/10/2020,2020,4,4,10,Käsebrötchen,46,0,0,0,0,0,0,0,1,12.9,6.9,18.7,0,0,49,12.2,29.5,1026.5,760,-2.8
3732,4/11/2020,2020,4,5,11,Käsebrötchen,35,0,0,0,0,0,0,0,0,14.4,4.8,22.1,0,0,99,8.3,25.6,1023.6,756,1.5
3733,4/12/2020,2020,4,6,12,Käsebrötchen,25,0,0,0,0,0,0,0,0,17.2,12.2,22.5,0,0,219,7.9,25.9,1015.7,674,2.8
4332,4/13/2020,2020,4,0,13,Käsebrötchen,0,0,0,0,0,0,0,0,0,8,2.3,14.5,0,0,3,18.4,49.3,1021,417,-9.2
3734,4/14/2020,2020,4,1,14,Käsebrötchen,32,1,0,0,0,0,0,0,0,5.9,3,9.7,0,0,353,10.1,28.1,1026.9,128,-2.1
3735,4/15/2020,2020,4,2,15,Käsebrötchen,32,0,0,0,0,0,0,0,0,10.4,1.7,18.2,0,0,124,6.1,18,1024.1,702,4.5
3736,4/16/2020,2020,4,3,16,Käsebrötchen,41,1,0,0,0,0,0,0,0,15.9,9.3,22.1,0,0,160,7.9,30.2,1016.9,689,5.5
3737,4/17/2020,2020,4,4,17,Käsebrötchen,38,0,0,0,0,0,0,0,0,12.9,6.4,18.9,0,0,54,14.8,35.3,1016.9,764,-3
3738,4/18/2020,2020,4,5,18,Käsebrötchen,60,0,0,0,0,0,0,0,0,13.2,8.5,19.3,0.8,0,25,8.3,28.4,1015.8,232,0.3
3739,4/19/2020,2020,4,6,19,Käsebrötchen,49,0,0,0,0,0,0,0,0,12.9,9.2,17.5,0,0,22,13,43.9,1018.4,469,-0.3
3740,4/20/2020,2020,4,0,20,Käsebrötchen,39,0,0,0,0,0,0,0,0,11.9,5.5,17.8,0,0,72,19.1,55.4,1019.4,803,-1
3741,4/21/2020,2020,4,1,21,Käsebrötchen,34,1,0,0,0,0,0,0,0,13.3,7.3,18.9,0,0,70,18.4,56.5,1018.4,811,1.4
3742,4/22/2020,2020,4,2,22,Käsebrötchen,29,0,0,0,0,0,0,0,0,14.8,8.5,21.1,0,0,69,16.2,48.2,1020.3,811,1.5
3743,4/23/2020,2020,4,3,23,Käsebrötchen,36,1,0,0,0,0,0,0,0,16.1,8.2,23.2,0,0,102,8.3,27.7,1019.2,770,1.3
3744,4/24/2020,2020,4,4,24,Käsebrötchen,46,0,0,0,0,0,0,0,0,14.8,7.2,19.8,0,0,277,11.2,33.1,1013.1,756,-1.3
3745,4/25/2020,2020,4,5,25,Käsebrötchen,39,0,0,0,0,0,0,0,0,10.2,6.4,15.1,0,0,22,9.7,29.9,1014,527,-4.6
3746,4/26/2020,2020,4,6,26,Käsebrötchen,43,0,0,0,0,0,0,0,0,12.1,5.1,18.1,0,0,6,7.9,22,1011.7,803,1.9
3747,4/27/2020,2020,4,0,27,Käsebrötchen,35,0,0,0,0,0,0,0,0,15.3,8.6,21,0,0,188,8.3,28.8,1008,779,3.2
3748,4/28/2020,2020,4,1,28,Käsebrötchen,35,1,0,0,0,0,0,0,0,13.5,8.5,19.7,11.9,0,199,7.6,34.2,1004.3,167,-1.8
3749,4/29/2020,2020,4,2,29,Käsebrötchen,31,0,0,0,0,0,0,0,0,12.5,10,15.9,6.5,0,223,13,35.3,1005.2,117,-1
3750,4/30/2020,2020,4,3,30,Käsebrötchen,33,1,0,0,0,0,0,0,0,10.4,7.1,15.2,8.4,0,197,14.4,50.8,1001.6,305,-2.1
3751,5/1/2020,2020,5,4,1,Käsebrötchen,60,0,0,0,0,0,0,0,1,9.7,7.3,14.2,5.2,0,224,14,45.4,1001.5,323,-0.7
3752,5/2/2020,2020,5,5,2,Käsebrötchen,42,0,0,0,0,0,0,0,0,8.9,6.7,12.1,4.4,0,247,10.8,47.9,1009.4,154,-0.8
3753,5/3/2020,2020,5,6,3,Käsebrötchen,46,0,0,0,0,0,0,0,0,10.8,5,15.3,0.2,0,226,8.3,22.3,1017.8,278,1.9
3754,5/4/2020,2020,5,0,4,Käsebrötchen,35,0,0,0,0,0,0,0,0,10.9,7.1,14.7,0,0,49,12.6,34.2,1018.8,285,0.1
3755,5/5/2020,2020,5,1,5,Käsebrötchen,34,1,0,0,0,0,0,0,0,9.1,4.2,13.6,0,0,55,12.2,31.7,1022,816,-1.8
3756,5/6/2020,2020,5,2,6,Käsebrötchen,34,0,0,0,0,0,0,0,0,11.8,4.9,17,0,0,61,9,23.8,1025.3,854,2.7
3757,5/7/2020,2020,5,3,7,Käsebrötchen,34,1,0,0,0,0,0,0,0,14.1,6.5,20.4,0,0,249,6.5,20.9,1023.8,764,2.3
3758,5/8/2020,2020,5,4,8,Käsebrötchen,16,0,0,0,0,0,0,0,0,16.2,9.4,21,0,0,63,7.2,20.5,1018.4,561,2.1
3759,5/9/2020,2020,5,5,9,Käsebrötchen,30,0,0,0,0,0,0,0,0,17.5,12,22.9,0,0,80,8.6,23,1012.8,630,1.3
3760,5/10/2020,2020,5,6,10,Käsebrötchen,39,0,0,0,0,0,0,0,0,15.1,5.8,19.8,1.5,0,116,10.1,52.9,1007,70,-2.4
3761,5/11/2020,2020,5,0,11,Käsebrötchen,43,0,0,0,0,0,0,0,0,7.7,4,12.1,0,0,23,25.9,58,1012.9,404,-7.4
3762,5/12/2020,2020,5,1,12,Käsebrötchen,42,1,0,0,0,0,0,0,0,6.7,0.7,10.8,0,0,282,6.5,24.5,1019,336,-1
3763,5/13/2020,2020,5,2,13,Käsebrötchen,36,0,0,0,0,0,0,0,0,8.2,2.5,13.5,0,0,341,9,38.2,1014.2,387,1.5
3764,5/14/2020,2020,5,3,14,Käsebrötchen,33,1,0,0,0,0,0,0,0,8.5,2.7,13.2,0,0,32,14.8,36.7,1019.5,738,0.3
3765,5/15/2020,2020,5,4,15,Käsebrötchen,28,0,0,0,0,0,0,0,0,9.4,3.5,14.7,0,0,23,12.2,36,1022.1,629,0.9
3766,5/16/2020,2020,5,5,16,Käsebrötchen,39,0,0,0,0,0,0,1,0,11.4,4.6,17.1,0,0,269,8.3,31,1023.1,535,2
3767,5/17/2020,2020,5,6,17,Käsebrötchen,52,0,0,0,0,0,0,0,0,12.1,4.2,17.7,0,0,273,5.8,24.8,1024.2,630,0.7
3768,5/18/2020,2020,5,0,18,Käsebrötchen,32,0,0,0,0,0,0,0,0,16,9.3,22.2,0,0,234,10.1,31.3,1023.2,762,3.9
3769,5/19/2020,2020,5,1,19,Käsebrötchen,23,1,0,0,0,0,0,0,0,16.7,10.1,22.1,0,0,276,9,28.8,1022.2,422,0.7
3770,5/20/2020,2020,5,2,20,Käsebrötchen,37,0,0,0,0,0,0,0,0,16.1,12.7,19.6,0,0,13,8.6,20.2,1023.1,118,-0.6
3771,5/21/2020,2020,5,3,21,Käsebrötchen,86,0,0,0,0,0,0,0,1,19.2,10.8,26.3,0,0,117,6.1,18.4,1021.4,889,3.1
3772,5/22/2020,2020,5,4,22,Käsebrötchen,33,0,0,0,0,0,0,0,0,19.4,15,26.1,2.6,0,190,11.2,46.4,1018.5,100,0.2
3773,5/23/2020,2020,5,5,23,Käsebrötchen,34,0,0,0,0,0,0,0,0,14.7,11.4,18.9,0,0,241,13.3,41.4,1023,236,-4.7
3774,5/24/2020,2020,5,6,24,Käsebrötchen,50,0,0,0,0,0,0,0,0,12.5,9.2,14.8,0.5,0,251,13.3,40,1029,137,-2.2
3775,5/25/2020,2020,5,0,25,Käsebrötchen,26,0,0,0,0,0,0,0,0,14.5,11.4,18.9,0,0,318,10.4,31.3,1033.5,233,2
3777,5/26/2020,2020,5,1,26,Käsebrötchen,21,1,0,0,0,0,0,0,0,15.3,9.1,20.9,0,0,45,9,31,1035.2,896,0.8
3779,5/27/2020,2020,5,2,27,Käsebrötchen,36,0,0,0,0,0,0,1,0,17.7,12.3,23.2,0,0,270,9.7,39.6,1033.2,751,2.4
3781,5/28/2020,2020,5,3,28,Käsebrötchen,30,1,0,0,0,0,0,0,0,14.8,9,20.3,0,0,34,16.6,40,1032.7,903,-2.9
3783,5/29/2020,2020,5,4,29,Käsebrötchen,26,0,0,0,0,0,0,0,0,15.8,8.5,21.4,0,0,69,12.2,33.8,1027.7,903,1
3785,5/30/2020,2020,5,5,30,Käsebrötchen,42,0,0,0,0,0,0,0,0,16.9,11.3,22.1,0,0,81,11.9,38.5,1024.1,832,1.1
3787,5/31/2020,2020,5,6,31,Käsebrötchen,41,0,0,0,0,0,0,0,0,15.8,10.7,20,0,0,69,13.3,40.3,1023.1,819,-1.1
3789,6/1/2020,2020,6,0,1,Käsebrötchen,76,0,0,0,0,0,0,0,1,19,11.8,24.8,0,0,66,10.8,38.5,1021.8,846,3.2
3791,6/2/2020,2020,6,1,2,Käsebrötchen,32,1,0,0,0,0,0,0,0,21.6,13.1,28.6,0,0,110,7.6,23,1016.1,885,2.6
3793,6/3/2020,2020,6,2,3,Käsebrötchen,29,0,0,0,0,0,0,0,0,19.5,14.4,24.7,0,0,259,9.4,35.3,1005,642,-2.1
3795,6/4/2020,2020,6,3,4,Käsebrötchen,30,1,0,0,0,0,0,0,0,12.6,9,15.7,9.2,0,288,7.9,34.9,997.5,0,-6.9
3797,6/5/2020,2020,6,4,5,Käsebrötchen,30,0,0,0,0,0,0,1,0,9.3,6.9,11.9,15.9,0,226,13.3,47.2,996.3,243,-3.3
3799,6/6/2020,2020,6,5,6,Käsebrötchen,30,0,0,0,0,0,0,0,0,11.8,7.2,16.4,2.3,0,225,15.8,50.4,1000.8,479,2.5
3800,6/7/2020,2020,6,6,7,Käsebrötchen,51,0,0,0,0,0,0,0,0,13,10,17.6,0,0,235,11.9,37.1,1007.7,135,1.2
3802,6/8/2020,2020,6,0,8,Käsebrötchen,34,0,0,0,0,0,0,0,0,13.6,10.2,17.8,0,0,257,6.8,20.9,1014.5,125,0.6
3804,6/9/2020,2020,6,1,9,Käsebrötchen,39,1,0,0,0,0,0,0,0,14.3,11.3,18.3,0,0,18,11.9,27,1017.8,166,0.7
3806,6/10/2020,2020,6,2,10,Käsebrötchen,30,0,0,0,0,0,0,0,0,14.8,12.2,17.6,0,0,56,9.4,24.5,1015.8,4,0.5
3808,6/11/2020,2020,6,3,11,Käsebrötchen,72,0,0,0,0,0,0,0,1,16.4,13.6,19.5,0,0,77,6.8,18.7,1011.2,57,1.6
3810,6/12/2020,2020,6,4,12,Käsebrötchen,28,0,0,0,0,0,0,0,0,20.5,13.2,26.7,0,0,103,11.9,48.2,1007.7,794,4.1
3812,6/13/2020,2020,6,5,13,Käsebrötchen,26,0,0,0,0,0,0,0,0,20.4,15.4,24.6,0,0,244,6.8,28.4,1011,418,-0.1
3813,6/14/2020,2020,6,6,14,Käsebrötchen,50,0,0,0,0,0,0,0,0,18.3,15.9,21.1,0.8,0,279,9.4,28.8,1013.9,3,-2.1
3815,6/15/2020,2020,6,0,15,Käsebrötchen,33,0,0,0,0,0,0,0,0,18.8,14.9,23,0,0,259,6.8,25.6,1016.8,118,0.5
3817,6/16/2020,2020,6,1,16,Käsebrötchen,35,1,0,0,0,0,0,0,0,17.9,15.8,20.7,1,0,143,5.8,16.2,1015.8,124,-0.9
3819,6/17/2020,2020,6,2,17,Käsebrötchen,35,0,0,0,0,0,0,0,0,18.5,14.3,23.5,4.8,0,96,8.3,34.2,1012,357,0.6
3821,6/18/2020,2020,6,3,18,Käsebrötchen,32,1,0,0,0,0,0,0,0,17.8,14.2,21.7,0,0,203,7.6,30.2,1012,191,-0.7
3823,6/19/2020,2020,6,4,19,Käsebrötchen,28,0,0,0,0,0,0,0,0,18.8,13.6,23.7,0,0,237,9.7,34.9,1016.2,767,1
3825,6/20/2020,2020,6,5,20,Käsebrötchen,43,0,0,0,0,0,0,0,0,17.8,12.5,22.6,0,0,281,7.6,31.3,1021.2,512,-1
3827,6/21/2020,2020,6,6,21,Käsebrötchen,51,0,0,0,0,0,0,1,0,19.7,12.5,25.3,5,0,190,7.9,26.6,1020.2,549,1.9
3829,6/22/2020,2020,6,0,22,Käsebrötchen,30,0,0,0,0,0,0,0,0,18,13.1,23.5,0,0,268,7.6,32.8,1025,482,-1.7
3831,6/23/2020,2020,6,1,23,Käsebrötchen,30,1,0,0,0,0,0,0,0,21.4,13.5,26.9,0,0,72,7.6,24.8,1025.3,921,3.4
3833,6/24/2020,2020,6,2,24,Käsebrötchen,30,0,0,0,0,0,0,0,0,22.9,16,27.6,0,0,82,12.2,36,1022.7,938,1.5
3835,6/25/2020,2020,6,3,25,Käsebrötchen,30,1,0,0,0,0,0,0,0,23.1,16.2,29,0,0,97,11.9,38.9,1018.8,794,0.2
3837,6/26/2020,2020,6,4,26,Käsebrötchen,25,0,0,0,0,0,0,0,0,24,17.3,30.3,0,0,135,10.8,34.6,1012.3,766,0.9
3839,6/27/2020,2020,6,5,27,Käsebrötchen,30,0,0,0,0,0,0,0,0,22.6,19.3,27.8,0.8,0,205,13.7,44.3,1010.2,389,-1.4
3840,6/28/2020,2020,6,6,28,Käsebrötchen,50,0,0,0,0,0,0,0,0,18.4,15.4,21.2,0.5,0,222,12.6,37.4,1013,231,-4.2
3841,6/29/2020,2020,6,0,29,Käsebrötchen,30,0,0,0,0,0,0,0,0,16.2,12.5,20.5,0.9,0,217,14,47.2,1012.6,274,-2.2
3842,6/30/2020,2020,6,1,30,Käsebrötchen,30,1,0,0,0,0,0,0,0,16.7,12.3,21.4,12.2,0,230,18.4,45,1010.1,211,0.5
3844,7/1/2020,2020,7,2,1,Käsebrötchen,27,0,0,0,0,0,0,0,0,17.4,15.7,21,24.8,0,221,13.3,48.2,1007.9,58,0.7
3846,7/2/2020,2020,7,3,2,Käsebrötchen,25,1,0,0,0,0,0,0,0,16.2,12.7,21.5,0.7,0,227,10.8,46.8,1011.9,329,-1.2
3848,7/3/2020,2020,7,4,3,Käsebrötchen,29,0,0,0,0,0,0,0,0,16.2,12,21.2,0.1,0,223,13.7,35.6,1017.5,254,0
3850,7/4/2020,2020,7,5,4,Käsebrötchen,23,0,0,0,0,0,0,0,0,17.6,14.3,20.4,2.3,0,219,17.3,44.6,1015.5,9,1.4
3852,7/5/2020,2020,7,6,5,Käsebrötchen,46,0,0,0,0,0,0,0,0,19.2,14.9,22.4,0.4,0,230,22.7,58.7,1011.8,162,1.6
3854,7/6/2020,2020,7,0,6,Käsebrötchen,28,0,0,0,0,0,0,0,0,14.6,10.5,17.6,5.2,0,260,15.1,56.5,1016.7,286,-4.6
3856,7/7/2020,2020,7,1,7,Käsebrötchen,30,1,0,0,0,0,0,0,0,14.7,8.4,19.9,2.7,0,240,9,33.8,1020.3,338,0.1
3858,7/8/2020,2020,7,2,8,Käsebrötchen,35,0,0,0,0,0,0,0,0,13.6,11.8,15.5,5.2,0,196,7.9,27,1016.7,0,-1.1
3860,7/9/2020,2020,7,3,9,Käsebrötchen,22,1,0,0,0,0,0,0,0,17.9,14.7,21.9,0.1,0,222,13.3,45.4,1013.5,87,4.3
3862,7/10/2020,2020,7,4,10,Käsebrötchen,21,0,0,0,0,0,0,0,0,15.8,11.4,18.1,0.5,0,266,11.5,43.6,1013.7,159,-2.1
3864,7/11/2020,2020,7,5,11,Käsebrötchen,33,0,0,0,0,0,0,0,0,14.6,8.7,20.1,0,0,317,6.8,31.3,1024.6,494,-1.2
3866,7/12/2020,2020,7,6,12,Käsebrötchen,56,0,0,0,0,0,0,0,0,16.3,9.8,21.2,0,0,18,7.6,23,1027.7,715,1.7
3868,7/13/2020,2020,7,0,13,Käsebrötchen,30,0,0,0,0,0,0,0,0,19.1,10.9,25,0,0,337,6.8,28.1,1022.7,796,2.8
3870,7/14/2020,2020,7,1,14,Käsebrötchen,22,1,0,0,0,0,0,0,0,16.7,13.7,22.1,3.6,0,257,6.1,24.8,1015.7,252,-2.4
3872,7/15/2020,2020,7,2,15,Käsebrötchen,29,0,0,0,0,0,0,0,0,15.8,12.2,20.1,0.7,0,305,7.6,23.4,1015,298,-0.9
3874,7/16/2020,2020,7,3,16,Käsebrötchen,30,1,0,0,0,0,0,0,0,14.9,13.3,17.4,8.4,0,242,6.8,20.2,1017.7,15,-0.9
3876,7/17/2020,2020,7,4,17,Käsebrötchen,24,0,0,0,0,0,0,0,0,17.3,14.5,20.9,0,0,295,6.5,20.9,1021.1,36,2.4
3878,7/18/2020,2020,7,5,18,Käsebrötchen,33,0,0,0,0,0,0,0,0,20.9,15.6,25.7,0,0,147,5.4,20.9,1019.2,584,3.6
3880,7/19/2020,2020,7,6,19,Käsebrötchen,46,0,0,0,0,0,0,0,0,21.8,16,27.2,1.7,0,226,9.4,28.8,1016,726,0.9
3882,7/20/2020,2020,7,0,20,Käsebrötchen,29,0,0,0,0,0,0,0,0,17,13.3,21.7,0,0,343,10.4,28.1,1020,438,-4.8
3884,7/21/2020,2020,7,1,21,Käsebrötchen,31,1,0,0,0,0,0,0,0,16.1,10.8,20.9,0,0,337,9,34.6,1024.1,668,-0.9
3885,7/22/2020,2020,7,2,22,Käsebrötchen,31,0,0,0,0,0,0,0,0,16.4,10.9,21.5,0,0,359,8.6,29.5,1023.2,669,0.3
3887,7/23/2020,2020,7,3,23,Käsebrötchen,24,1,0,0,0,0,0,0,0,19.1,10.6,25.2,0,0,268,5.8,19.8,1017.2,788,2.7
3889,7/24/2020,2020,7,4,24,Käsebrötchen,30,0,0,0,0,0,0,0,0,19.2,16.4,23.3,0,0,235,9.7,34.2,1012.7,187,0.1
3891,7/25/2020,2020,7,5,25,Käsebrötchen,38,0,0,0,0,0,0,0,0,19.4,14.9,23.2,13.9,0,205,10.1,40,1011.7,90,0.2
3893,7/26/2020,2020,7,6,26,Käsebrötchen,49,0,0,0,0,0,0,0,0,18.5,14.8,23.2,2.3,0,234,12.2,40.7,1011.8,270,-0.9
3894,7/27/2020,2020,7,0,27,Käsebrötchen,26,0,0,0,0,0,0,0,0,20.1,13.9,27,0.8,0,159,9,32,1012.7,158,1.6
3896,7/28/2020,2020,7,1,28,Käsebrötchen,31,1,0,0,0,0,0,0,0,18.9,14.1,22,0,0,255,13.3,44.6,1012.7,278,-1.2
3898,7/29/2020,2020,7,2,29,Käsebrötchen,28,0,0,0,0,0,0,0,0,17.5,14.2,22.1,0,0,257,10.8,32.8,1019.9,630,-1.4
3900,7/30/2020,2020,7,3,30,Käsebrötchen,24,1,0,0,0,0,0,0,0,19.8,12.4,26.7,0,0,88,7.2,19.8,1020.7,863,2.3
3902,7/31/2020,2020,7,4,31,Käsebrötchen,24,0,0,0,0,0,0,0,0,25.3,15.3,32.8,0,0,89,10.1,28.8,1016.4,863,5.5
3904,8/1/2020,2020,8,5,1,Käsebrötchen,27,0,0,0,0,0,0,0,0,25.1,20.6,30.3,0,0,223,11.5,35.3,1014.1,383,-0.2
3906,8/2/2020,2020,8,6,2,Käsebrötchen,47,0,0,0,0,0,0,0,0,19.6,14.4,22.7,0,0,296,9.4,30.2,1015.2,254,-5.5
3908,8/3/2020,2020,8,0,3,Käsebrötchen,29,0,0,0,0,0,0,0,0,17.6,11.3,23,0,0,40,9.4,32,1014.1,573,-2
3910,8/4/2020,2020,8,1,4,Käsebrötchen,20,1,0,0,0,0,0,0,0,17.3,12.5,22.5,0,0,301,7.6,26.3,1016.9,663,-0.3
3912,8/5/2020,2020,8,2,5,Käsebrötchen,21,0,0,0,0,0,0,0,0,22.1,14.7,28.6,0,0,166,9.7,40.3,1016.8,828,4.8
3914,8/6/2020,2020,8,3,6,Käsebrötchen,25,1,0,0,0,0,0,0,0,25.7,19.3,31.3,0,0,149,10.1,28.8,1019.2,832,3.6
3916,8/7/2020,2020,8,4,7,Käsebrötchen,25,0,0,0,0,0,0,0,0,27.9,20.6,33.5,0,0,122,7.2,23.4,1019.7,810,2.2
3918,8/8/2020,2020,8,5,8,Käsebrötchen,30,0,0,0,0,0,0,0,0,28.6,19.6,35.2,0,0,43,7.9,25.2,1018.9,804,0.7
3920,8/9/2020,2020,8,6,9,Käsebrötchen,47,0,0,0,0,0,0,0,0,26.3,21.8,33.8,0.1,0,56,8.3,33.1,1017,300,-2.3
3922,8/10/2020,2020,8,0,10,Käsebrötchen,35,0,0,0,0,0,0,0,0,26.4,19.4,32,0,0,74,10.4,33.8,1014.9,786,0.1
3924,8/11/2020,2020,8,1,11,Käsebrötchen,41,1,0,0,0,0,0,0,0,25.6,20.5,33.2,1.1,0,79,9.4,51.1,1015.2,432,-0.8
3926,8/12/2020,2020,8,2,12,Käsebrötchen,27,0,0,0,0,0,0,0,0,25.5,20,32.2,0.2,0,119,9.4,29.2,1014.5,600,-0.1
3928,8/13/2020,2020,8,3,13,Käsebrötchen,27,1,0,0,0,0,0,0,0,24.5,20.6,33.1,1,0,170,8.3,42.5,1012.2,345,-1
3930,8/14/2020,2020,8,4,14,Käsebrötchen,26,0,0,0,0,0,0,0,0,23.5,19.1,29.1,0.4,0,213,8.6,32,1013.1,418,-1
3932,8/15/2020,2020,8,5,15,Käsebrötchen,28,0,0,0,0,0,0,0,0,21.3,19,26.3,3.6,0,115,6.1,22.3,1014.9,132,-2.2
3933,8/16/2020,2020,8,6,16,Käsebrötchen,44,0,0,0,0,0,0,0,0,23.8,19.3,30.5,1.5,0,101,6.5,22.7,1011.1,334,2.5
3935,8/17/2020,2020,8,0,17,Käsebrötchen,31,0,0,0,0,0,0,0,0,19.9,15.9,26.2,2.9,0,189,6.8,31,1010.2,207,-3.9
3937,8/18/2020,2020,8,1,18,Käsebrötchen,28,1,0,0,0,0,0,0,0,19,15.6,25.7,0.6,0,212,9.4,30.6,1011.4,457,-0.9
3939,8/19/2020,2020,8,2,19,Käsebrötchen,28,0,0,0,0,0,0,0,0,21.6,14.9,27.9,0.3,0,170,11.5,33.8,1009.6,672,2.6
3941,8/20/2020,2020,8,3,20,Käsebrötchen,36,1,0,0,0,0,0,0,0,25.1,19.1,29.6,3.7,0,169,14.4,43.2,1007.9,240,3.5
3943,8/21/2020,2020,8,4,21,Käsebrötchen,34,0,0,0,0,0,0,0,0,24.4,20.1,29.1,10.2,0,190,13.3,58.3,1009.5,204,-0.7
3945,8/22/2020,2020,8,5,22,Käsebrötchen,42,0,0,0,0,0,0,0,0,20.2,16.6,24.7,0.1,0,229,15.1,46.8,1015.1,395,-4.2
3947,8/23/2020,2020,8,6,23,Käsebrötchen,50,0,0,0,0,0,0,0,0,17.1,14.8,20.5,2.7,0,236,14,43.2,1016.5,187,-3.1
3949,8/24/2020,2020,8,0,24,Käsebrötchen,28,0,0,0,0,0,0,0,0,16.5,14,20.3,0.1,0,227,13.7,41.4,1016,113,-0.6
3951,8/25/2020,2020,8,1,25,Käsebrötchen,28,1,0,0,0,0,0,0,0,17.4,12.6,22.4,0.8,0,179,14.8,53.3,1009.8,62,0.9
3953,8/26/2020,2020,8,2,26,Käsebrötchen,27,0,0,0,0,0,0,0,0,16.7,14.3,18,0.1,0,239,25.9,72.7,1009.9,0,-0.7
3955,8/27/2020,2020,8,3,27,Käsebrötchen,27,1,0,0,0,0,0,0,0,16.5,11.6,22,0.9,0,200,7.2,35.6,1014.6,184,-0.2
3956,8/28/2020,2020,8,4,28,Käsebrötchen,28,0,0,0,0,0,0,0,0,17.1,13,21.1,0.4,0,207,14.4,38.9,1002.6,422,0.6
3958,8/29/2020,2020,8,5,29,Käsebrötchen,32,0,0,0,0,0,0,0,0,15.7,11.3,20.9,0,0,214,10.8,38.9,1004.7,274,-1.4
3960,8/30/2020,2020,8,6,30,Käsebrötchen,45,0,0,0,0,0,0,0,0,14.8,10.3,20.8,4.2,0,228,6.8,24.8,1010.4,167,-0.9
3962,8/31/2020,2020,8,0,31,Käsebrötchen,31,0,0,0,0,0,0,0,0,15.4,13,18.6,0,0,356,10.1,27,1018.6,234,0.6
3964,9/1/2020,2020,9,1,1,Käsebrötchen,29,1,0,0,0,0,0,0,0,15,11.4,18.5,0,0,11,8.6,22.3,1019.4,189,-0.4
3966,9/2/2020,2020,9,2,2,Käsebrötchen,29,0,0,0,0,0,0,0,0,15.9,9.6,22.1,0,0,352,6.1,19.8,1019,581,0.9
3968,9/3/2020,2020,9,3,3,Käsebrötchen,26,1,0,0,0,0,0,0,0,14.8,13,18.6,10.3,0,181,11.5,38.9,1019.6,0,-1.1
3969,9/4/2020,2020,9,4,4,Käsebrötchen,29,0,0,0,0,0,0,0,0,18,14.8,19.4,8.5,0,234,11.5,38.5,1020.6,0,3.2
3971,9/5/2020,2020,9,5,5,Käsebrötchen,28,0,0,0,0,0,0,0,0,14.3,10.5,18.5,0.9,0,249,8.3,29.5,1019.1,125,-3.7
3972,9/6/2020,2020,9,6,6,Käsebrötchen,50,0,0,0,0,0,0,0,0,13.6,8.6,18.7,0,0,233,7.2,23,1020.7,371,-0.7
3974,9/7/2020,2020,9,0,7,Käsebrötchen,34,0,0,0,0,0,0,0,0,15,9.1,20.4,0,0,222,7.2,24.8,1024.4,632,1.4
3976,9/8/2020,2020,9,1,8,Käsebrötchen,35,1,0,0,0,0,0,0,0,15.9,12.6,19.8,0,0,223,10.4,31,1025.9,113,0.9
3978,9/9/2020,2020,9,2,9,Käsebrötchen,27,0,0,0,0,0,0,0,0,17.5,13.4,22.2,1.9,0,224,9.7,43.6,1022.4,117,1.6
3980,9/10/2020,2020,9,3,10,Käsebrötchen,29,1,0,0,0,0,0,0,0,14.8,10.8,19.7,0,0,5,7.2,22.3,1022.5,633,-2.7
3982,9/11/2020,2020,9,4,11,Käsebrötchen,30,0,0,0,0,0,0,0,0,16.6,10.3,22.2,0,0,169,6.8,20.9,1017.8,665,1.8
3984,9/12/2020,2020,9,5,12,Käsebrötchen,44,0,0,0,0,0,0,0,0,16.4,12.6,20.7,0,0,231,9.4,34.2,1020.2,635,-0.2
3986,9/13/2020,2020,9,6,13,Käsebrötchen,42,0,0,1,0,0,0,0,0,17.6,11.3,23.6,0,0,194,7.2,28.8,1025.9,611,1.2
3988,9/14/2020,2020,9,0,14,Käsebrötchen,32,0,0,0,0,0,0,0,0,23.7,15.5,30.9,0,0,146,7.9,25.6,1023.9,653,6.1
3990,9/15/2020,2020,9,1,15,Käsebrötchen,28,1,0,0,0,0,0,0,0,26.1,21.7,32.7,0,0,174,7.2,17.3,1019.6,631,2.4
3992,9/16/2020,2020,9,2,16,Käsebrötchen,32,0,0,0,0,0,0,0,0,21.4,14.8,25.7,0,0,261,13,41,1020.5,430,-4.7
3994,9/17/2020,2020,9,3,17,Käsebrötchen,32,1,0,0,0,0,0,0,0,14.5,11.1,18.7,0,0,49,16.2,42.8,1027.7,642,-6.9
3996,9/18/2020,2020,9,4,18,Käsebrötchen,36,0,0,0,0,0,0,0,0,15.2,8.4,22.3,0,0,74,13.7,34.6,1024.4,697,0.7
3998,9/19/2020,2020,9,5,19,Käsebrötchen,29,0,0,0,0,0,0,0,0,17.6,11.1,25.4,0,0,83,10.4,24.1,1018.7,685,2.4
4000,9/20/2020,2020,9,6,20,Käsebrötchen,60,0,0,0,0,0,0,0,0,16.9,8.6,24.2,0,0,61,10.8,32,1017.2,684,-0.7
4002,9/21/2020,2020,9,0,21,Käsebrötchen,23,0,0,0,0,0,0,1,0,18.5,9.6,25.2,0,0,51,6.8,19.1,1015.7,680,1.6
4004,9/22/2020,2020,9,1,22,Käsebrötchen,37,1,0,0,0,0,0,0,0,18.7,13.4,24.7,0,0,213,6.8,18.4,1010.4,655,0.2
4006,9/23/2020,2020,9,2,23,Käsebrötchen,29,0,0,0,0,0,0,0,0,18.6,12.9,23.4,1.6,0,197,11.5,40.3,1004.8,408,-0.1
4008,9/24/2020,2020,9,3,24,Käsebrötchen,29,1,0,0,0,0,0,0,0,15.3,11.5,19,3.8,0,196,17.6,54,1002,499,-3.3
4010,9/25/2020,2020,9,4,25,Käsebrötchen,45,0,0,0,0,0,0,0,0,11,8.6,14.5,2.4,0,205,15.1,51.5,997,291,-4.3
4012,9/26/2020,2020,9,5,26,Käsebrötchen,27,0,0,0,0,0,0,0,0,9.9,8.7,11.7,27.5,0,324,10.4,35.3,997.4,0,-1.1
4014,9/27/2020,2020,9,6,27,Käsebrötchen,42,0,0,0,0,0,0,0,0,11.2,8.9,13.5,0,0,95,9,36.4,1002.1,102,1.3
4016,9/28/2020,2020,9,0,28,Käsebrötchen,27,0,0,0,0,0,0,0,0,11.1,9.4,12,1.3,0,177,7.9,22.7,1010.5,0,-0.1
4018,9/29/2020,2020,9,1,29,Käsebrötchen,16,1,0,0,0,0,0,0,0,11.3,8.8,12.9,5.9,0,186,7.9,19.1,1016.2,1,0.2
4020,9/30/2020,2020,9,2,30,Käsebrötchen,32,0,0,0,0,0,0,0,0,14.8,12.1,18.2,0,0,164,10.8,34.2,1014.4,150,3.5
4022,10/1/2020,2020,10,3,1,Käsebrötchen,33,1,0,0,0,0,0,0,0,13.5,10.7,16.8,2.1,0,165,15.8,38.9,1003,11,-1.3
4024,10/2/2020,2020,10,4,2,Käsebrötchen,28,0,0,0,0,0,0,1,0,13.7,8.5,17.7,0,0,98,13.7,46.8,994.4,121,0.2
4026,10/3/2020,2020,10,5,3,Käsebrötchen,82,0,0,0,0,0,0,0,1,12.4,9.1,15.1,8.5,0,132,12.6,38.9,990.3,0,-1.3
4028,10/4/2020,2020,10,6,4,Käsebrötchen,56,0,0,0,0,0,0,0,0,11.4,9.9,13.7,1.8,0,166,22.3,53.3,993.5,99,-1
4030,10/5/2020,2020,10,0,5,Käsebrötchen,29,0,0,0,0,0,0,0,0,11.1,10.1,12.4,2.7,0,164,20.2,51.8,1000.2,15,-0.3
4032,10/6/2020,2020,10,1,6,Käsebrötchen,19,1,0,0,0,0,0,0,0,11.9,10.1,14.3,8.9,0,203,16.2,45.4,1000.7,194,0.8
4034,10/7/2020,2020,10,2,7,Käsebrötchen,35,0,0,0,0,0,0,0,0,11.5,9.1,13.4,2,0,235,15.5,39.6,1011,21,-0.4
4036,10/8/2020,2020,10,3,8,Käsebrötchen,31,1,0,0,0,0,0,0,0,12.6,8.7,16.4,3,0,204,17.6,57.6,1014.8,1,1.1
4038,10/9/2020,2020,10,4,9,Käsebrötchen,33,0,0,0,0,0,0,0,0,11.7,9.2,14.9,0.4,0,221,6.8,26.3,1018.1,102,-0.9
4040,10/10/2020,2020,10,5,10,Käsebrötchen,24,0,0,0,0,0,0,0,0,9.1,7,12,2.8,0,233,13.7,40.3,1019.6,219,-2.6
4042,10/11/2020,2020,10,6,11,Käsebrötchen,44,0,0,0,0,0,0,0,0,8.6,6,12.1,1.7,0,240,9.7,28.4,1020.2,169,-0.5
4044,10/12/2020,2020,10,0,12,Käsebrötchen,26,0,0,0,0,0,0,0,0,9.1,7.6,12.8,3.1,0,227,6.1,15.5,1019.8,86,0.5
4046,10/13/2020,2020,10,1,13,Käsebrötchen,24,1,0,0,0,0,0,0,0,8.7,6.3,12.5,0,0,157,9.7,26.3,1014.6,399,-0.4
4048,10/14/2020,2020,10,2,14,Käsebrötchen,27,0,0,0,0,0,0,0,0,8.3,5.9,10.4,0.1,0,35,15.1,36.4,1017.7,0,-0.4
4050,10/15/2020,2020,10,3,15,Käsebrötchen,30,1,0,0,0,0,0,0,0,8.3,7.2,9.3,0,0,23,15.5,33.8,1020.2,1,0
4052,10/16/2020,2020,10,4,16,Käsebrötchen,32,0,0,0,0,0,0,0,0,8.3,6.6,10.3,0,0,26,11.2,26.6,1022.6,1,0
4054,10/17/2020,2020,10,5,17,Käsebrötchen,34,0,0,0,0,0,0,0,0,8.4,6.7,10.4,0,0,356,4,12.6,1021.4,10,0.1
4056,10/18/2020,2020,10,6,18,Käsebrötchen,33,0,0,0,0,0,0,0,0,8.3,5.5,10.5,0.1,0,222,8.3,23.8,1022.6,3,-0.1
4058,10/19/2020,2020,10,0,19,Käsebrötchen,26,0,0,0,0,0,0,0,0,9.5,7.4,12.7,0,0,187,9.4,40.7,1021.2,83,1.2
4060,10/20/2020,2020,10,1,20,Käsebrötchen,17,1,0,0,0,0,0,0,0,11.4,8.8,13,5.4,0,163,20.9,49.3,1010.8,24,1.9
4062,10/21/2020,2020,10,2,21,Käsebrötchen,29,0,0,0,0,0,0,0,0,15.4,11.4,20.4,2.1,0,179,22,63.4,1005.2,91,4
4064,10/22/2020,2020,10,3,22,Käsebrötchen,28,1,0,0,0,0,0,0,0,16,13.7,18.5,0.1,0,217,14,39.6,1011.7,42,0.6
4066,10/23/2020,2020,10,4,23,Käsebrötchen,29,0,0,0,0,0,0,0,0,13.5,12.4,15.3,5,0,193,7.2,30.2,1011.8,25,-2.5
4068,10/24/2020,2020,10,5,24,Käsebrötchen,29,0,0,0,0,0,0,0,0,13.1,11.7,14.7,0,0,202,16.2,50,1011.7,8,-0.4
4070,10/25/2020,2020,10,6,25,Käsebrötchen,42,0,0,0,0,0,0,1,0,12.5,10.3,14.7,4.4,0,182,15.8,50,1003.8,0,-0.6
4072,10/26/2020,2020,10,0,26,Käsebrötchen,31,0,0,0,0,0,0,0,0,10.2,9.1,11.7,0.4,0,200,13,46.1,1002.7,61,-2.3
4074,10/27/2020,2020,10,1,27,Käsebrötchen,30,1,0,0,0,0,0,0,0,10.1,8.7,12.3,1,0,193,16.9,54.4,1005.2,28,-0.1
4076,10/28/2020,2020,10,2,28,Käsebrötchen,31,0,0,0,0,0,0,0,0,11.6,9.1,13.5,2.9,0,210,18.4,58.7,1007.3,191,1.5
4078,10/29/2020,2020,10,3,29,Käsebrötchen,30,1,0,0,0,0,0,0,0,10,8.3,11.9,9.3,0,225,16.6,38.9,1015,187,-1.6
4080,10/30/2020,2020,10,4,30,Käsebrötchen,34,0,0,0,0,0,0,0,0,13.3,11.9,14.8,1.9,0,229,18,42.8,1019.8,0,3.3
4082,10/31/2020,2020,10,5,31,Käsebrötchen,36,0,0,0,0,0,0,0,0,13.3,11.8,15.6,1.4,0,185,14.4,40,1019.2,280,0
4084,11/1/2020,2020,11,6,1,Käsebrötchen,60,0,0,0,0,0,0,0,1,14.3,11.1,17.2,2.6,0,202,13.3,41.4,1012,8,1
4086,11/2/2020,2020,11,0,2,Käsebrötchen,30,0,0,0,0,0,0,0,0,16.6,10.5,19.7,2.4,0,217,21.6,58,1010.3,2,2.3
4088,11/3/2020,2020,11,1,3,Käsebrötchen,29,1,0,0,0,0,0,0,0,9.5,6.1,12.4,0,0,222,15.8,44.6,1022.5,338,-7.1
4090,11/4/2020,2020,11,2,4,Käsebrötchen,24,0,0,0,0,0,0,0,0,6.7,3.2,10.4,0,0,226,7.9,27.7,1032.7,509,-2.8
4092,11/5/2020,2020,11,3,5,Käsebrötchen,29,1,0,0,0,0,0,0,0,6,2.8,9.9,0,0,218,5.4,18,1039.1,522,-0.7
4094,11/6/2020,2020,11,4,6,Käsebrötchen,30,0,0,0,0,0,0,0,0,8.1,4.1,13.1,0,0,99,8.6,24.1,1033.2,497,2.1
4096,11/7/2020,2020,11,5,7,Käsebrötchen,37,0,0,0,0,0,0,1,0,11.8,6.7,17.2,0,0,156,11.2,22.7,1024.4,467,3.7
4098,11/8/2020,2020,11,6,8,Käsebrötchen,53,0,0,0,0,0,0,0,0,12.6,8.6,16,0,0,169,8.3,18.7,1022.9,297,0.8
4100,11/9/2020,2020,11,0,9,Käsebrötchen,27,0,0,0,0,0,0,0,0,14,11,17.7,0.1,0,134,5.8,15.8,1023.7,210,1.4
4102,11/10/2020,2020,11,1,10,Käsebrötchen,36,1,0,0,0,0,0,0,0,12.4,10,16,0.2,0,192,7.2,18,1025.6,490,-1.6
4104,11/11/2020,2020,11,2,11,Käsebrötchen,36,0,0,0,0,0,0,0,0,10.5,8.5,13.2,0,0,176,9.7,41.4,1024.6,141,-1.9
4106,11/12/2020,2020,11,3,12,Käsebrötchen,26,1,0,0,0,0,0,0,0,10,7.2,13.3,1,0,194,18,47.2,1018.5,83,-0.5
4108,11/13/2020,2020,11,4,13,Käsebrötchen,35,0,0,0,0,0,0,0,0,10,6.2,13.1,1.2,0,179,10.8,35.3,1017.8,222,0
4110,11/14/2020,2020,11,5,14,Käsebrötchen,38,0,0,0,0,0,0,0,0,13.3,12.1,15.6,0,0,186,14,40,1016,252,3.3
4111,11/15/2020,2020,11,6,15,Käsebrötchen,48,0,0,0,0,0,0,0,0,13,9,15.9,9.7,0,174,23.4,67.7,1007.1,180,-0.3
4113,11/16/2020,2020,11,0,16,Käsebrötchen,29,0,0,0,0,0,0,0,0,10,8.8,11.2,1,0,224,18,43.9,1014.2,42,-3
4115,11/17/2020,2020,11,1,17,Käsebrötchen,34,1,0,0,0,0,0,0,0,10.6,9.3,11.6,0.3,0,220,18,40,1024.5,0,0.6
4117,11/18/2020,2020,11,2,18,Käsebrötchen,21,0,0,0,0,0,0,0,0,12.1,10.1,14.4,0.5,0,184,14.4,42.5,1022.2,420,1.5
4119,11/19/2020,2020,11,3,19,Käsebrötchen,34,1,0,0,0,0,0,0,0,8.2,3.1,13.2,3.5,0,255,15.1,61.9,1022.5,0,-3.9
4121,11/20/2020,2020,11,4,20,Käsebrötchen,38,0,0,0,0,0,0,0,0,4.1,2.2,7.4,0,0,232,7.9,24.5,1034.7,132,-4.1
4122,11/21/2020,2020,11,5,21,Käsebrötchen,34,0,0,0,0,0,0,0,0,5.8,2.3,9.1,0,0,200,15.1,51.5,1030.6,0,1.7
4124,11/22/2020,2020,11,6,22,Käsebrötchen,61,0,0,0,0,0,0,0,0,8.2,7.4,8.6,1.8,0,232,14,40.7,1026.3,0,2.4
4126,11/23/2020,2020,11,0,23,Käsebrötchen,36,0,0,0,0,0,0,0,0,6.4,4,9.4,0,0,213,6.5,19.8,1028.7,425,-1.8
4128,11/24/2020,2020,11,1,24,Käsebrötchen,33,1,0,0,0,0,0,0,0,6.1,4.2,8.6,0,0,169,14.4,38.9,1023.9,265,-0.3
4130,11/25/2020,2020,11,2,25,Käsebrötchen,29,0,0,0,0,0,0,0,0,6.4,4.2,8.5,0,0,168,16.9,36.7,1018.3,398,0.3
4132,11/26/2020,2020,11,3,26,Käsebrötchen,22,1,0,0,0,0,0,0,0,7.3,3.5,9.6,0,0,178,7.9,22.7,1021.2,87,0.9
4134,11/27/2020,2020,11,4,27,Käsebrötchen,21,0,0,0,0,0,0,0,0,4.5,2.1,9.4,0,0,140,4.3,12.6,1020.5,442,-2.8
4136,11/28/2020,2020,11,5,28,Käsebrötchen,33,0,0,0,0,0,0,0,0,3.1,0.3,6.4,0,0,74,9.7,36,1021.8,467,-1.4
4138,11/29/2020,2020,11,6,29,Käsebrötchen,50,0,0,0,0,0,0,0,0,0.7,-2.8,3.6,0,0,117,5,19.8,1026.9,228,-2.4
4140,11/30/2020,2020,11,0,30,Käsebrötchen,30,0,0,0,0,0,0,1,0,-0.4,-3.4,4.1,13.5,0,187,10.8,36,1023.7,3,-1.1
4142,12/1/2020,2020,12,1,1,Käsebrötchen,33,1,0,0,0,0,0,0,0,5.7,3.8,7.6,10.1,0,250,9.7,31.7,1015.5,0,6.1
4144,12/2/2020,2020,12,2,2,Käsebrötchen,24,0,0,0,0,0,0,0,0,4.1,2.7,5.6,1.1,0,127,7.2,22.3,1017.1,0,-1.6
4146,12/3/2020,2020,12,3,3,Käsebrötchen,31,1,0,0,0,0,0,0,0,3.4,2.7,4.4,2.9,0,168,21.6,57.6,999.7,0,-0.7
4148,12/4/2020,2020,12,4,4,Käsebrötchen,39,0,0,0,0,0,0,0,0,5.5,2.7,7.7,0,0,161,23.8,69.5,986.8,116,2.1
4150,12/5/2020,2020,12,5,5,Käsebrötchen,40,0,0,0,0,0,0,0,0,4,1.9,6.7,0,0,157,9.7,30.2,998,361,-1.5
4152,12/6/2020,2020,12,6,6,Käsebrötchen,57,0,0,0,0,0,0,0,0,2.4,1.2,3.8,5,0,26,7.6,18,1000.5,0,-1.6
4154,12/7/2020,2020,12,0,7,Käsebrötchen,29,0,0,0,0,0,0,0,0,3,1.3,4.1,4.1,0,207,11.5,29.9,999.4,0,0.6
4156,12/8/2020,2020,12,1,8,Käsebrötchen,19,1,0,0,0,0,0,0,0,2.7,0.4,4.8,0.1,0,113,7.6,19.4,1004.7,30,-0.3
4158,12/9/2020,2020,12,2,9,Käsebrötchen,29,0,0,0,0,0,0,0,0,1.6,-0.4,2.8,0,0,207,7.9,21.6,1010.2,86,-1.1
4160,12/10/2020,2020,12,3,10,Käsebrötchen,28,1,0,0,0,0,0,0,0,-0.1,-1.7,2.1,0,0,149,9.7,34.2,1007.6,231,-1.7
4162,12/11/2020,2020,12,4,11,Käsebrötchen,30,0,0,0,0,0,0,1,0,2.6,-0.1,4.7,0.3,0,158,24.1,49,995.9,23,2.7
4164,12/12/2020,2020,12,5,12,Käsebrötchen,24,0,0,0,0,0,0,0,0,6,4.4,7.6,0.7,0,177,11.2,32,998,0,3.4
4166,12/13/2020,2020,12,6,13,Käsebrötchen,56,0,0,0,0,0,0,0,0,6.6,4.8,8.4,0.3,0,208,12.2,43.9,1009.8,38,0.6
4168,12/14/2020,2020,12,0,14,Käsebrötchen,29,0,0,0,0,0,0,0,0,7.8,5.8,9.6,6.6,0,164,21.2,49.7,1008.4,53,1.2
4170,12/15/2020,2020,12,1,15,Käsebrötchen,16,1,0,0,0,0,0,0,0,8.1,6.9,9.2,4.6,0,182,11.9,48.2,1011.1,0,0.3
4172,12/16/2020,2020,12,2,16,Käsebrötchen,23,0,0,0,0,0,0,0,0,8.4,4.3,11,0,0,158,14,37.4,1016.3,309,0.3
4174,12/17/2020,2020,12,3,17,Käsebrötchen,30,1,0,0,0,0,0,0,0,9.1,6.3,10.3,2.4,0,199,15.5,37.1,1019,85,0.7
4176,12/18/2020,2020,12,4,18,Käsebrötchen,31,0,0,0,0,0,0,1,0,7.6,6.1,10.2,0,0,174,15.8,39.6,1021.3,433,-1.5
4178,12/19/2020,2020,12,5,19,Käsebrötchen,28,0,0,0,0,0,0,0,0,9.9,7.1,12.5,0,0,170,19.1,46.8,1015.2,302,2.3
4180,12/20/2020,2020,12,6,20,Käsebrötchen,50,0,0,0,0,0,0,0,0,9.2,6.5,10.6,1.5,0,189,10.8,42.8,1018.4,55,-0.7
4182,12/21/2020,2020,12,0,21,Käsebrötchen,47,0,0,0,0,0,0,0,0,7.2,5.2,10.2,5.9,0,177,18.7,52.2,1016.4,0,-2
4184,12/22/2020,2020,12,1,22,Käsebrötchen,21,1,0,0,0,0,0,0,0,11.9,9.7,13.5,5.3,0,232,16.6,62.3,1012.4,6,4.7
4186,12/23/2020,2020,12,2,23,Käsebrötchen,29,0,0,0,0,0,0,0,0,10.9,9.1,11.9,8.8,0,204,11.9,46.1,1010.2,4,-1
4188,12/24/2020,2020,12,3,24,Käsebrötchen,35,1,0,0,0,0,0,0,0,5.4,3.4,9.2,1.8,0,289,14,44.3,1011.1,0,-5.5
4333,12/25/2020,2020,12,4,25,Käsebrötchen,0,0,0,0,0,0,0,0,1,2.5,0.2,4.5,0,0,321,9.4,30.2,1023.4,208,-2.9
4189,12/26/2020,2020,12,5,26,Käsebrötchen,65,0,0,0,0,0,0,0,1,2.7,1.1,4.2,0.2,0,216,15.8,56.9,1020.7,21,0.2
4190,12/27/2020,2020,12,6,27,Käsebrötchen,47,0,0,0,0,0,0,0,0,3.5,2.8,4.8,12.8,0,174,29.2,78.1,988.4,0,0.8
4191,12/28/2020,2020,12,0,28,Käsebrötchen,35,0,0,0,0,0,0,0,0,3.5,2.2,5.3,0.4,0,166,11.9,36.4,978.7,209,0
4193,12/29/2020,2020,12,1,29,Käsebrötchen,28,1,0,0,0,0,0,0,0,2.2,0.5,3.6,0.2,0,203,11.5,39.6,988.5,12,-1.3
4195,12/30/2020,2020,12,2,30,Käsebrötchen,30,0,0,0,0,0,0,0,0,2.9,1.4,3.9,2.8,0,217,12.2,32.8,1001.6,0,0.7
4197,12/31/2020,2020,12,3,31,Käsebrötchen,21,1,0,0,0,0,0,0,0,2,1,3.3,1.6,0,176,9.4,38.5,1003.7,0,-0.9
4198,1/1/2021,2021,1,4,1,Käsebrötchen,27,0,0,0,0,0,0,0,1,2,0.9,3,0.1,0,241,6.8,20.2,1009.2,101,0
4199,1/2/2021,2021,1,5,2,Käsebrötchen,26,0,0,0,0,0,0,1,0,2.2,1.4,3.1,0,0,214,7.6,22,1014.4,0,0.2
4201,1/3/2021,2021,1,6,3,Käsebrötchen,50,0,0,0,0,0,0,0,0,2.1,1,2.9,1.1,0,31,16.2,41.4,1015.2,0,-0.1
4203,1/4/2021,2021,1,0,4,Käsebrötchen,28,0,0,0,0,0,0,0,0,1.1,0.2,1.9,0,0,55,14.4,33.5,1016.4,0,-1
4205,1/5/2021,2021,1,1,5,Käsebrötchen,36,1,0,0,0,0,0,0,0,1.4,0.8,2.6,0.6,0,53,15.5,35.3,1016.7,0,0.3
4207,1/6/2021,2021,1,2,6,Käsebrötchen,21,0,0,0,0,0,0,0,0,1.7,0.4,2.7,0.1,0,6,11.2,32.4,1016,0,0.3
4209,1/7/2021,2021,1,3,7,Käsebrötchen,29,1,0,0,0,0,0,0,0,0.8,0.1,1.8,7.1,0,244,10.1,33.1,1013,0,-0.9
4211,1/8/2021,2021,1,4,8,Käsebrötchen,36,0,0,0,0,0,0,0,0,0.6,-0.4,1.9,0.8,0,300,5.8,18.4,1015.9,0,-0.2
4213,1/9/2021,2021,1,5,9,Käsebrötchen,27,0,0,0,0,0,0,0,0,0.4,-0.2,1.1,0.9,0,260,5.8,13.3,1023.9,0,-0.2
4215,1/10/2021,2021,1,6,10,Käsebrötchen,45,0,0,0,0,0,0,0,0,0.6,-0.8,2.1,0,0,208,7.6,20.9,1025,13,0.2
4217,1/11/2021,2021,1,0,11,Käsebrötchen,32,0,0,0,0,0,0,0,0,1.4,-0.3,4.2,8.1,0,215,18,45.4,1019.1,0,0.8
4219,1/12/2021,2021,1,1,12,Käsebrötchen,39,1,0,0,0,0,0,0,0,4.2,0.2,6.6,8.1,0,261,15.8,47.5,1009.6,78,2.8
4221,1/13/2021,2021,1,2,13,Käsebrötchen,30,0,0,0,0,0,0,0,0,1.9,0,3.6,0,0,247,13.3,39.2,1016.1,48,-2.3
4223,1/14/2021,2021,1,3,14,Käsebrötchen,31,1,0,0,0,0,0,0,0,0.7,-0.5,2.3,0,0,44,10.8,28.4,1019.9,12,-1.2
4225,1/15/2021,2021,1,4,15,Käsebrötchen,30,0,0,0,0,0,0,0,0,0.1,-0.8,1.1,0,0,15,10.8,27.7,1027.6,2,-0.6
4227,1/16/2021,2021,1,5,16,Käsebrötchen,11,0,0,0,0,0,0,1,0,-0.6,-1.9,0.5,1.3,0,186,9.4,33.5,1025,0,-0.7
4229,1/17/2021,2021,1,6,17,Käsebrötchen,42,0,0,0,0,0,0,0,0,0.6,-1.7,3.8,1.8,20,206,8.3,23.4,1019.3,0,1.2
4231,1/18/2021,2021,1,0,18,Käsebrötchen,22,0,0,0,0,0,0,0,0,3.9,2.9,5.4,1.8,0,237,14.8,38.9,1022.2,9,3.3
4233,1/19/2021,2021,1,1,19,Käsebrötchen,20,1,0,0,0,0,0,0,0,5.2,3,7.5,12.9,0,216,22.7,52.2,1009.9,0,1.3
4235,1/20/2021,2021,1,2,20,Käsebrötchen,30,0,0,0,0,0,0,0,0,7.5,4.9,10.6,1.6,0,182,22,58.7,1000.1,97,2.3
4237,1/21/2021,2021,1,3,21,Käsebrötchen,34,1,0,0,0,0,0,0,0,7.8,5,11.5,7.5,0,197,26.6,73.4,991.3,138,0.3
4239,1/22/2021,2021,1,4,22,Käsebrötchen,29,0,0,0,0,0,0,0,0,4.6,0.8,9.8,0,0,223,13.3,59,993.1,165,-3.2
4241,1/23/2021,2021,1,5,23,Käsebrötchen,15,0,0,0,0,0,0,0,0,3.3,0.5,6.2,20.3,0,179,8.6,26.3,995.8,70,-1.3
4243,1/24/2021,2021,1,6,24,Käsebrötchen,49,0,0,0,0,0,0,0,0,0.4,-1.1,2.7,3.3,130,248,9,29.2,998.1,4,-2.9
4245,1/25/2021,2021,1,0,25,Käsebrötchen,35,0,0,0,0,0,0,0,0,0.8,-0.6,2.9,2.4,90,138,9,35.6,1005.1,326,0.4
4247,1/26/2021,2021,1,1,26,Käsebrötchen,21,1,0,0,0,0,0,0,0,2.4,1.1,4.1,1,40,247,13.3,42.1,1015.9,15,1.6
4249,1/27/2021,2021,1,2,27,Käsebrötchen,30,0,0,0,0,0,0,0,0,2.2,0.1,4.7,1.9,0,209,13.3,35.3,1013.1,0,-0.2
4251,1/28/2021,2021,1,3,28,Käsebrötchen,27,1,0,0,0,0,0,0,0,4,3.4,4.7,23.7,0,122,8.6,20.5,1004.1,0,1.8
4253,1/29/2021,2021,1,4,29,Käsebrötchen,27,0,0,0,0,0,0,0,0,7.5,4.4,9.6,9.4,0,224,15.8,55.4,996.2,4,3.5
4255,1/30/2021,2021,1,5,30,Käsebrötchen,4,0,0,0,0,0,0,0,0,0.6,-1.2,5.1,0,0,52,16.9,45,1002.4,0,-6.9
4256,1/31/2021,2021,1,6,31,Käsebrötchen,44,0,0,0,0,0,0,1,0,-0.4,-3.5,2.7,0.1,0,90,11.2,25.9,1002.1,470,-1
4258,2/1/2021,2021,2,0,1,Käsebrötchen,30,0,0,0,0,0,0,0,0,2.2,0.5,4.5,0.5,0,108,6.8,24.5,995.5,0,2.6
4260,2/2/2021,2021,2,1,2,Käsebrötchen,24,1,0,0,0,0,0,0,0,5.7,2,9.6,11.7,0,203,12.6,36.4,1000.8,0,3.5
4262,2/3/2021,2021,2,2,3,Käsebrötchen,32,0,0,0,0,0,0,0,0,8.5,6.7,11,16.6,0,213,12.6,44.3,998.1,0,2.8
4264,2/4/2021,2021,2,3,4,Käsebrötchen,27,1,0,0,0,0,0,0,0,6.8,5.5,9.5,0,0,218,12.2,38.5,1012.7,197,-1.7
4266,2/5/2021,2021,2,4,5,Käsebrötchen,27,0,0,0,0,0,0,0,0,7.5,6.1,10.4,0.1,0,147,7.6,22.7,1012.3,75,0.7
4268,2/6/2021,2021,2,5,6,Käsebrötchen,18,0,0,0,0,0,0,0,0,3.5,-1,7.5,13.6,0,73,16.6,59,1009,0,-4
4270,2/7/2021,2021,2,6,7,Käsebrötchen,40,0,0,0,0,0,0,0,0,-3.8,-5.6,-1,5.1,10,69,16.6,44.6,999.9,0,-7.3
4272,2/8/2021,2021,2,0,8,Käsebrötchen,27,0,0,0,0,0,0,0,0,-7.2,-9.6,-5.6,2.6,50,61,15.1,36,1001.7,9,-3.4
4274,2/9/2021,2021,2,1,9,Käsebrötchen,24,1,0,0,0,0,0,0,0,-8.4,-10.8,-5.1,0,60,59,9.7,26.3,1008.1,350,-1.2
4276,2/10/2021,2021,2,2,10,Käsebrötchen,26,0,0,0,0,0,0,0,0,-7.3,-11.8,-3.5,0,60,44,9.4,23.8,1014.8,19,1.1
4278,2/11/2021,2021,2,3,11,Käsebrötchen,26,1,0,0,0,0,0,0,0,-5.1,-9.2,-1.4,0,60,52,7.6,19.8,1029.9,445,2.2
4280,2/12/2021,2021,2,4,12,Käsebrötchen,27,0,0,0,0,0,0,0,0,-7.1,-10.5,-3.9,0,60,75,12.2,32.4,1035.2,561,-2
4282,2/13/2021,2021,2,5,13,Käsebrötchen,1,0,0,0,0,0,0,0,0,-5.9,-11.3,-0.3,0,70,87,11.9,26.3,1040.3,572,1.2
4284,2/14/2021,2021,2,6,14,Käsebrötchen,41,0,0,0,0,0,0,1,0,-0.7,-6.7,3.5,0,70,142,21.6,61.9,1037.2,503,5.2
4286,2/15/2021,2021,2,0,15,Käsebrötchen,20,0,0,0,0,0,0,0,0,2,0.6,4.5,2.5,50,173,22.7,64.8,1026,0,2.7
4288,2/16/2021,2021,2,1,16,Käsebrötchen,30,1,0,0,0,0,0,0,0,6.8,3.8,10.3,1.1,0,182,14.4,39.6,1016.5,84,4.8
4290,2/17/2021,2021,2,2,17,Käsebrötchen,31,0,0,0,0,0,0,0,0,8.6,6.8,10.8,0,0,222,15.8,38.2,1016.9,23,1.8
4292,2/18/2021,2021,2,3,18,Käsebrötchen,13,1,0,0,0,0,0,0,0,8.3,5.8,12,3.7,0,171,20.5,54.7,1012.1,67,-0.3
4294,2/19/2021,2021,2,4,19,Käsebrötchen,24,0,0,0,0,0,0,0,0,7.1,3.2,10.4,0,0,193,14.4,40.7,1016.8,483,-1.2
4296,2/20/2021,2021,2,5,20,Käsebrötchen,3,0,0,0,0,0,0,0,0,11.8,8.8,15.5,0,0,164,21.2,49.7,1014.4,422,4.7
4298,2/21/2021,2021,2,6,21,Käsebrötchen,46,0,0,0,0,0,0,0,0,13.3,9.7,17,0,0,167,16.9,37.1,1014.9,594,1.5
4299,2/22/2021,2021,2,0,22,Käsebrötchen,23,0,0,0,0,0,0,0,0,13.2,10.1,16.4,0,0,174,12.2,32.4,1020.1,127,-0.1
4301,2/23/2021,2021,2,1,23,Käsebrötchen,25,1,0,0,0,0,0,0,0,14.4,12.3,17.2,0,0,189,12.6,47.2,1029.9,182,1.2
4303,2/24/2021,2021,2,2,24,Käsebrötchen,26,0,0,0,0,0,0,0,0,14.8,11.3,19,0,0,188,13,38.9,1029.8,552,0.4
4305,2/25/2021,2021,2,3,25,Käsebrötchen,28,1,0,0,0,0,0,0,0,13.8,9.7,17.6,5.6,0,221,9,33.5,1027.2,370,-1
4307,2/26/2021,2021,2,4,26,Käsebrötchen,28,0,0,0,0,0,0,0,0,7.2,2.8,10.3,0,0,342,11.2,32,1034.1,254,-6.6
4308,2/27/2021,2021,2,5,27,Käsebrötchen,23,0,0,0,0,0,0,1,0,4.9,2.6,8.1,0,0,21,7.6,23.8,1040.4,279,-2.3
4310,2/28/2021,2021,2,6,28,Käsebrötchen,42,0,0,0,0,0,0,0,0,6.6,3.2,11.1,0,0,65,10.4,31.7,1037.4,599,1.7
4312,3/1/2021,2021,3,0,1,Käsebrötchen,31,0,0,0,0,0,0,0,0,3.8,1.4,6.4,0,0,72,12.6,30.2,1034.2,340,-2.8
4314,3/2/2021,2021,3,1,2,Käsebrötchen,33,1,0,0,0,0,0,0,0,9.8,2.4,15.7,0,0,124,10.1,24.5,1031.2,628,6
4316,3/3/2021,2021,3,2,3,Käsebrötchen,24,0,0,0,0,0,0,0,0,11.2,7.4,15.1,0.2,0,220,8.3,22.3,1027.7,412,1.4
4318,3/4/2021,2021,3,3,4,Käsebrötchen,21,1,0,0,0,0,0,0,0,4,2.2,8.5,25.1,0,333,7.9,29.9,1021.6,0,-7.2
