"";"Open.thyssenkruppStock";"High.thyssenkruppStock";"Low.thyssenkruppStock";"Close.thyssenkruppStock";"Volume.thyssenkruppStock";"Open.SalzgitterStock";"High.SalzgitterStock";"Low.SalzgitterStock";"Close.SalzgitterStock";"Volume.SalzgitterStock";"Open.DAXIndex";"High.DAXIndex";"Low.DAXIndex";"Close.DAXIndex";"Volume.DAXIndex"
"1";26,5;27,395;26,5;27,395;2293800;68,14;70,89;68,14;70,78;372700;5975,52002;6048,299805;5974,430176;6048,299805;24260800
"2";27,46;27,935;27,1;27,765;3753100;70,67;71,46;70,21;71,04;412800;6043,939941;6058,02002;6015,669922;6031,859863;27329600
"3";27,65;27,74;27,21;27,63;2571500;71,25;71,44;70,58;71,19;340400;6032,390137;6047,569824;5997,089844;6034,330078;24605300
"4";27,47;27,73;27,25;27,55;2174300;70,84;73,22;70,1;73,01;470500;6016,799805;6037,569824;5961,25;6019,359863;30059600
"5";27,58;28,085;27,435;28,07;3147700;73,28;73,28;71,35;72,71;621300;6028,620117;6053,040039;5972,240234;6037,609863;31735200
"6";28,055;28,24;27,33;27,4;4115800;73,25;74,32;72,8;72,86;683600;6057,930176;6094,259766;6031,140137;6040,5;27162500
"7";27,39;27,435;26,61;26,74;7484800;72,8;72,8;70,39;70,96;507600;6039,390137;6055,560059;5924,720215;5943;35242500
"8";26,5;27,33;26,5;27,13;3684600;69,67;70,77;68,62;69,96;816100;5937,169922;5974,439941;5925,240234;5963,140137;30161300
"9";27,41;27,535;26,735;27,225;3513900;70,65;71,04;69,31;70,13;555000;5999,080078;6009,910156;5951,689941;5988,879883;33479000
"10";27,19;27,495;26,505;26,655;3341600;70,02;70,5;67,49;68,02;1033200;5996,560059;6025,359863;5866,839844;5875,970215;46886700
"11";26,97;26,97;26,46;26,735;1430900;68;68,41;67,49;67,98;445600;5897,629883;5922,930176;5877,649902;5918,549805;20918000
"12";27;27,14;26,43;27,04;3264900;69,39;70,77;68,71;70,54;950400;5905,330078;5988,799805;5849,669922;5976,47998;29504500
"13";26,9;26,98;26,03;26,22;3111100;70,56;71;68,87;69,21;931000;5963,709961;5972,77002;5832,089844;5851,529785;32339400
"14";26,3;26,44;25,07;25,185;6101000;69,89;70,25;67,33;67,33;1001800;5878,240234;5908,850098;5742,450195;5746,970215;39063300
"15";24,9;25,105;24,01;24,55;5454400;67,25;67,77;66,03;67,27;927700;5735,680176;5740,870117;5639,490234;5695,319824;47739600
"16";24,24;24,62;24,01;24,095;3406600;66,7;67,54;66,05;66,27;525400;5662,850098;5693,859863;5624,580078;5631,370117;33562000
"17";23,7;24,07;23,5;23,85;4608000;65,69;66,22;64,82;65,77;641600;5593,939941;5675,959961;5574,459961;5668,930176;42243000
"18";23,58;23,77;23,155;23,38;3864200;64,86;65,27;63,88;64,38;942600;5643,52002;5673,72998;5589,009766;5643,200195;38209400
"19";23,62;23,795;22,755;22,755;4584100;65,29;65,75;63;63;966600;5687,100098;5718,810059;5540,330078;5540,330078;44525700
"20";22,925;23,26;22,78;22,99;3864500;63,43;64,87;63,14;64,21;622300;5566,029785;5657,870117;5556,189941;5608,790039;41892900
"21";22,93;23,54;22,775;23,365;3104200;64,01;65,68;63,6;65,5;540500;5587,5;5674,209961;5567,720215;5654,47998;30622000
"22";23,525;24,09;23,375;23,785;2974000;65,79;66,62;64,92;66,34;596900;5664,25;5723,200195;5624,609863;5709,660156;31530300
"23";23,91;24,08;23,35;23,55;2873600;67,39;67,87;66,53;67,12;750300;5715,160156;5733,709961;5656,899902;5672,089844;35285100
"24";23,59;23,59;22,29;22,35;4913200;67,2;67,32;64,51;64,87;684200;5671,169922;5696,939941;5522,569824;5533,240234;43787300
"25";22,24;22,48;21,765;22,035;5397500;64,39;64,9;63,29;63,79;1019800;5515,689941;5527;5433,02002;5434,339844;56173500
"26";22,315;22,62;21,825;22,28;3475200;64,18;65,36;63,69;64,86;691200;5476,470215;5505,060059;5434,399902;5484,850098;34475500
"27";22,355;23,13;22,16;22,8;5309500;64,95;66,5;64,44;65,7;557700;5485,310059;5537,970215;5461,509766;5498,259766;34406000
"28";22,65;23;22,25;22,415;5955100;65,73;65,99;63,82;64;786700;5533,709961;5592,27002;5505,370117;5536,370117;33831200
"29";22,72;22,905;22,095;22,345;3817400;64,57;65,3;63,53;64,21;548400;5562,830078;5580,77002;5454,069824;5503,930176;32636900
"30";23,3;23,38;22,525;22,96;8330500;65,25;65,66;63,13;63,92;611900;5550,450195;5565,430176;5460,049805;5500,390137;30096300
"31";23,22;23,38;22,9;23,02;1735400;64,29;64,67;63,42;63,72;222500;5525,740234;5547,140137;5502,490234;5511,100098;14732800
"32";23,34;23,64;23,085;23,61;3682300;64,2;64,65;63,08;64,29;705700;5573,069824;5592,120117;5498,069824;5592,120117;27671800
"33";23,86;23,955;23,6;23,635;3783800;64,7;65,53;64,45;64,99;623800;5640,169922;5682,359863;5634,97998;5648,339844;32105200
"34";23,64;23,97;23,44;23,86;3053600;64,99;66,04;64,33;65,94;699000;5645,629883;5691,600098;5626,080078;5680,410156;34666100
"35";23,68;24,19;23,45;24,09;3566000;65,42;66,38;64,88;66,2;495300;5627,259766;5729,580078;5626,569824;5722,049805;37978900
"36";24,29;24,35;23,925;23,96;2071200;66,59;67,72;66,39;66,8;911400;5741;5743,890137;5683,609863;5688,439941;23709800
"37";24,095;24,18;23,045;23,18;3468500;66,83;67,23;64,48;64,93;605700;5715,629883;5732,140137;5584,470215;5604,069824;33399600
"38";23,26;23,3;22,685;23,04;3577100;65,15;65,19;63,54;64,87;465600;5622,310059;5639,709961;5572,25;5615,509766;30482300
"39";22,8;23,135;22,51;22,785;3121100;64,36;65,35;63,14;64,08;505200;5562,700195;5655,75;5518,27002;5532,330078;38160100
"40";23,08;23,34;22,935;23,25;2831700;64,71;65,01;63,88;64,81;469100;5588,990234;5605,100098;5530,189941;5598,459961;32942100
"41";23,44;23,655;23,17;23,535;2543200;65,45;66,18;64,92;66,01;398400;5652,850098;5717,720215;5641,180176;5713,509766;28803000
"42";23,535;24,21;23,535;24,14;2824000;66,1;67,63;66,02;67,18;476000;5728,279785;5780,140137;5709,740234;5776,560059;28856200
"43";24,15;24,8;24,1;24,65;3316000;67,24;68,85;66,63;68,6;582400;5759,220215;5828,799805;5750,299805;5817,879883;29965900
"44";24,6;25,05;24,485;24,675;2921400;68,31;68,95;67,63;67,96;519800;5773,859863;5823,109863;5767,649902;5795,319824;27443200
"45";24,8;25,235;24,74;25,04;2321400;66,8;68,29;66,5;68,03;771600;5816,189941;5880,25;5808,359863;5877,359863;31100200
"46";25,295;25,3;24,81;24,94;2029300;67,25;67,47;66,72;67,1;619700;5891,740234;5894,189941;5865,439941;5875,910156;25009000
"47";24,88;25,07;24,605;24,945;2472000;66,95;67,67;65,81;67,25;607700;5872,569824;5900,160156;5838,169922;5885,890137;24946200
"48";24,86;25,5;24,745;25,39;2454300;67,17;68,45;66,69;68,25;706300;5882,759766;5951,930176;5874,75;5936,720215;27233400
"49";25,325;25,445;25,045;25,175;1784600;67,92;68,88;67,9;68,33;528100;5913,169922;5954,549805;5906,839844;5928,629883;26188100
"50";25,25;25,585;25,105;25,345;2064800;68,45;68,93;67,81;68,27;402100;5944,569824;5989,879883;5934,149902;5945,109863;32115200
"51";25,25;25,38;24,975;24,995;2068400;67,87;68,06;66,68;66,84;391800;5933,629883;5953,189941;5898,220215;5903,560059;22773300
"52";25,05;25,395;25,05;25,19;2043500;67,08;67,78;66,79;67,08;347600;5935,189941;5991,109863;5930,339844;5970,990234;26636800
"53";25,4;25,79;25,22;25,72;2845800;67,45;68,15;67,32;67,84;462500;5999,310059;6035,950195;5991,209961;6024,279785;33973300
"54";25,46;25,87;25,45;25,52;2875700;67,52;68,38;67,42;67,56;411300;6005,290039;6039,390137;5995,680176;6012,310059;29637800
"55";25,61;25,665;25,005;25,095;4408100;67,83;67,99;66,82;67,14;966100;6031,72998;6041,950195;5956,649902;5982,430176;90135600
"56";25;25;24,275;24,79;3783500;67,12;67,12;65,89;66,7;485500;5960,850098;5987,5;5910,850098;5987,5;28205900
"57";24,845;25,115;24,64;24,8;2230000;66,92;67,91;66,68;66,91;335800;5987,089844;6030,939941;5981,350098;6017,27002;29921800
"58";25;25,25;24,71;25,015;2432100;67,19;67,88;66,45;67,29;352500;6038;6044,640137;5964,759766;6039;33523800
"59";24,97;25,77;24,97;25,725;3140600;67,12;68,75;67,05;68,75;422000;6043,839844;6139,5;6038,049805;6132,950195;36091500
"60";25,59;25,86;25,505;25,67;1960500;68,27;69,74;68,1;68,94;737900;6125,870117;6135,950195;6105,669922;6120,049805;34200900
"61";25,81;26,22;25,81;26,04;2947800;69,14;69,75;68,85;69,25;326500;6150,169922;6172,850098;6128,209961;6156,850098;25749600
"62";26,08;26,395;25,12;25,19;5169700;69,85;70,16;67,99;68,3;586100;6187,640137;6203,5;6135,509766;6142,450195;31262900
"63";25,08;25,525;25,08;25,455;2366100;68,15;68,98;67,98;68,73;353600;6139,399902;6162,180176;6108,22998;6153,549805;34364600
"64";25,585;25,995;25,55;25,87;2202100;69;69,85;68,81;69,08;485300;6189,379883;6238,569824;6186,589844;6235,560059;29546500
"65";25,95;26,375;25,95;26,32;3170800;69,1;70,98;69,1;70,93;619500;6250,009766;6265,319824;6214,180176;6252,209961;29445700
"66";26,865;26,98;26,62;26,705;4006800;71;71,25;70,05;70,6;483000;6248,370117;6256,399902;6208,52002;6222,410156;28689600
"67";26,51;26,54;25,985;26,3;3044700;70,25;70,28;69,13;69,55;499000;6199,939941;6207,140137;6138,02002;6171,830078;30684300
"68";26,52;26,795;26,495;26,56;2152200;70,05;70,75;69,15;69,38;444100;6226,259766;6254,490234;6216,600098;6249,700195;30543800
"69";26,78;26,88;26,315;26,375;1897500;70,01;70,07;68,41;68,8;379300;6283,810059;6285,029785;6223,779785;6250,689941;24311600
"70";26,235;26,43;26,105;26,255;1769200;68,44;68,85;67,91;68,53;360900;6236,279785;6251,459961;6199,709961;6230,830078;28970000
"71";26,395;26,8;26,365;26,58;2198200;68,72;69,52;68,5;68,82;431400;6269,47998;6305,149902;6249,919922;6278,399902;33812600
"72";26,67;26,765;26,355;26,55;1806500;69,03;69,38;68,28;68,97;344800;6286,629883;6310,759766;6249,740234;6291,450195;31402600
"73";26,33;26,69;25,92;25,99;4121500;68,5;68,7;66,84;67,01;678800;6264,649902;6305,399902;6162,839844;6180,899902;80519400
"74";25,76;26,08;25,52;25,625;2103200;65,75;66,86;64,95;66,38;473500;6158,600098;6190,859863;6140,379883;6162,439941;38311800
"75";25,865;26,17;25,39;25,82;3858300;66,42;68,13;66,21;67,78;656900;6193,5;6267,540039;6172,569824;6264,22998;42345100
"76";25,81;25,88;25,4;25,425;2353100;67,84;67,99;66,66;66,75;654400;6280,540039;6281,379883;6229,180176;6230,379883;46312400
"77";25,43;25,65;24,705;24,895;3787000;66,85;67,5;65,12;65,3;758700;6229,22998;6286,359863;6141,069824;6168,720215;61398300
"78";24,91;25,35;24,695;24,94;3048700;64,73;64,99;63,71;63,94;1266300;6192,620117;6287,540039;6170,390137;6259,529785;42665300
"79";25,24;25,64;25,11;25,325;2589700;64,61;65,15;63,63;64,42;593900;6317,129883;6341,52002;6299,580078;6332,100098;35338000
"80";25,3;25,345;24,795;24,795;3351400;64,47;64,47;62,87;62,88;653700;6332,399902;6333;6159,509766;6159,509766;56206000
"81";24,51;24,875;24,435;24,515;5080500;62,37;63,05;61,19;61,39;1004700;6141,009766;6159,02002;6024,009766;6084,339844;77665900
"82";24,61;25,01;24,245;24,795;3378200;61,78;63,12;60,61;62,65;631600;6110,560059;6159,410156;6073,370117;6144,910156;64846600
"83";24,755;25,26;24,26;24,62;3271100;62,79;63,4;60,85;61,33;624000;6155,569824;6205,720215;6085,620117;6135,700195;68821500
"84";24,59;25,04;24,33;24,76;2098700;61,28;62;60,61;61,55;388300;6122,759766;6190,069824;6089,930176;6166,919922;30275500
"85";24,75;24,94;23,515;23,655;5175000;61,6;61,95;58,86;58,86;1038700;6176,240234;6197;5995,430176;6006,859863;62448200
"86";23,61;23,925;22,975;23,275;4566900;58,49;59;57,05;57,7;1319900;6021,060059;6031,089844;5929,350098;5958,450195;73549600
"87";23,15;23,75;22,925;23,055;4140700;57,39;58,76;56,6;56,71;866800;5919,939941;6009,47998;5884,390137;5908,259766;79638100
"88";22,5;23,38;22,235;22,59;7317300;55,5;57,68;54,78;55,48;1267700;5790,669922;5905,350098;5655,180176;5715,089844;89479600
"89";23,84;24,15;23,45;23,8;6729200;57,21;58,74;57,09;57,98;1147700;5814,410156;6017,910156;5805,97998;6017,910156;81524900
"90";23,39;23,81;23,215;23,79;3888900;57,01;57,59;56,15;56,9;828600;5922,029785;6042,109863;5918,140137;6037,709961;46839700
"91";23,9;24,32;23,44;24,08;4714100;55,85;56,97;55;56,82;999200;6026,060059;6217,240234;6006,310059;6183,490234;53109300
"92";24,3;24,3;23,4;23,7;3523400;57,19;57,33;55,94;56,35;479800;6240,669922;6276,799805;6196,890137;6251,970215;34774900
"93";23,6;23,635;22,475;22,66;5792500;56,32;56,4;53,4;53,73;982700;6226,490234;6233,709961;6014,779785;6056,709961;50055800
"94";22,6;22,775;22,085;22,24;5401600;53,22;54,89;52,86;53,42;709400;6029,910156;6151,540039;6026,319824;6066,919922;40514200
"95";22,5;22,9;22,45;22,725;3513900;54;54,85;53,57;53,84;585900;6144,080078;6181,259766;6113,870117;6155,930176;34243400
"96";22,56;22,585;21,66;22,04;5892400;53,32;53,49;51,5;51,78;1079900;6091,850098;6124,810059;5972,169922;5988,669922;51424000
"97";22,205;22,21;20,69;21,155;6923000;52,3;52,31;50,2;51,24;1268900;6023,109863;6043,839844;5780,72998;5867,879883;57232900
"98";21,02;21,535;20,76;21,435;7287800;50,63;51,81;50,07;51,53;1135900;5835,220215;5872,649902;5689,180176;5829,25;122848200
"99";21,67;21,67;20,875;21,265;3237200;51,94;52,01;50,4;51,46;751900;5858,450195;5872,069824;5733,569824;5805,680176;24457800
"100";20,555;20,6;20;20,365;6006700;49,96;50;47,96;49,1;1746700;5659,589844;5690,25;5607,680176;5670,040039;48243900
"101";20,835;21,64;20,59;21,185;6639100;50,09;52,07;50,06;51,43;1031900;5735,459961;5828,370117;5721,02002;5758,02002;46121000
"102";21,35;22,2;21,35;21,995;5495600;52,05;53,5;51,57;53,24;1038200;5802,640137;5952,209961;5802,359863;5937,140137;56115700
"103";22,2;22,55;21,96;22,025;3582800;53,69;53,69;52,1;52,24;582900;5962,839844;5980,779785;5927,310059;5946,180176;30768600
"104";21,91;22,275;21,9;21,945;1606000;52,13;53,1;52,13;52,54;230400;5933,580078;5993,939941;5931,200195;5964,330078;12898800
"105";21,895;22,035;21,225;21,87;3487200;52,5;52,64;50,58;52,03;654500;5943,939941;6012,040039;5833,609863;5981,27002;32624200
"106";21,635;21,875;21,375;21,75;2252900;51,6;51,74;50,66;51,55;631500;5923,47998;5992,209961;5869,350098;5981,200195;27324700
"107";22,11;22,35;21,845;21,86;2332900;52,4;52,87;51,11;51,25;527900;6075,680176;6101,830078;6046,379883;6054,629883;27857500
"108";21,92;22,015;21,145;21,395;3526800;51,44;51,66;49,73;49,855;775600;6081,470215;6114,580078;5912,899902;5938,879883;36808500
"109";21,1;21,135;20,5;20,68;5529700;49,25;49,785;48,64;49,28;571200;5876,47998;5954,470215;5851,930176;5904,950195;32367400
"110";20,8;20,94;20,225;20,465;3321300;49,475;49,825;48,06;48,64;504400;5916,859863;5922,950195;5798,759766;5868,549805;47791900
"111";20,775;20,96;20,255;20,94;3299900;48,305;49,02;47,5;48,955;870800;5895,939941;5993,930176;5832,970215;5984,75;33300400
"112";20,9;21,565;20,64;21,29;4152000;48,7;49,67;48,12;49,01;744500;5959,109863;6089,430176;5925,060059;6056,589844;36840800
"113";21,44;21,44;20,76;21,055;5024300;49,25;49,88;48,55;49,185;628600;6082,899902;6084,700195;5983,27002;6047,830078;35919300
"114";21,245;21,725;21,245;21,555;3976400;50,15;51,34;50,15;51,34;594100;6113,459961;6137,25;6093,379883;6125;28207400
"115";21,58;21,745;21,485;21,655;4612900;51,12;52,06;50,9;51,98;562600;6089,319824;6194,25;6089,319824;6175,049805;29784300
"116";21,9;22,1;21,71;21,87;4099300;52,4;52,57;51,19;51,78;411700;6203,009766;6207,299805;6143,180176;6190,910156;32408100
"117";21,775;22,23;21,64;22;4147300;51,62;52,16;51,06;51,51;577800;6181,77002;6241,359863;6164,990234;6223,540039;31423100
"118";22,05;22,16;21,84;21,995;6276200;51,9;53,26;51,65;53;2177300;6223,879883;6256,549805;6189,709961;6216,97998;106356600
"119";22,4;22,8;22,4;22,6;5372100;53,94;54,1;53,01;53,31;612200;6320,410156;6330,810059;6263,410156;6292,970215;26997700
"120";22,4;22,52;22,165;22,395;2924200;53,2;53,23;51,78;52,39;468300;6254,859863;6295,580078;6216,390137;6269,040039;25040800
"121";22,08;22,435;21,89;22;3323500;52,29;53,19;51,37;52,2;559000;6219,200195;6271,850098;6178,839844;6204,52002;26377700
"122";22,195;22,24;21,615;21,655;2824400;52,81;52,81;51,1;51,45;418700;6232,379883;6235,47998;6097,009766;6115,47998;30445200
"123";21,66;21,805;21,125;21,3;3285000;51,4;51,58;50,03;50,4;358500;6116,22998;6149,870117;6039,560059;6070,600098;28816200
"124";21,475;21,625;21,21;21,48;2084300;50,97;51,35;50,24;51,35;266100;6097,370117;6168,990234;6059,830078;6157,220215;22344600
"125";21,2;21,21;20,59;20,63;3968500;50,73;50,73;49,23;49,45;425300;6061,680176;6068,819824;5935,350098;5952,029785;33993600
"126";20,795;20,83;20,245;20,35;3440400;49,6;49,88;48,525;48,99;450100;5972,259766;6001,029785;5938,200195;5965,52002;29491100
"127";20,06;20,38;19,675;19,815;4208200;48,8;48,8;46,975;47,32;656800;5885,609863;5953,839844;5827,25;5857,430176;37447100
"128";20,5;20,59;20,15;20,19;3581400;47,55;48,215;46,795;47,215;669100;5885,220215;5941,220215;5833,120117;5834,149902;27871200
"129";20,345;20,365;20,14;20,22;2715000;47,36;47,57;46,545;46,545;289600;5853,75;5861,049805;5809,370117;5816,200195;15694000
"130";20,42;21,37;20,31;21,16;4138100;46,67;49,23;46,67;48,71;414500;5847,470215;5995,640137;5842,069824;5940,97998;28958800
"131";20,95;21,25;20,505;20,945;3798500;48,365;49,045;47,585;48,67;490400;5896,180176;5997,819824;5848,660156;5992,859863;31101600
"132";21,245;21,45;20,98;21,385;3617600;48,96;49,37;48,4;48,725;316800;6025,859863;6057,52002;6006,680176;6035,660156;30229900
"133";21,55;21,75;21,435;21,59;2481000;49,415;49,72;49,125;49,465;287800;6070,470215;6078,560059;6039,310059;6065,240234;21628200
"134";21,725;21,89;21,48;21,51;2230100;49,9;49,95;49,065;49,135;201700;6079,950195;6119,700195;6061,839844;6077,189941;18200900
"135";21,8;22,37;21,76;22,255;3660800;48,945;50,5;48,9;49,95;328700;6078,339844;6200,819824;6076,140137;6191,129883;31375300
"136";22,4;22,44;21,955;22,18;1997100;50,08;50,28;49,1;49,725;258200;6215,22998;6226,540039;6161,129883;6209,759766;26012000
"137";22,09;22,26;21,625;21,795;2836200;49,325;49,98;48,74;48,99;304900;6187,779785;6248,069824;6127,359863;6149,359863;29997400
"138";21,9;22,225;21,44;21,525;3192200;49,16;49,605;48,025;48,325;354500;6165,509766;6205,439941;6018,640137;6040,27002;45476800
"139";21,6;22,05;21,5;21,685;2551900;48;48,81;47,915;48,16;226100;6034,870117;6083,120117;5993,549805;6009,109863;22770200
"140";21,905;22;21,425;21,97;3005100;48,5;48,82;47,63;48,785;296200;6039,160156;6052,509766;5906,040039;5967,490234;25462800
"141";22,21;22,81;22,21;22,66;4159500;49,17;50,02;49,17;49,51;323400;6011,720215;6060,490234;5976,919922;5990,379883;22813700
"142";22,6;23,26;22,515;23,18;3794200;49,535;51,58;49,19;51,43;518600;5971,089844;6148,129883;5961,859863;6142,149902;30219900
"143";23,125;23,47;23,1;23,375;2879000;51,6;52,09;51,24;51,84;307900;6125,259766;6190,240234;6112,5;6166,339844;25071000
"144";23,545;23,64;23,22;23,615;2223800;52,34;52,44;51,4;52,09;182600;6201,02002;6201,140137;6131,910156;6194,209961;19436700
"145";23,7;23,795;23,285;23,405;3820300;52,5;52,6;51,73;52;228000;6211,100098;6253,640137;6189,959961;6207,310059;40151400
"146";23,295;23,57;23,08;23,345;2386500;51,66;52,28;51,29;51,45;230700;6238,709961;6249,160156;6147,569824;6178,939941;28763900
"147";23,3;23,5;23,035;23,035;2245600;51,16;52,15;50,84;51,43;209400;6202,779785;6243,419922;6124,450195;6134,700195;32422600
"148";23,005;23,14;22,36;22,77;3273700;52,18;52,23;50,78;51,28;343900;6123,410156;6184,540039;6059,189941;6147,970215;30874800
"149";23,05;23,78;23,025;23,7;2956500;51,4;53,58;51,4;53,58;360800;6187,640137;6304,259766;6182,680176;6292,129883;30825200
"150";23,7;24,01;23,58;24,01;3139200;53,72;54,82;53,71;54,24;460200;6279,950195;6310,319824;6265,609863;6307,910156;28444300
"151";23,93;24,195;23,755;23,965;2027900;54,49;56,06;54,21;55,75;476100;6287,649902;6361,669922;6264,279785;6331,330078;29295200
"152";24;24,3;23,9;24,09;2068800;56;56,61;55,52;55,64;357500;6332,819824;6382,560059;6321,379883;6333,580078;33586300
"153";24,15;24,385;23,545;23,745;2971300;55,37;56,41;55,09;55,31;310200;6361,089844;6386,970215;6244,689941;6259,629883;36121700
"154";24,05;24,28;23,845;24,07;1779500;55,79;56,22;55,04;55,07;244200;6326,620117;6356,410156;6318,120117;6351,600098;21595500
"155";24,125;24,16;23,58;23,795;2146300;55,19;55,24;54,43;55,04;301200;6315,870117;6333,25;6247,620117;6286,25;24146100
"156";23,7;23,74;22,725;22,805;4016900;54,62;54,74;52,49;52,49;350800;6234,600098;6236,569824;6143,580078;6154,069824;30207000
"157";22,84;23,055;22,285;22,8;3312800;51,8;51,8;50,34;51,1;491200;6141,899902;6173,419922;6097,720215;6135,169922;30582400
"158";23,55;23,7;22,85;23,145;4865800;51,76;51,88;50,32;50,78;335200;6163,109863;6168,709961;6068,819824;6110,410156;27177100
"159";23,315;23,425;22,705;22,995;2193700;51;51,13;50,04;50,65;316500;6132,779785;6156,569824;6062,290039;6110,569824;20988900
"160";23,165;23,69;23,085;23,57;2587100;51,1;52,04;50,7;51,93;367900;6125,319824;6215,350098;6123,790039;6206,399902;26084800
"161";23,56;23,595;23,23;23,34;2345200;51,78;51,78;51,11;51,35;258800;6183,120117;6216,549805;6155,509766;6186,310059;22856200
"162";23,565;23,675;22,805;22,95;3297300;51,88;51,88;49,78;50,1;369900;6216,330078;6229,459961;6070,830078;6075,129883;30652900
"163";23,005;23,11;22,52;22,535;3356900;49,87;50,31;49;49,11;311200;6079,910156;6097,350098;5999,629883;6005,160156;33860400
"164";22,58;22,755;22,395;22,47;2257600;49,515;49,7;49,01;49,17;215600;6017,189941;6055,22998;5995,370117;6010,910156;19657100
"165";22,25;22,335;21,62;21,925;3272600;49;49;47,015;47,68;446800;5962,870117;5975,830078;5869,299805;5935,439941;26305300
"166";21,82;21,95;21,3;21,61;2745200;47,61;47,61;46,085;46,72;399700;5925,47998;5954,959961;5837,899902;5899,5;29686600
"167";22,02;22,055;21,73;21,805;2119600;47,5;47,5;46,8;47,02;281400;5937,27002;5948,910156;5896,52002;5912,580078;23078700
"168";21,79;21,85;21,31;21,765;2732900;47,4;47,845;46,72;47,775;350400;5899,990234;5957,319824;5845,490234;5951,169922;26027900
"169";21,97;22,045;21,495;21,61;1315500;48,2;48,25;47,345;47,66;221500;5973,47998;5978,189941;5889,839844;5912,410156;13770700
"170";21,22;21,65;21,165;21,595;2376000;47,04;47,885;46,7;47,885;284300;5846,029785;5925,810059;5833,509766;5925,220215;28331400
"171";21,7;22,285;21,425;22,21;3686700;48,1;49,55;47,76;49,335;404100;5936,939941;6087,939941;5876,430176;6083,899902;34019300
"172";22,13;22,53;22,1;22,465;2041400;49,35;50,24;49,15;49,94;310300;6071,560059;6104,089844;6052,549805;6083,850098;27498300
"173";22,585;22,885;22,465;22,56;2510400;50,33;50,9;50;50,18;273400;6091,660156;6178,009766;6088,259766;6134,620117;28219900
"174";22,73;22,885;22,685;22,775;1466900;50,35;50,93;50,35;50,86;152600;6156,290039;6164,930176;6140,97998;6155,040039;17930500
"175";22,83;22,885;22,54;22,7;2550700;50,96;51;50,31;50,76;243300;6136,919922;6138,930176;6083,200195;6117,890137;20940300
"176";22,68;23,22;22,355;23,155;4511400;50,3;51,55;50,11;51,23;352000;6099,330078;6180,379883;6062,649902;6164,439941;27335100
"177";23,15;23,48;22,91;23,3;2304100;51,05;51,86;50,8;51,44;174100;6141,839844;6233,069824;6133,990234;6221,52002;28191500
"178";23,4;23,565;23,145;23,175;1820500;51,55;51,98;51,03;51,29;160500;6186,220215;6224,649902;6182,560059;6214,77002;29874500
"179";23,55;23,585;23,29;23,435;2091900;51,69;52,09;51,46;51,87;183000;6258,509766;6290,870117;6231,52002;6261,680176;28716900
"180";23,49;23,72;23,19;23,49;3262300;52,1;52,21;50,92;51,5;203700;6261,779785;6287,779785;6231,379883;6275,410156;31979400
"181";23,655;23,655;23,08;23,26;2367800;51,78;51,82;51;51,54;210600;6282,52002;6288,200195;6227,200195;6261,870117;27933900
"182";23,31;23,31;22,92;23,015;1880800;51,3;51,45;50,44;50,44;272400;6255,140137;6281,100098;6233,970215;6249,649902;29403500
"183";23,39;23,595;23,07;23,47;6797500;51,3;51,4;50,53;50,88;492600;6297,930176;6321,200195;6185,740234;6209,759766;83782200
"184";23,65;23,65;23,22;23,435;2280600;50,83;51,23;50,08;50,33;260300;6231,279785;6301,629883;6219,850098;6294,580078;28489200
"185";23,495;23,96;23,39;23,815;2991100;50;51,04;49,43;50,59;309900;6281,069824;6339,970215;6275,97998;6275,97998;36518100
"186";23,94;24;23,6;23,745;2877100;50,7;51,01;49,775;49,795;255500;6286,330078;6297,399902;6192,430176;6208,330078;38750300
"187";24,045;24,045;23,005;23,22;3153300;49,95;49,95;47,28;48,06;542200;6252,310059;6263,740234;6129,439941;6184,709961;32363100
"188";23,1;23,555;22,905;23,505;2342900;47,77;48,46;47,2;48,44;422700;6173,890137;6310,279785;6146,419922;6298,299805;36674600
"189";23,575;23,75;23,45;23,575;2222100;48,515;48,705;47,525;47,58;239800;6307,870117;6324,089844;6272,169922;6278,890137;28926800
"190";23,535;24;23,27;23,89;2578800;47,64;48,2;47;47,9;280600;6258,200195;6311,919922;6197,959961;6276,089844;34090000
"191";24;24,09;23,435;23,585;2596600;47,95;48,2;46,83;46,89;319700;6296,279785;6326,339844;6223,140137;6246,919922;34768700
"192";23,66;24,4;23,55;23,92;4081000;46,92;48,6;46,75;47,515;550700;6214,02002;6339,359863;6204,689941;6229,02002;38524700
"193";24;24,99;24;24,53;3939200;47,75;48,25;46,89;47,175;466300;6244,060059;6293,089844;6187,220215;6211,339844;40205100
"194";24,565;24,64;24,055;24,125;2074300;47,44;47,46;45,765;45,95;409000;6205;6210,25;6128,540039;6134,209961;28583000
"195";24,165;24,555;23,825;24,49;2525300;46,25;47,875;45,825;47,725;756900;6132,120117;6233,450195;6115,870117;6215,830078;33121300
"196";24,93;25,18;24,765;24,925;3453500;48,42;49,455;48,31;48,73;534900;6248,810059;6289,560059;6242,52002;6270,72998;35882100
"197";25;25,62;24,82;25,38;3895900;49,03;49,88;48,325;49,46;441400;6278,609863;6321,790039;6233,140137;6276,25;30503800
"198";25,5;25,65;25,295;25,57;3081700;49,79;49,85;49,18;49,59;332300;6269,47998;6295,089844;6239,430176;6291,669922;30996700
"199";25,67;25,855;25,465;25,665;1740300;51,25;51,54;50,93;51,23;549600;6308,430176;6325,310059;6289,359863;6309,509766;20361900
"200";25,3;25,455;25,05;25,39;2976000;50,89;51,34;50,23;51,27;367200;6257,029785;6316,77002;6228,390137;6304,569824;29308300
"201";25,59;26,415;25,59;26,245;2973900;51,89;53,9;51,69;53,54;775700;6339,759766;6456,27002;6335,220215;6434,52002;39405000
"202";26,365;26,58;26,2;26,225;2161600;53,6;53,9;52,94;53,01;248700;6446,319824;6485,709961;6445,319824;6455,27002;31846200
"203";26,36;26,9;26,3;26,685;4340400;53;54;52,93;53,89;413100;6478;6512,779785;6438,779785;6492,299805;48250000
"204";26,485;26,675;26,31;26,415;2382900;54,27;54,45;53,42;53,99;278500;6465,830078;6533,830078;6462,589844;6516,629883;25772600
"205";26,3;26,55;25,935;26,125;3038100;54,38;54,52;52,33;52,87;441800;6508,359863;6544,790039;6472,180176;6490,689941;29970200
"206";25,925;26,48;25,92;26,42;2205600;52,7;54,75;52,49;54,75;368100;6470,299805;6527,850098;6461,47998;6524,549805;26325000
"207";26,3;26,77;26,19;26,605;2019000;54,47;54,76;54,12;54,22;258200;6514,990234;6621,839844;6504,660156;6611,009766;30509500
"208";26,515;26,69;26,455;26,52;1502300;54,11;54,4;53,77;54;189000;6594,899902;6623,939941;6586,399902;6605,839844;24196400
"209";26,79;27,21;26,7;27,12;2478900;54,34;55,42;54,31;55,25;278200;6645,450195;6668,540039;6625,830078;6639,209961;23578000
"210";26,5;26,71;26,155;26,4;4350000;54;54,2;52,41;52,81;617900;6634,240234;6645,700195;6580,279785;6613,799805;31144200
"211";26,28;26,48;26,12;26,23;2656400;52,8;53,72;52,55;52,67;319200;6591,240234;6629,129883;6553,25;6568;37387200
"212";26,3;26,78;26,11;26,445;1983700;52,4;52,72;51,56;51,77;469800;6600,279785;6644,609863;6576,02002;6595,279785;34311700
"213";26,4;26,565;26,275;26,44;1625800;52;52;50,87;51,59;337300;6585,970215;6630,97998;6569,25;6601,370117;33007700
"214";26,675;26,74;26,245;26,345;1226000;52,09;52,21;51,19;51,5;223300;6637,089844;6670,899902;6586,009766;6604,859863;25403100
"215";26,35;26,805;26,35;26,72;2034500;51,5;51,76;50,25;51,59;482600;6600,410156;6668,930176;6597,459961;6654,310059;24046400
"216";26,85;26,885;26,425;26,55;1533800;52;52,58;51,46;52,2;465100;6666,069824;6682,910156;6604,75;6617,799805;27328100
"217";26,855;27,355;26,56;27,01;3865700;53,25;53,98;53,02;53,95;515900;6677,779785;6757,290039;6676,419922;6734,689941;39901300
"218";27,18;27,58;26,975;27,31;2385200;53,95;55,33;53,79;55,01;548300;6743,560059;6775,169922;6712,470215;6754,200195;35627200
"219";27,5;27,99;27,375;27,85;2391400;55,21;55,34;54,52;55,03;199800;6746,439941;6759,410156;6728,350098;6750,5;25373400
"220";27,85;28,585;27,81;28,375;2623600;55,2;56,27;54,8;55,94;400700;6742,049805;6810,859863;6736,629883;6787,810059;32465800
"221";28,21;28,27;27,7;27,85;2127000;56,01;56,01;54,67;54,99;297600;6759,589844;6783,689941;6684,220215;6719,839844;41237200
"222";28,01;28,19;27,75;28,09;2204700;55;55,4;53,82;54,77;297800;6747,799805;6750,390137;6700,470215;6723,410156;34122100
"223";27,7;28,08;27,3;27,785;3664300;54,2;54,2;52,53;52,95;561100;6650,919922;6758,589844;6617,970215;6734,609863;37468500
"224";27,65;28,06;27,515;28,015;1738800;52,3;53,46;52,18;53,29;276900;6705,129883;6812,959961;6679,689941;6790,169922;34458600
"225";27,755;27,78;27,145;27,22;3115200;52,5;52,65;50,77;50,8;595600;6751,129883;6772,009766;6663,149902;6663,240234;33355900
"226";27,1;27,585;26,815;27,375;2349500;50,76;51,18;50,38;51,03;312500;6658,990234;6705,189941;6653,569824;6700,069824;24864000
"227";27,665;28,065;27,6;28,065;2138000;51,64;51,99;51,35;51,48;353300;6765,700195;6835,540039;6754,399902;6832,109863;29329200
"228";27,97;28,39;27,86;28,39;3066500;51,4;51,86;51,02;51,84;326200;6841,370117;6854,089844;6794,430176;6843,549805;42738800
"229";28,46;28,935;28,38;28,49;2430700;52,15;52,35;50,77;50,92;289500;6892,02002;6901,930176;6805,970215;6822,049805;29098500
"230";28,325;28,61;28,01;28,22;2419200;50,84;50,84;49,965;50,07;323200;6791,75;6827,830078;6705;6705;35161100
"231";28,285;29;28,07;28,975;3061900;50,6;50,6;49,305;50,11;392700;6740,609863;6833,700195;6701,97998;6823,799805;37293500
"232";29;30,2;28,92;30,15;4061400;50,2;51,78;50,2;51,67;312500;6834,680176;6885,810059;6823,189941;6879,660156;26295500
"233";29,9;30,805;29,795;30,7;4382000;51,49;51,49;50,51;50,85;296000;6842,390137;6871,709961;6778,600098;6848,97998;31534500
"234";30,88;31,2;29,455;29,56;4358600;50,89;51,61;49,71;49,985;344600;6867,77002;6907,609863;6697,970215;6697,970215;38812100
"235";29,76;29,925;28,91;29,42;4143600;50,3;50,36;49,05;49,565;332800;6732,589844;6763,52002;6655,939941;6688,490234;40637400
"236";29,705;30,375;29,615;30,375;2966200;50,3;51,31;50,07;50,93;341200;6748,359863;6868,810059;6736,689941;6866,629883;39402600
"237";30,435;30,5;29,83;30,24;3533400;51,41;51,59;50,51;51,45;304600;6895,77002;6958,689941;6840,649902;6957,609863;42149200
"238";30,2;30,58;30,07;30,07;3272100;51,61;52,84;51,24;52,63;404000;6947,310059;6977,910156;6914,5;6947,720215;33961600
"239";30,28;31,04;30,27;31,04;3540000;53;53,87;52,88;53,65;382600;6970,240234;6971,950195;6926,569824;6954,379883;26083600
"240";31;31,835;31;31,57;3009400;54,05;54,31;53,8;53,96;496900;6987,879883;7042,669922;6962,100098;7001,910156;33585700
"241";31,39;31,615;30,935;30,945;2026800;53,6;54,26;53,1;53,35;271700;6976,189941;7013,529785;6956,669922;6975,870117;31056900
"242";31,21;31,355;30,34;30,445;3060800;54;54,07;53,07;53,41;227700;7017,990234;7021,310059;6947,899902;6964,160156;45373100
"243";30,3;30,415;29,86;30,205;2989300;53,5;54,3;53,21;54,2;228800;6987,689941;7018,109863;6973,319824;7006,169922;29143200
"244";30,28;31,64;30,26;31,635;2912300;54,5;55,92;54,4;55,71;417100;7027,580078;7044,870117;7017,600098;7029,390137;23170800
"245";31,12;31,29;30,92;31,16;2312300;55,42;56,43;55,06;56;517400;7024,790039;7032,649902;7011,140137;7027,399902;23583600
"246";31,09;31,5;30,87;31,435;1809600;56;58,17;55,79;58,17;777400;7007,490234;7029,740234;6964,129883;7016,370117;31593300
"247";31,54;31,635;31,05;31,44;1582400;58,34;58,37;56,67;57,07;441200;7012,990234;7033,029785;6991,689941;7024,399902;25254100
"248";31,58;31,655;31,32;31,425;2460600;57,4;58,04;57,2;57,56;443400;7042,830078;7043,149902;6980,180176;6982,450195;76014900
"249";31,39;31,735;31,325;31,53;1171300;57,55;58,17;57,53;57,85;230400;7000,379883;7068,560059;6992,669922;7018,600098;25113400
"250";31,745;32,315;31,735;31,995;2274900;58,02;58,75;57,52;57,99;351700;7045,25;7087,839844;7042,97998;7077,990234;22804500
"251";31,975;32,135;31,77;31,895;884200;58;58,34;56,76;57,4;240300;7079,220215;7084,100098;7067,709961;7067,919922;18508800
"252";31,795;31,89;31,63;31,675;762400;57,4;57,48;57,2;57,33;141700;7083,080078;7083,080078;7042,580078;7057,689941;14089000
"253";31,71;31,78;31,125;31,58;838700;57,3;57,36;56,38;56,81;131400;7055,319824;7056,339844;6943,049805;6970,72998;15536800
"254";31,42;31,6;31,315;31,5;996100;56,71;57,34;56,71;57,09;64600;6984,850098;6990,810059;6957,649902;6972,100098;11623400
"255";31,525;31,63;31,375;31,5;877700;57,5;57,83;57,18;57,77;132100;6989,540039;7008,310059;6981,790039;6995,470215;12671600
"256";31,4;31,495;30,9;30,985;744600;57,8;57,8;56,9;57,77;112500;6996,560059;7008,120117;6897,220215;6914,189941;14052700
"257";31,1;31,515;30,995;31,32;1442800;57,89;58,82;57,85;58,59;215000;6973,390137;7026,620117;6969,830078;6989,740234;20366700
"258";31,5;31,85;31,245;31,55;1841500;58,81;59,35;58,42;58,72;240600;6979,680176;7025,859863;6952,02002;6975,350098;28821900
"259";31,49;31,56;30,215;30,6;3028000;58,8;58,89;56,28;57,06;342200;6966,080078;6967,240234;6842,899902;6939,819824;42598700
"260";30,75;31,14;30,44;30,61;1799400;57,27;57,83;56,69;56,92;161700;6949,47998;7047,589844;6949,069824;6981,390137;30272800
"261";30,695;30,75;30,21;30,37;1815600;57;57,01;56,03;56,31;257500;6991,549805;7010,890137;6939,879883;6947,839844;29836200
"262";30,31;30,52;30,13;30,405;1796300;56,38;56,38;54,26;54,85;473300;6920,359863;6941,390137;6835,740234;6857,060059;28413200
"263";30,44;31,085;30,3;30,96;2578800;55,05;55,37;54,45;55,2;275600;6879,390137;6951,189941;6860,52002;6941,569824;36660200
"264";31,025;31,985;30,95;31,985;3169000;55,61;56,8;55,44;56,61;431200;6958,839844;7070,399902;6958,5;7068,779785;38486700
"265";32;32,085;31,635;31,715;2460700;56,75;56,75;55,7;55,8;299400;7075,540039;7084,069824;7036,089844;7075,109863;44048700
"266";31,72;31,945;30,44;30,7;8114600;55,82;56,04;55,01;55,47;241100;7055,419922;7083,02002;7015,350098;7075,700195;42432900
"267";30,56;30,64;30,24;30,285;2888700;55,44;55,54;54,42;54,96;168600;7072,75;7087,430176;7055,830078;7078,060059;24861600
"268";30,18;30,62;30,1;30,35;2945300;55;56,35;54,96;56,03;363400;7100,47998;7156,25;7099,120117;7143,450195;37225200
"269";30,585;30,92;30,27;30,335;2476000;56,19;56,77;55,61;55,78;404900;7163,370117;7165;7077,22998;7082,759766;36740100
"270";30,3;30,455;29,735;29,865;5628000;55,74;56,48;54,8;56,47;444400;7074,890137;7084,240234;7008,620117;7024,27002;48538600
"271";30,05;30,33;29,66;29,95;6385800;56,5;59,48;56,4;58,49;860600;7047,700195;7122,890137;7023,689941;7062,419922;64352000
"272";29,5;29,72;28,815;29,39;3456700;59,05;59,06;56,5;57,84;364500;7080,779785;7089,620117;7000,410156;7067,77002;49538600
"273";29,46;29,56;29,125;29,4;2895500;58,28;58,28;57,15;57,46;241700;7096,839844;7102,080078;7043,640137;7059,009766;51252800
"274";29,765;30,15;29,55;29,985;2980500;58,01;58,95;57,7;58,51;395600;7092,890137;7160,859863;7087,25;7127,350098;38158300
"275";30,1;30,315;29,725;29,75;2407400;58,5;61,11;58,5;60,38;607800;7120,640137;7180,149902;7114,350098;7155,580078;38526300
"276";29,69;29,895;29,43;29,475;2147200;60;61,01;59,68;60;341400;7155,470215;7177,22998;7102,799805;7102,799805;34172300
"277";29,43;29,925;29,29;29,56;1814500;59,44;59,95;58,48;59,1;450100;7094,560059;7107,370117;7033,089844;7077,47998;31186300
"278";29,7;30,065;29,59;30;2485200;59,33;59,57;58,1;58,87;334000;7133,339844;7190,75;7105,310059;7184,27002;38952900
"279";30,025;30,15;29,775;30,03;2436000;59,51;60,22;58,94;59,5;304300;7202,620117;7222,129883;7160,359863;7183,669922;40675400
"280";30;30,195;29,96;30,12;2075900;60,55;61,5;60,16;60,65;592600;7175,75;7198,97998;7144,080078;7193,680176;34878500
"281";30,465;30,785;30,25;30,685;2464000;60,8;63,46;60,8;62,05;568400;7216,660156;7226,640137;7186,240234;7216,209961;31836400
"282";30,75;30,925;30,505;30,69;1709100;62,01;63,58;61,85;63,2;383600;7222,049805;7287,660156;7214,049805;7283,620117;31565200
"283";30,99;31,05;30,55;30,665;2100300;63,75;65,64;63,66;64,72;841400;7274,169922;7325,029785;7272,799805;7323,240234;35605000
"284";30,875;31,35;30,735;31,05;2757700;64,67;65,24;63,88;64,19;432800;7319,120117;7350,779785;7310,439941;7320,899902;28514000
"285";30,95;31,16;30,715;31,13;2032500;64;64;62,16;62,48;565000;7322,620117;7340,870117;7269,529785;7340,279785;36583200
"286";30,5;30,825;30;30,29;4097400;62,16;62,82;61,29;62,54;476300;7320,069824;7390,47998;7283,870117;7371,200195;34588400
"287";30,5;30,6;30,245;30,595;1811100;63,5;63,95;62,3;62,89;226200;7403,830078;7424,359863;7378,410156;7396,629883;26660000
"288";30,6;30,66;30,29;30,365;1908300;62,75;62,75;61,8;62,09;232400;7397,680176;7420,689941;7376,240234;7400,040039;36099500
"289";30,515;30,65;30,26;30,26;1772600;62,01;62,46;61,35;62,2;269100;7414,22998;7438,419922;7399,819824;7414,299805;45810600
"290";30,3;30,41;29,86;30,145;2384400;62,25;62,71;60,2;60,79;431800;7429;7434,930176;7364,040039;7405,509766;37389200
"291";30,245;30,27;29,8;30,27;3892500;60,59;61,15;60,14;61,15;436800;7422,109863;7427,299805;7379,939941;7426,810059;49458200
"292";30,3;30,53;30,145;30,28;1777200;61,32;61,61;60,6;60,9;348000;7412,060059;7441,819824;7310,689941;7321,810059;32484400
"293";30;30,22;29,675;29,98;2577700;60,51;60,51;59,34;60,1;292900;7293,109863;7350,950195;7259,669922;7318,350098;39212800
"294";29,98;30,065;29,31;29,465;2465200;60;60,48;59,29;59,42;371800;7295,120117;7310,72998;7183,299805;7194,600098;36741300
"295";29,21;29,815;29,13;29,475;2392300;59,25;59,8;58,16;59,01;404300;7134,700195;7156,049805;7093,910156;7130,5;47085000
"296";29,5;29,7;29,425;29,54;1191600;58,94;60,24;58,94;59,9;206800;7139,879883;7194,02002;7130,149902;7185,169922;34238300
"297";29,42;30,34;29,25;30,13;2115000;60;60,55;59,46;60,16;189700;7173,589844;7305,490234;7148,939941;7272,319824;35941200
"298";30,36;30,73;29,865;29,865;2612200;60,74;61,32;60,09;60,3;315000;7309,799805;7356,330078;7193,779785;7223,299805;36894600
"299";29,685;29,94;29,395;29,64;2356300;59,9;60,07;58,97;59,72;230100;7169,040039;7202,580078;7122,689941;7181,120117;36461600
"300";29,885;30,05;29,525;29,85;2107900;59,11;59,4;58,15;58,57;430300;7225,22998;7294,040039;7191,140137;7225,959961;31783400
"301";29,98;30,145;29,67;29,8;1651500;58,83;59,37;57,25;57,87;567700;7262,540039;7311,25;7157,120117;7178,899902;33634300
"302";29,71;29,94;29,465;29,555;1704500;56,5;57,23;55,76;56,97;641200;7137,810059;7270,810059;7127,310059;7161,930176;28893000
"303";29,62;29,775;28,76;29,035;3329000;57;57,12;55,13;55,69;674700;7211,060059;7222,160156;7072,470215;7164,75;35838600
"304";29,15;29,21;28,455;28,57;3331300;55,76;56,46;55,35;55,55;341700;7177,549805;7217,540039;7109,259766;7131,799805;35117700
"305";28,4;28,4;27,945;28,155;2674500;55,11;55,21;54,14;54,2;418200;7078,689941;7109,709961;7021,950195;7063,089844;39693500
"306";27,75;28,13;27,45;28,04;2160500;53,63;54,54;53,1;54,24;526300;7002,259766;7014,02002;6963,310059;6981,490234;46873100
"307";27,8;28,6;27,745;27,895;2720200;53,37;54,93;53,27;53,5;505800;6896,310059;6946,439941;6847,939941;6866,629883;54185000
"308";27,295;27,4;26,34;26,83;6141200;52,24;52,41;49,7;51,35;933100;6668,990234;6714,830078;6483,390137;6647,660156;89815800
"309";26,96;27,22;26,5;26,54;3547400;52;52,5;50,8;50,91;490000;6696,310059;6733,029785;6501,850098;6513,839844;60220200
"310";26,8;27,225;26,52;27,215;3508500;51,41;52,52;50,24;52,37;484800;6557,850098;6692,830078;6517,180176;6656,879883;48466700
"311";27,22;27,485;27;27;4239400;52,8;53,33;52,27;52,27;502200;6715,169922;6761,310059;6655,689941;6664,399902;103186200
"312";27,25;27,715;27,13;27,665;2365900;53;53,59;52,83;53,08;351700;6782,299805;6829,75;6781,299805;6816,120117;49218800
"313";27,75;28,38;27,665;27,835;2862900;53,36;53,58;51,77;52,04;424900;6823,080078;6826,029785;6765,060059;6780,970215;32898100
"314";27,8;28,265;27,635;28,11;1813800;51,92;53,18;51,67;52,89;278300;6749,180176;6807,379883;6720,02002;6804,450195;30670600
"315";28,12;28,735;28,095;28,555;1619000;53,35;55,63;53,17;55,45;642700;6798,080078;6941,720215;6787,040039;6933,580078;33874800
"316";28,605;28,82;28,405;28,515;1381400;55,66;55,66;54,34;54,67;347800;6971,77002;6985,25;6920,569824;6946,359863;27188200
"317";28,495;28,675;28,35;28,51;1117300;54,48;55,3;54,4;55,01;242500;6931,859863;6981,189941;6915,580078;6938,629883;23172600
"318";28,52;28,525;27,91;28,455;2247900;54,86;55,64;54,55;55,11;342000;6952,509766;6960,160156;6867,419922;6934,439941;27010700
"319";28,7;28,985;28,58;28,88;1563800;55,51;56,39;55,44;55,85;252300;7010,77002;7065,27002;7002,77002;7057,149902;33168800
"320";28,95;29,1;28,825;28,83;1524900;55,91;56,14;55,42;55,7;221100;7068,290039;7079,759766;7041,310059;7041,310059;31320500
"321";28,94;29,365;28,935;29,3;1496800;56,18;56,65;55,74;56,5;235500;7086,560059;7192,379883;7086,560059;7179,810059;36017900
"322";29,345;29,615;29,215;29,535;1162900;56,7;57,8;56,51;57,3;313100;7178,589844;7200,259766;7168,240234;7175,330078;24799500
"323";29,6;29,68;29,145;29,4;1291200;57,25;57,9;57,09;57,73;264500;7174,689941;7186,350098;7129,410156;7175,310059;33963400
"324";29,71;30,31;29,68;30,12;2509000;58;58,37;57,67;58,33;260300;7197,370117;7242,689941;7157,680176;7215,109863;35036600
"325";30,39;30,39;29,81;29,875;1708700;58,5;58,6;57,69;57,75;217500;7212,459961;7241,089844;7175,350098;7178,779785;33798000
"326";30,22;30,38;30,005;30,255;1481000;57,9;58,48;57,31;57,42;211800;7226,790039;7232,870117;7195,439941;7217,02002;31782400
"327";30,235;30,62;30,21;30,4;1664500;57,44;57,89;57,04;57,11;225500;7215,339844;7224,740234;7157,330078;7204,859863;31582800
"328";30,085;30,09;29,255;29,405;2341000;56,8;56,8;54,56;54,93;437400;7131,439941;7177,740234;7089,169922;7102,910156;45427200
"329";29,73;30,5;29,68;29,815;3332400;54,93;55,58;54,57;54,6;268800;7135,209961;7201,120117;7122,509766;7177,970215;46087100
"330";29,72;29,98;29,61;29,9;1909900;54,3;54,85;53,54;53,83;303400;7160,990234;7184,930176;7099,660156;7146,560059;31142900
"331";29,895;30,075;29,58;29,71;2084000;53,81;53,9;53,05;53,5;470800;7166,97998;7193,379883;7144,959961;7178,290039;59044100
"332";29,505;29,52;28,35;28,545;3077400;52,39;52,66;50,39;50,8;681500;7165,990234;7174,75;6994,560059;7026,850098;40413800
"333";28,7;29,035;28,52;28,86;1775700;51,23;52,09;51,01;51,69;454100;7050,850098;7078,790039;7027,040039;7039,310059;38697300
"334";29,305;30,13;29,27;30,03;2793100;52,46;53,11;52,4;52,62;259600;7137,100098;7261,259766;7136,740234;7249,189941;47939500
"335";30,27;30,34;30,03;30,1;1441800;52,75;53,44;52,75;52,87;250300;7294,580078;7316,529785;7280,100098;7295,490234;32311400
"336";30,1;30,31;29,925;30,155;1250200;53,1;53,12;52,32;52,53;201700;7288,77002;7359,970215;7278,52002;7356,509766;24123700
"337";30,385;30,76;30,185;30,68;2377100;52,71;53;52,25;52,69;253900;7374,109863;7428,720215;7361,240234;7404,950195;33012900
"338";30,8;31;30,58;30,88;2417600;52,85;53,42;52,29;52,36;266000;7450,569824;7480,330078;7426,620117;7475,220215;53112200
"339";30,9;31,145;30,82;31,065;1130100;52,52;53,11;52,42;53,01;120200;7475;7514,689941;7461,529785;7514,459961;35600000
"340";31,22;31,49;31,215;31,305;1100700;53,32;54;53,19;53,69;149600;7570,859863;7600,410156;7527,640137;7527,640137;27700000
"341";31,2;31,3;30,76;30,91;1661800;53,69;53,91;53,1;53,72;265200;7518,600098;7523,680176;7446,830078;7500,700195;53527000
"342";30,815;30,92;29,87;30,05;2197500;53,85;53,86;52,07;52,3;315200;7475,180176;7534,259766;7355,399902;7373,930176;66109600
"343";30,05;30,25;29,455;29,84;1858300;52,31;52,84;51,55;51,89;252000;7416,379883;7423,959961;7291,390137;7376,959961;66841700
"344";32,1;32,7;31,645;32,22;9471000;52,28;53,66;52,05;53,39;331100;7391,040039;7501,629883;7362,549805;7492,25;62720800
"345";32;32,785;32;32,545;3963600;53,32;54,73;53,08;53,82;304700;7461,350098;7489,089844;7379,970215;7410,52002;41079200
"346";32,75;33,45;32,63;33,2;3018700;54,18;54,98;53,88;54,62;260700;7446,439941;7533,859863;7423,330078;7501,52002;33452900
"347";33,2;33,315;32,785;33,085;2665900;55;55;53,53;54,08;292300;7526,560059;7566,410156;7469,629883;7495,049805;40487200
"348";32,88;32,88;32,015;32,73;2880200;53,41;53,65;51,34;52,44;568600;7438,02002;7443,950195;7356,759766;7443,950195;51671100
"349";33;33,975;32,8;33,65;4241200;52,8;53,6;52,48;52,6;443100;7486,200195;7511,089844;7391,140137;7403,310059;34958000
"350";33,33;33,55;32,715;33,485;3021400;52,18;52,38;51,1;51,9;426300;7348,120117;7402,52002;7284,959961;7387,540039;36801300
"351";33,3;33,3;32,185;32,23;3201700;51,9;52,3;51,13;51,44;455000;7346,810059;7368,97998;7253,890137;7256,649902;33967300
"352";32,495;32,7;31,67;32,035;3634800;52,08;52,37;51,55;51,97;310400;7325,850098;7340,540039;7261,290039;7303,529785;27277100
"353";32,37;32,765;32,1;32,635;2096700;52,2;52,52;51,23;51,35;362700;7360,470215;7415,649902;7316,740234;7358,22998;33279100
"354";32,53;33,34;32,465;32,67;3104600;51,4;52,04;50,63;50,95;339600;7372,180176;7410,310059;7228,129883;7266,819824;81539300
"355";32,1;32,185;31,71;32,07;1988800;50,45;50,45;49,42;49,835;429100;7158,080078;7166,149902;7105,200195;7121,52002;37996000
"356";31,995;32,735;31,81;32,46;1715500;50;50,84;49,91;50,24;304400;7129,939941;7202,209961;7128,040039;7150,660156;33377800
"357";31,985;32,31;31,845;32,11;1956400;50,01;50,64;49,595;50,25;325300;7079,25;7183,799805;7071,419922;7170,939941;47196600
"358";32,29;32,38;31,31;31,705;2727200;50,45;50,7;48,895;49,105;465500;7202,720215;7217,240234;7087,319824;7114,089844;46009500
"359";31,995;32,205;31,73;31,8;1802700;49,55;50,68;49,155;50,18;662300;7205,129883;7208,47998;7115,47998;7163,470215;30986900
"360";31,85;32,095;31,75;31,945;688500;50,32;50,47;49,92;50,06;126800;7165;7204,160156;7146,97998;7160,299805;0
"361";32,3;33,055;32,255;33,005;2862000;50,5;52,24;50,39;51,35;560700;7240,120117;7319,689941;7238,77002;7293,689941;44550500
"362";32,99;33,145;32,36;32,565;1974300;51,38;51,56;49,96;50,16;362400;7310,560059;7314,660156;7193,890137;7217,430176;33434200
"363";32,31;32,33;31,96;31,96;1467100;50;50,13;49,4;49,54;297000;7155,859863;7157,589844;7074,120117;7074,120117;24048200
"364";31,94;32,98;31,94;32,765;2641800;49,55;49,665;48,65;49,26;329100;7101,47998;7120,120117;7021,359863;7109,029785;32161500
"365";32,83;33,24;32,63;32,86;2049000;49,19;49,705;48,5;48,66;335700;7095,399902;7124,310059;7062,72998;7084,569824;25762500
"366";33;34,02;32,965;33,725;3584500;48,98;50,07;48,925;49,63;413100;7094,140137;7147,629883;7086,899902;7103,25;27143900
"367";33,735;33,78;33,26;33,505;2595400;49,64;50,09;49,085;50,01;472000;7076,310059;7089,149902;6991,620117;7060,22998;32893900
"368";33,49;34,55;33,49;34,415;2742900;49,7;50,83;49,7;50,55;298900;7061,870117;7183,779785;7035,859863;7159,660156;33056200
"369";34,415;36,2;34,34;35,29;5763500;50,73;52,1;50,15;51,02;369400;7152,549805;7182,830078;7050,839844;7069,899902;33949100
"370";35,3;35,355;34,84;34,96;1857600;51;51,11;50,08;50,17;192400;7075,910156;7123,879883;7040,419922;7085,140137;15918000
"371";35,145;35,585;34,82;34,86;2991900;50,9;51,36;50,66;50,85;283200;7165,140137;7231,490234;7161,209961;7204,790039;30373600
"372";34,65;34,84;33,605;33,905;4222600;50,97;51;49,825;50,02;287100;7178,049805;7202,169922;7093,22998;7115,080078;33491000
"373";33,45;33,94;33,345;33,93;2144700;49,645;49,8;49,05;49,425;340000;7062,180176;7111,640137;7017,97998;7110,200195;39600000
"374";33,725;34,48;33,47;33,99;3752000;49,395;50,49;48,895;49,665;370300;7084,27002;7224,109863;7037,240234;7164,049805;80652900
"375";33,85;34,26;33,53;34,26;2104700;49,385;49,895;48,82;49,55;199900;7078,589844;7158,240234;7063,859863;7150,209961;26636300
"376";34,65;35,26;34,65;35,26;2529300;49,8;50,67;49,675;50,67;245300;7202,879883;7285,509766;7176,740234;7285,509766;32716900
"377";35,26;35,57;34,955;35,405;1731200;50,7;51,18;50,5;50,56;231300;7285,930176;7310,100098;7262,370117;7278,189941;30854200
"378";35,26;35,26;34,08;34,2;2866200;50,4;50,42;49,075;49,275;255800;7225,200195;7237,200195;7118,52002;7149,439941;36758600
"379";34,69;34,83;33,31;33,365;4058400;49,98;50,44;49,26;49,4;206600;7231,72998;7273,319824;7099,220215;7121,379883;40547100
"380";33,37;33,77;33,215;33,595;1609300;49,445;49,9;49,185;49,39;163300;7101,149902;7144,439941;7079,109863;7107,899902;28088600
"381";33,78;34,12;33,26;34,105;2222300;49,52;49,89;48,86;49,45;314500;7138,5;7187,080078;7075,189941;7170,430176;37509000
"382";34,39;35,6;34,38;35,57;3068000;49,75;51,08;49,75;50,85;465000;7230,950195;7320,299805;7230,950195;7294,140137;38853400
"383";35,535;35,905;35,19;35,835;2127300;51,3;52,9;51;52,59;396200;7310,339844;7378,350098;7285,439941;7376,240234;32845500
"384";35,51;35,64;34,85;35,28;3113200;52,9;53,66;52,7;53,32;408600;7374,490234;7443,200195;7357,029785;7419,439941;32625500
"385";35,275;35,275;34,63;34,925;1632500;53,57;54,39;53,34;54,26;362900;7427,140137;7450,379883;7416,72998;7442,959961;19069400
"386";35,11;35,19;34,775;34,91;1439700;54,2;54,39;53,76;53,9;345100;7433,129883;7474,930176;7424,72998;7439,439941;26160900
"387";34,91;35,01;34,72;34,75;1760800;53,79;54,28;53,4;53,86;255300;7443,930176;7450,709961;7396,740234;7431,189941;31339000
"388";32,95;33,14;32,62;32,96;17995800;53,94;54,84;53,12;54,59;343400;7467,819824;7516,149902;7442,97998;7471,439941;34618500
"389";32,75;33;32,48;32,865;5481400;55;55;53,72;53,83;272500;7502,830078;7523,529785;7389,799805;7402,72998;36224100
"390";32,74;32,86;32,09;32,255;3545500;53,55;53,7;51,9;52,12;337000;7352,72998;7358,5;7188,959961;7230,25;41724900
"391";31,81;31,85;31,21;31,69;5101400;51,12;51,56;50,16;51,5;353600;7112,189941;7190,470215;6996,259766;7174,140137;52912600
"392";31,74;32,42;31,725;32,42;3648800;51,5;52,95;51,5;52,87;281200;7171,470215;7280,160156;7163,089844;7267,870117;35735100
"393";32,2;32,62;32,06;32,155;2169900;52,15;53,9;52,14;52,73;450800;7204,939941;7267,279785;7197,490234;7214,740234;0
"394";32;32,345;31,78;32,26;2458500;52,2;52,83;52,17;52,54;175500;7188,700195;7254,100098;7139,680176;7220,120117;43506900
"395";32,09;32,09;31,53;31,62;2494700;52,28;52,38;51,2;51,29;234700;7162,819824;7171,549805;7089,089844;7107,919922;35099200
"396";31,65;32,08;31,62;31,65;3077500;51,75;52,17;51,49;51,9;151300;7148,47998;7236,439941;7139,759766;7192,669922;0
"397";31,81;31,875;30,84;31,34;4702400;52,39;52,76;51,76;51,85;157700;7250,180176;7263,180176;7166,370117;7221,359863;33754900
"398";31,415;31,52;30,42;31,225;3292600;52,48;52,8;51,04;52,4;288600;7264,97998;7326,609863;7142,430176;7290,140137;0
"399";31,42;32,145;31,27;31,845;3067400;52,46;53,48;52,46;53,47;232900;7308,47998;7357,25;7266,790039;7326,390137;31435600
"400";31,61;32,22;31,56;32,05;1667000;53,01;53,4;52,88;53,18;117000;7273,600098;7366,779785;7258,52002;7344,540039;25257100
"401";32,12;32,24;31,34;31,66;2200200;53,11;53,51;51,87;52,02;291900;7369,890137;7382,799805;7302,5;7349,450195;30274400
"402";31,76;31,855;31,135;31,495;1815700;52;52,37;51,27;51,72;211900;7315,75;7344,169922;7216,580078;7252,680176;36552400
"403";31,15;31,25;30,26;30,9;4404700;51;51,34;50,53;50,97;294300;7163,950195;7203,009766;7110,129883;7190,060059;44256400
"404";30,62;30,995;30,34;30,85;2597800;50,25;51,67;50,2;50,88;269400;7108,27002;7190,910156;7063,819824;7158,77002;38125300
"405";31,35;31,55;30,105;30,105;3129500;51,89;52,21;49,905;49,985;292700;7254,5;7282,009766;6953,97998;6953,97998;42809200
"406";29,8;29,87;28,355;28,535;7198400;49,7;49,705;46,535;46,86;771700;6909,430176;6938,339844;6772,379883;6796,75;46228700
"407";27,8;28,425;26,68;27,26;6880000;45,865;46,025;42,81;43,3;1224300;6717,839844;6783,069824;6543,600098;6640,589844;60276900
"408";27,55;27,635;25,56;25,6;8295900;44,485;44,485;40,695;41,185;939200;6714,790039;6730,430176;6391,540039;6414,759766;64343200
"409";24,2;25,755;23,9;24,6;7430500;39,13;43,735;38,245;41,66;1080500;6338,77002;6436,660156;6152,620117;6236,160156;81668200
"410";24,2;24,87;22,205;22,245;7322100;40,71;42,235;38,75;39,085;822100;6170,689941;6272,939941;5911,089844;5923,27002;71999800
"411";22,4;23,125;20,76;22,96;8805800;38,99;40,25;36,83;39,72;668800;5896,140137;6026,27002;5502,629883;5917,080078;95099500
"412";24,27;24,4;20,785;21,49;9819500;41,195;43,15;37,32;37,535;752700;6040,680176;6089,080078;5549,02002;5613,419922;87252800
"413";22,4;23,465;21,655;23,225;6842900;41,345;46,29;40,1;45,39;1523000;5771,209961;5825,080078;5487,819824;5797,660156;72182900
"414";23;24,75;22,05;24,71;8496400;45,6;45,745;43,795;45,015;653300;5775,959961;6023,75;5678,620117;5997,740234;52384600
"415";25,24;25,84;24,525;24,71;4460700;45,96;46,14;44,555;44,885;324500;6075,589844;6106,109863;6008,009766;6022,240234;30978100
"416";24,5;24,625;23,865;24,065;3975700;44,63;44,81;42,92;43,865;345500;5957,939941;5998,310059;5849,52002;5994,899902;34177600
"417";23,86;24,03;23,38;23,705;3436500;43,52;43,56;42,31;42,875;382000;5910,5;6018,370117;5870,169922;5948,939941;30907200
"418";23,3;23,465;21,375;21,475;6150800;42,605;42,605;38,74;39,18;699500;5854,359863;5892,569824;5535,609863;5602,799805;53714100
"419";21,465;21,565;20,23;20,95;6794500;39;39,305;37,08;38,24;595900;5581,509766;5595,149902;5345,359863;5480;63842800
"420";20,625;21,6;20,6;20,84;3350000;37,81;39,815;37,805;38,675;410300;5412,75;5591,350098;5408,709961;5473,779785;33877900
"421";21,11;21,66;20,425;20,875;3782800;39,83;40,4;38,135;38,76;342500;5529,259766;5636,060059;5452,149902;5532,379883;35757400
"422";21,2;21,96;20,945;21,635;3595800;39,5;40,2;38,435;39,415;377300;5579,799805;5743,100098;5514,149902;5681,080078;36724000
"423";22;22,6;20,98;21,71;5194600;40,11;40,9;39,15;39,685;402900;5739,859863;5777,040039;5451,52002;5584,140137;46227600
"424";21,605;21,745;20,75;21,37;3949500;39,775;39,775;38,255;39,425;264100;5582,5;5588,689941;5403,580078;5537,47998;36127500
"425";21,935;22,425;21,61;22,305;2032100;40,56;41,12;39,5;40,79;243000;5634,060059;5714,720215;5587,779785;5670,069824;19843600
"426";22,89;22,9;22,135;22,45;2760200;41,385;41,71;40,11;41,31;339900;5713,529785;5730,359863;5572,649902;5643,919922;26854200
"427";22,71;23,8;22,64;23,51;6858800;41,6;44,005;41,5;43,28;614900;5686,259766;5869,649902;5648,970215;5784,850098;49542100
"428";23,565;23,675;22,525;22,955;3135900;43,49;43,535;41,965;42,675;373500;5793,100098;5794,5;5639,029785;5730,629883;37537700
"429";22,52;22,52;21,615;21,815;3298600;42;42;40,4;41,01;317700;5623,700195;5635,5;5493,310059;5538,330078;35729600
"430";21,27;21,36;20,26;20,43;3526000;40,2;40,23;38,095;38,27;496500;5409,899902;5421,100098;5208,399902;5246,200195;0
"431";20,345;20,86;20,24;20,54;4193000;38,27;39;37,315;38,19;415100;5248,310059;5332,109863;5150,049805;5193,970215;44398800
"432";21,2;21,83;20,88;21,805;3930700;38,93;40,43;38,93;40,205;588500;5332,52002;5406,22998;5276,879883;5405,529785;36320800
"433";21,865;22,26;21,27;21,76;2277600;40,045;41,115;39,75;40,785;379000;5410,080078;5473,680176;5313,779785;5408,459961;32435100
"434";21,44;21,545;20,2;20,28;4645200;40,5;40,5;38,245;38,395;323900;5383,629883;5400,790039;5174,240234;5189,930176;38534000
"435";19,8;20,23;19,37;20,03;4973000;37,635;37,635;36,13;36,905;459000;5063,589844;5126,52002;4965,799805;5072,330078;43750200
"436";20,43;20,43;19,425;20,19;3526700;37,57;38,08;36,055;37,65;363200;5153,950195;5222,810059;4969,839844;5166,359863;43188900
"437";19,81;20,995;19,7;20,98;3497000;36,805;38,57;36,8;38,19;269900;5108,100098;5347,819824;5105,819824;5340,189941;43360500
"438";21,32;22,09;21,22;21,855;3915500;38,7;40,125;38,55;39,485;365700;5386,859863;5566,580078;5374,569824;5508,240234;44832400
"439";22,2;22,2;21,215;21,475;7548600;39,9;40,01;38,8;38,965;379400;5607,509766;5655,950195;5524,220215;5573,509766;83673300
"440";21;21,065;20,32;20,61;2938000;38,19;38,19;36,665;36,8;392700;5447,319824;5496,939941;5362,009766;5415,910156;31196400
"441";20,325;21,08;20,27;21,025;2091000;36,45;38,26;36,3;38,1;312700;5373,529785;5577,600098;5369,069824;5571,680176;30618100
"442";21,02;21,05;20,26;20,35;2559200;38,99;39,14;37,19;37,555;359400;5557,069824;5557,919922;5417,850098;5433,799805;29222200
"443";19,75;19,75;18,64;18,74;4787300;36,5;36,5;34,38;34,72;522500;5258,419922;5289,77002;5135,850098;5164,209961;42986900
"444";18,975;19,065;17,81;18,88;4927300;35;35,08;32,43;34,13;553100;5227,089844;5229,600098;4973,919922;5196,560059;40802700
"445";18,4;18,935;17,995;18,565;4905200;33,06;35,1;33,06;34,63;334300;5128,560059;5415,560059;5118,189941;5345,560059;41842700
"446";19,3;19,745;19,01;19,66;4621700;35,785;36,84;35,255;36,805;385400;5502,890137;5638,040039;5483,22998;5628,439941;47598100
"447";19,515;19,785;19,04;19,22;3621200;36,9;37,515;36,125;36,72;327400;5560,600098;5700,080078;5520,589844;5578,419922;33258200
"448";19,03;19,72;18,93;19,415;3083700;36,275;37,66;36,115;37,07;281600;5555,069824;5704,410156;5533,330078;5639,580078;32227500
"449";19,28;19,37;18,33;18,545;4122000;37;37,885;35,625;36,255;351700;5602,549805;5606,560059;5438,549805;5502,02002;36597800
"450";18;18,25;17,62;17,915;2606200;35,27;35,835;34,81;35,42;223500;5311,930176;5437,740234;5289,040039;5376,700195;26285300
"451";17,55;17,635;16,74;16,905;4578000;34,825;34,97;32,82;33,695;420600;5284,109863;5288,779785;5125,439941;5216,709961;38128100
"452";17,29;18,085;17,09;18,01;3368900;34,825;35,4;33,91;35,21;265300;5341,430176;5486,029785;5266,140137;5473,029785;36853500
"453";18,355;19,695;18,155;19,695;5047000;35,5;37,405;35,45;37,29;358800;5511,560059;5645,25;5465,549805;5645,25;43781800
"454";19,8;19,915;19,31;19,46;3452500;37,13;37,99;36,44;37,775;334100;5647,660156;5749,129883;5606,319824;5675,700195;33773200
"455";19,505;20,17;19,26;20,11;2827300;38,205;38,93;37,125;38,705;226100;5705,399902;5872,149902;5652,990234;5847,290039;30469800
"456";20,075;20,48;19,67;20,34;2423100;38,73;39,175;37,84;38,775;269400;5825,910156;5883,379883;5773,879883;5865,009766;29914000
"457";20,295;21,04;19,875;21,02;3585800;38,48;40,365;38,05;40,03;338200;5851,100098;6022,049805;5798,160156;5994,470215;37347200
"458";20,915;21,335;20,49;20,67;2741300;39,8;40,75;38,665;39,17;335500;5969,910156;6036,02002;5878,290039;5914,839844;36374900
"459";20,82;21,72;20,315;21,23;3503900;39,405;40,55;38,84;39,725;303000;5934,779785;6037,290039;5885,390137;5967,200195;34489800
"460";21,525;21,8;20,235;20,45;2829200;40,14;41;37,57;38,315;622400;6021,290039;6081,410156;5819,970215;5859,430176;31908700
"461";20,045;20,45;19,51;20,245;4184400;37,92;38,86;36,65;38,47;345900;5781,77002;5907,459961;5747,649902;5877,410156;28418800
"462";20,445;20,73;20,08;20,205;2078900;38,73;39,225;37,785;37,9;340700;5909,580078;5977,75;5874,850098;5913,529785;27125000
"463";19,73;20,08;19,24;19,28;3953500;37,58;38,2;37,235;37,44;301500;5834,419922;5914,870117;5752,830078;5766,47998;36015000
"464";19,45;19,96;19,235;19,96;3252400;37,695;38,6;37,42;38,57;218800;5800,060059;5980,459961;5769,189941;5970,959961;37582400
"465";20,19;20,95;20,125;20,86;3128000;38,81;40;38,38;39,97;269600;6014,359863;6067,160156;5937,580078;6055,27002;27538400
"466";20,735;21,545;20,535;20,915;3409200;40,05;42,15;40;41,145;454600;6026,450195;6157,930176;5964,279785;6046,75;32778700
"467";20,825;21,36;20,365;20,665;3353600;40,98;41,465;40,01;40,57;184800;6041,160156;6143,560059;5951,819824;6016,069824;31283600
"468";21,75;22,22;21,28;22,14;5208700;42;43,4;41,81;42,715;410600;6222,75;6347,600098;6196,600098;6337,839844;62548700
"469";22,22;22,49;21,615;22,315;3753300;43,06;43,69;42,29;43,55;291200;6364,180176;6430,600098;6305,5;6346,189941;41487900
"470";21,865;21,865;20,855;20,855;3580700;42,565;43,01;40,9;40,94;281900;6283,189941;6304,839844;6141,339844;6141,339844;34570100
"471";19,86;20,34;19,6;19,655;5225300;39,9;39,9;37,865;38,285;472700;5934,540039;5947,580078;5762,259766;5834,509766;50911300
"472";20,1;20,33;19,52;20,11;3092900;38,95;39,665;37,95;39,235;242000;5897,140137;5990,560059;5810,790039;5965,629883;34051300
"473";19,6;21,215;19,505;21,185;4204900;38,525;41,03;38,3;40,75;339200;5835,359863;6193,339844;5832,029785;6133,180176;50326400
"474";21,33;21,665;20,595;20,865;2994500;41,205;41,6;39,775;40,805;291100;6175,430176;6175,430176;5928,919922;5966,160156;35795800
"475";20,5;21,07;20,235;20,655;2500500;40,655;41,05;39,755;40,17;178600;5905,930176;6028,589844;5835,089844;5928,680176;31556100
"476";20,75;21,18;20,44;20,535;2199200;40,35;41,35;40,155;40,56;154000;5950,439941;6087,060059;5934,22998;5961,439941;28072000
"477";20,9;20,91;19,76;20,035;2823800;40,925;41,315;39,1;39,485;227800;6045,870117;6055,580078;5767,259766;5829,540039;41995700
"478";19,6;20,45;19,47;19,755;2666100;38,51;39,365;38,01;38,295;303400;5732,319824;5934,310059;5721,970215;5867,810059;37153400
"479";19,81;20,225;19,57;20,225;2713900;39;40,305;38,4;40,17;263000;5881,490234;6065,290039;5855,120117;6057,029785;30712700
"480";20,5;20,595;20,02;20,24;2629200;40,895;40,895;38,81;38,95;217500;6097,27002;6116,069824;5934,089844;5985,02002;26255000
"481";20,01;20,545;19,63;20,185;3072000;38,76;39,13;37,27;38,115;383300;5920,430176;6011,470215;5815,850098;5933,140137;30809600
"482";20,1;20,515;19,71;19,9;2445100;37,86;38,93;37,65;38,795;223200;5873,290039;6028,22998;5852,040039;5913,359863;28104800
"483";19,645;19,735;18,585;18,725;6688600;38,875;38,875;37,63;37,69;229600;5875,859863;5921,25;5778,100098;5850,169922;31285500
"484";18,595;18,8;18,38;18,495;3995000;37,5;37,775;36,65;36,685;259200;5800,790039;5897,990234;5769,689941;5800,240234;30460700
"485";18,425;18,425;17,4;17,4;4161600;36,71;36,8;34,86;35,04;303500;5767,089844;5771,700195;5598,049805;5606;32730600
"486";17,7;17,74;16,905;16,935;3221600;35,555;35,73;34,4;34,555;219700;5648,5;5681,740234;5537,390137;5537,390137;27129100
"487";16,78;17,2;16,695;16,695;3217400;34,2;34,96;33,8;33,85;198900;5485,669922;5588,109863;5457,77002;5457,77002;34499500
"488";16,88;17,405;16,77;17,025;2823900;34,15;35,42;34,065;34,73;354800;5512,77002;5563,77002;5399,899902;5428,149902;0
"489";17,07;17,355;16,67;17,145;3092800;34,725;35,375;34,02;34,88;198100;5433,299805;5528,640137;5366,5;5492,870117;23161100
"490";17,53;17,885;17,395;17,84;4344600;35,85;36,51;35,625;36,465;285800;5577,189941;5754,509766;5573;5745,330078;33258600
"491";17,825;18,08;17,51;17,78;3006700;36,33;36,8;35,505;36,195;283000;5725,680176;5826,350098;5690,569824;5799,910156;28463200
"492";17,55;19,25;17,355;19,12;6178400;35,785;38,815;35,48;38,375;336700;5741,209961;6130,680176;5725,97998;6088,839844;54927900
"493";19,17;19,45;18,67;19,005;3600800;38,8;40,28;38;39,32;508200;6080,47998;6111,970215;6017,379883;6035,879883;33757700
"494";19,21;19,355;17,68;17,795;12162200;39,955;40,75;39,56;39,885;477800;6117,72998;6169,640137;6055,47998;6080,680176;36316300
"495";18,24;18,63;17,915;18,325;4666900;40,49;41,245;40,07;40,885;304000;6137,870117;6170,040039;6086,419922;6106,089844;31904300
"496";18,08;18,34;17,92;18;3244700;40,17;40,81;39,735;39,765;298100;6021,72998;6094,77002;6005,819824;6028,819824;37175200
"497";18,3;18,68;17,85;18,165;4360900;40,51;40,725;38,6;39,09;282000;6116,259766;6137,049805;5919,560059;5994,72998;32189300
"498";18,325;18,365;17,38;17,385;4773400;39,33;39,49;37,515;37,645;324700;6054,560059;6077,169922;5868,629883;5874,439941;36845900
"499";17,18;18,1;17,15;18,015;4321000;37,25;39,105;37,1;38,905;216000;5806,490234;6007,049805;5802,359863;5986,709961;34722300
"500";17,915;17,92;17,165;17,175;3345900;38,985;39,06;37,08;37,08;204900;5945,189941;5952,549805;5785,430176;5785,430176;31442300
"501";17,3;17,625;17,13;17,315;3603300;37,15;37,49;36,33;36,585;335400;5801,390137;5852,430176;5734,120117;5774,259766;30398500
"502";17,225;17,395;16,74;16,74;3638300;36,51;36,955;35,48;35,63;314500;5738,97998;5771,600098;5675,140137;5675,140137;33441100
"503";16,89;17,39;16,805;16,975;3118400;35,635;36,965;35,635;36,07;305300;5713,47998;5795,870117;5682,160156;5730,620117;31639100
"504";17,15;17,26;16,93;17,13;5062600;36,4;37,13;36,07;36,745;332500;5764,450195;5775;5693,410156;5701,779785;67660200
"505";16,95;17,36;16,81;16,92;1957600;36,15;37,23;36,15;36,53;159900;5651,740234;5775,240234;5644,189941;5670,709961;22079300
"506";16,9;17,87;16,83;17,87;2528200;36,435;38,665;36,3;38,31;268400;5652,609863;5847,709961;5637,529785;5847,029785;27147600
"507";18,09;18,335;17,56;17,665;2419900;38,85;39,405;37,545;37,695;227800;5918,720215;5965,350098;5771,620117;5791,529785;29979400
"508";17,85;18,07;17,685;17,8;1768900;37,76;39,205;37,76;38,725;202300;5830,129883;5886,180176;5820,439941;5852,180176;20944800
"509";18;18,01;17,635;17,705;1245400;38,9;39,08;38,55;38,725;104400;5905,180176;5913,410156;5844,640137;5878,930176;11190700
"510";17,94;18,08;17,86;17,95;1001100;38,705;38,995;38,65;38,925;57700;5900,700195;5924,379883;5877,97998;5889,759766;8010500
"511";17,845;17,98;17,505;17,505;1229000;38,845;39,07;37,845;37,9;126700;5875,870117;5901,350098;5771,27002;5771,27002;15624100
"512";17,64;17,69;17,385;17,69;1370700;37,9;38,33;37,755;38,33;91600;5804,129883;5848,779785;5775,790039;5848,779785;13731300
"513";17,85;17,935;17,57;17,725;759500;38,43;38,775;38,09;38,63;43600;5867,029785;5898,350098;5817,709961;5898,350098;9422800
"514";18,65;19,115;18,565;19;2519700;39,44;40,8;39,44;40,575;248500;6124,109863;6179,029785;6108,620117;6166,569824;27401400
"515";18,97;19,17;18,845;19,11;2460300;40,37;40,8;40,26;40,57;236600;6141,259766;6163,47998;6088,060059;6111,549805;22440800
"516";19,1;19,24;18,76;19,05;2117000;40,5;40,71;39,75;40,3;234000;6121,339844;6130,100098;6040,939941;6095,990234;28094600
"517";19,15;19,5;19,14;19,295;2787800;40,2;41,14;40,19;40,72;161300;6114,640137;6152,560059;6012,640137;6057,919922;25127300
"518";19,22;19,335;18,925;19;2083000;40,565;40,73;39,7;39,9;226200;6061,259766;6076,589844;5987,75;6017,22998;24365900
"519";19,3;19,815;19,205;19,46;3420800;40,47;41,8;40,205;41,385;341100;6090,870117;6191,290039;6069,359863;6162,97998;38258000
"520";19,445;19,54;19,16;19,34;2798200;41,4;42,495;41,26;42,225;297900;6148,450195;6181,609863;6106,029785;6152,339844;28897700
"521";19,4;19,76;19,285;19,39;2786200;42,355;43,44;42,145;42,88;328200;6160,089844;6256,950195;6148,850098;6179,209961;32966100
"522";19,63;19,665;18,755;19,115;3062600;43,2;43,39;40,915;42;364400;6242,490234;6245,379883;6063,660156;6143,080078;37550700
"523";18,99;19,69;18,835;19,595;2931400;41,48;42,95;41,235;42,78;224000;6120,399902;6232,209961;6104,109863;6220,009766;22558000
"524";19,8;20,555;19,7;20,305;5996400;43,5;44,465;43,365;44,19;455300;6301,910156;6343,040039;6270,970215;6332,930176;35967000
"525";20,275;20,28;19,29;19,98;8071400;44;44,9;43,325;44,85;297300;6330,430176;6399,430176;6280,52002;6354,569824;36023800
"526";19,91;21,045;19,685;20,95;8067400;44,9;46,13;44,8;46;303900;6377,240234;6420,350098;6333,700195;6416,259766;47715400
"527";20,935;21,22;20;21,165;9566900;45,89;46;44,61;45,34;200400;6410,75;6431,259766;6371,689941;6404,390137;43818800
"528";21,2;21,52;20,98;21,255;6158500;45,28;46,465;45,1;46,065;332700;6387,330078;6467,339844;6349,689941;6436,620117;36892600
"529";21,005;21,095;20,68;21,04;3926500;45,74;45,75;43,96;45,2;302400;6372,490234;6420,049805;6339;6419,220215;34983400
"530";21;21,34;20,915;21,175;3040500;45,275;45,995;44,52;45,58;348200;6448,870117;6456,569824;6366,649902;6421,850098;29882400
"531";21,28;22,34;21,25;22,135;5904200;46,39;48,9;46,39;48,665;623500;6453,620117;6559,069824;6430,370117;6539,850098;39435500
"532";21,7;22,2;21,51;21,9;3651100;48,45;48,86;47,605;47,91;439100;6507,77002;6574,189941;6484,350098;6511,97998;32252600
"533";21,62;21,7;20,505;21,11;6555600;47,32;47,32;45,14;45,47;516800;6454,540039;6491,52002;6414,330078;6444,450195;27883100
"534";21,74;22,19;21,22;21,67;7337100;45,85;46,58;45,525;45,67;305600;6489,040039;6533,220215;6450,100098;6458,910156;33055800
"535";21,73;22,5;21,64;22,355;4066600;45,8;47,695;45,67;47,57;278200;6482,950195;6630,47998;6482,560059;6616,640137;41433900
"536";22,51;22,625;22,03;22,375;2870800;48;48,435;47,26;47,965;263600;6640,049805;6667,97998;6606,370117;6655,629883;36733900
"537";22,27;22,555;22,095;22,47;2753100;47,9;48,33;47,465;47,75;373800;6649,569824;6767,459961;6635,629883;6766,669922;36955500
"538";22,46;22,46;22,015;22,39;2097600;47,675;47,675;46,65;47,22;218200;6752,029785;6781,430176;6714,819824;6764,830078;24951700
"539";22,39;22,51;21,825;22,395;1956800;47,22;47,46;45,785;46,78;270600;6772,75;6788,77002;6682,890137;6754,200195;28238600
"540";22,585;23,26;22,515;22,835;3087600;46,85;48,945;46,815;48,685;450300;6800,720215;6829,879883;6735,669922;6748,759766;31013400
"541";23;23,29;22,695;22,86;2715400;48,82;48,83;47,425;47,81;354400;6782,140137;6838,129883;6746,100098;6788,799805;43080800
"542";22,55;22,56;21,725;21,97;3165700;47,32;47,32;45,4;46,03;360800;6730,540039;6751,080078;6649,560059;6692,959961;34655200
"543";22,3;22,35;21,8;21,895;2586500;46,5;46,64;45,5;45,81;297300;6748,680176;6774,600098;6709,629883;6738,470215;23225500
"544";20,94;21,475;20,65;21,07;6321100;45,3;45,76;44,15;44,295;304100;6712,680176;6788,569824;6698,319824;6728,189941;28807000
"545";21,08;21,4;20,375;20,555;5581700;44,88;46,2;44,81;45,38;381500;6807,549805;6830,100098;6736,560059;6757,939941;31915100
"546";20,305;20,64;20,11;20,62;3291800;44,895;44,91;43,665;44,07;413000;6665,240234;6751,959961;6651,720215;6751,959961;32413900
"547";20,81;20,95;20,31;20,55;4594700;44,77;46,165;44,645;45,54;312200;6811,02002;6874,529785;6794,890137;6848,029785;36191000
"548";20,75;21,37;20,71;21,37;3461600;46,22;47,27;46,125;47,27;262000;6892;6956,700195;6878,5;6948,299805;0
"549";20,94;21,01;20,64;20,8;3430800;47,28;47,28;46,2;46,405;194800;6936,910156;6971,029785;6873,540039;6908,180176;27069600
"550";20,85;20,9;20,43;20,545;2152300;46,51;46,57;45,61;45,93;295100;6914,680176;6915,180176;6821,799805;6843,870117;28158500
"551";20,49;20,73;19,925;20,31;3144200;45,755;46,295;44,755;45,465;264000;6838,939941;6903,509766;6733,589844;6809,459961;38477800
"552";20,375;20,535;20,225;20,535;1708500;45,725;46,07;45,22;45,925;165300;6871,25;6890,899902;6826,339844;6864,430176;32319500
"553";20,34;20,44;20,015;20,355;2101700;45,525;45,7;44,74;45,49;157800;6817,459961;6868,580078;6743,649902;6849,600098;31051400
"554";20,48;20,515;20,025;20,455;2097900;45,6;46,14;45,13;46,14;174700;6867,22998;6900,509766;6809,220215;6887,629883;29200000
"555";20,53;20,895;20,195;20,255;3155100;46,38;46,82;45,575;45,94;215300;6914,660156;6967,140137;6843,27002;6856,080078;34840000
"556";20,185;20,57;20,065;20,41;2525100;45,64;46,5;45,34;46,26;227500;6831,970215;6949,450195;6817,72998;6941,77002;34326500
"557";20,39;20,465;20,125;20,38;2131500;46,1;46,26;44,64;45,31;298800;6944,450195;6954,890137;6904,100098;6921,370117;28284400
"558";20,18;20,34;19,905;20;3213300;44,5;44,5;41,82;42,88;880000;6876,890137;6902,580078;6815,470215;6866,459961;29151000
"559";19,9;19,9;18,8;18,815;5037100;42,625;42,625;39,81;39,89;724000;6835,970215;6840,330078;6633,109863;6633,109863;45805500
"560";18,89;19,225;18,815;19;3165700;39,92;41,24;39,745;40,66;605500;6638,47998;6682,680176;6612,609863;6671,109863;32184400
"561";19,38;19,675;19,16;19,415;3415600;40,95;41,875;40,86;41,805;374700;6723,330078;6838,390137;6703,890137;6834,540039;43164700
"562";19,5;19,6;19,18;19,35;2607700;41,98;42,245;41,28;42,12;282800;6848,52002;6912,419922;6830,629883;6880,209961;30300700
"563";19,26;19,525;19,125;19,335;2152900;41,97;42,025;41,245;41,575;294800;6868,970215;6911,27002;6846,899902;6901,350098;24438000
"564";19,525;19,585;19,3;19,535;2323000;41,805;42,745;41,655;42,61;277500;6957,25;7020,040039;6941,959961;6995,910156;35174700
"565";19,635;19,9;19,575;19,66;2537700;42,75;43,175;42,26;42,555;314300;7028,919922;7099,339844;7028,149902;7079,419922;42715300
"566";19,69;20,495;19,585;20,475;4816800;41,95;43,4;41,94;43,205;300400;7093,970215;7153,109863;7072,27002;7144,450195;37620400
"567";20,43;20,625;20,305;20,495;5621800;43,15;43,845;43,1;43,365;260000;7145,779785;7194,330078;7142,75;7157,819824;9,3e+07
"568";20,495;20,76;20,165;20,755;2060700;43,25;44,29;42,84;44,13;293600;7143,930176;7154,830078;7095,129883;7154,220215;28231600
"569";20,54;20,62;20,075;20,13;2254300;43,7;43,9;42,3;42,64;256700;7121,919922;7124,629883;7032,069824;7054,939941;35770300
"570";20,21;20,35;19,59;19,885;2883200;42,96;43,165;42,04;42,675;228700;7088,759766;7114,009766;7012,040039;7071,319824;30160200
"571";19,86;19,93;19,135;19,26;3748700;42,69;42,79;40,675;41,345;324700;7053,419922;7071,089844;6938,200195;6981,259766;37292300
"572";19,315;19,46;18,98;19,42;2758900;41,01;42,155;40,7;42,05;280300;6986,899902;7026,899902;6908,970215;6995,620117;27379600
"573";19,59;19,74;19,25;19,535;2478700;42,4;42,57;41,45;42,07;166300;7022,640137;7102,049805;6969,970215;7079,22998;27599700
"574";19,66;19,785;19,36;19,425;1761700;42,445;42,815;41,78;41,865;185700;7106,77002;7153,680176;7075,160156;7078,899902;28973200
"575";19,34;19,605;18,8;18,845;3432200;41,78;42,12;40,785;40,975;225000;7056,049805;7110,540039;6998,799805;6998,799805;27738200
"576";18,705;18,96;18,305;18,37;3860600;41,045;41,72;40,215;40,67;300900;6980,089844;6993,740234;6841,970215;6875,149902;37906100
"577";18,6;18,985;18,485;18,665;3048000;41,25;42,04;40,795;41,095;369500;6924,819824;6959,709961;6898,910156;6946,830078;29578800
"578";18,78;19,02;18,49;18,945;2897600;41,47;41,75;40,605;41,72;329200;6973,990234;7057,200195;6911,629883;7056,649902;32398300
"579";19;19,045;18,575;18,605;2338500;41,9;42,245;40,955;40,955;496400;7053,910156;7081,060059;6981,209961;6982,279785;27387800
"580";18,48;18,54;17,92;17,96;3401100;40,73;40,82;39,155;39,39;543400;6940,609863;6944,399902;6772,950195;6784,060059;40871500
"581";18,04;18,22;17,605;18,1;2821700;40,01;40,775;38,95;40,555;577200;6817,850098;6831,359863;6685,799805;6775,259766;35399400
"582";17,815;18,085;17,35;17,385;3720700;40,06;40,335;38,85;38,905;392900;6694,720215;6737,919922;6606,430176;6606,430176;36990600
"583";17,595;17,99;17,57;17,62;3510200;39,215;40,005;38,775;39,395;356600;6628,660156;6722,52002;6603,069824;6674,72998;33024500
"584";17,665;18,075;17,43;17,94;3366600;40;40,625;39,245;40,475;388200;6710,370117;6761,779785;6651,810059;6743,240234;37209200
"585";18,065;18,165;17,425;17,495;2820400;40,65;40,8;39,355;39,525;335500;6732,069824;6743,009766;6552,319824;6583,899902;39352800
"586";17,41;17,77;17,305;17,44;2215000;39,4;40,115;39,115;39,405;231200;6556,299805;6675,390137;6548,390137;6625,189941;30743700
"587";17,44;18,05;17,365;17,995;2694400;39,345;40,7;38,89;40,575;392900;6625,709961;6801,149902;6616,950195;6801;35953400
"588";18,04;18,885;17,95;18,525;5435100;40,3;40,75;39,665;39,82;327100;6780,490234;6812,839844;6718,100098;6732,029785;28212000
"589";18,55;18,735;18,265;18,345;3902300;40,2;40,35;39,025;39,41;433400;6775,459961;6807,120117;6665,310059;6671,220215;44420700
"590";18,4;18,52;18,18;18,31;3630800;39,15;39,88;38,915;39,595;274800;6689,709961;6760,259766;6651,799805;6750,120117;39428900
"591";18,13;18,13;17,41;17,46;4434300;39,01;39,125;37,165;37,54;451100;6666,790039;6668,120117;6499,069824;6523;37566700
"592";17,6;17,6;16,965;17,315;4905700;37,785;38,02;36,95;37,655;316400;6566,109863;6604,540039;6508,100098;6590,410156;30721800
"593";17,415;17,915;17,375;17,795;2659300;37,875;39,325;37,675;39,12;367900;6622,959961;6733,339844;6622,899902;6704,5;33488700
"594";17,775;17,885;17,23;17,64;2377300;39,255;39,51;38,42;39,055;205700;6702,609863;6750,649902;6642,040039;6739,899902;43854200
"595";17,5;18,175;17,33;17,89;3350600;38,62;40,3;38,345;40,02;239700;6662,310059;6825,410156;6652,509766;6801,319824;39072300
"596";17,95;18,2;17,88;17,9;2423300;40,245;40,5;39,23;39,44;275100;6844,100098;6846,660156;6759,899902;6761,189941;2,7e+07
"597";18,145;18,32;17,42;17,46;3136400;40,1;40,33;38,655;38,965;263900;6861,299805;6875,870117;6664,569824;6710,77002;33923200
"598";17,55;17,695;17,205;17,375;2474400;38,86;39,595;38,5;38,82;227000;6749,27002;6791,75;6648,5;6694,439941;39192000
"599";17,295;17,345;16,77;16,895;3274600;38,47;38,56;36,955;37,225;415400;6682,959961;6684,890137;6546;6561,470215;33324300
"600";16,5;16,94;16,405;16,9;2191600;36,45;37,67;36,215;37,5;207600;6515,939941;6578,950195;6410,029785;6569,47998;26200000
"601";16,79;16,93;16,31;16,45;3315300;37,01;37,74;36,405;36,71;291200;6548,740234;6576,720215;6415,029785;6444,740234;28639600
"602";16,53;16,625;16,015;16,375;3487400;36,98;36,98;35,535;36,465;468100;6483,27002;6506,209961;6375,790039;6475,310059;37212700
"603";16,555;16,74;16,12;16,615;2946000;36,99;37,39;36,385;37,305;405600;6531,149902;6549,77002;6440,22998;6518;37107900
"604";16,595;16,595;16,26;16,39;3702000;37,11;37,11;35,98;36,58;364000;6465,189941;6589,009766;6454,209961;6579,930176;27864600
"605";16,235;16,24;15,66;15,765;3994500;36,295;36,295;35,35;35,5;320900;6499,790039;6520,859863;6404,279785;6451,970215;26865700
"606";15,28;16,41;14,78;16,01;13108900;36;36,09;35,03;35,31;418300;6501,930176;6509,649902;6353,259766;6401,060059;31070400
"607";15,61;15,815;15,155;15,58;10647200;35,05;36,22;34,33;35,72;484400;6344,919922;6442,970215;6297,379883;6384,259766;33500000
"608";15,61;15,63;14,82;14,83;6060000;35,65;35,655;34,55;35,24;251200;6401,149902;6413,049805;6291,100098;6308,959961;21026400
"609";14,74;15,26;14,71;14,89;5517800;34,63;36,12;34,45;35,77;336800;6254,819824;6335,549805;6229,299805;6271,220215;37614400
"610";15,17;15,405;14,98;15,27;3204000;35,605;36,665;35,6;36,2;251400;6269,310059;6364,399902;6244,02002;6331,040039;23792700
"611";15,4;15,475;15,05;15,41;5133000;36,7;37,165;36,385;36,905;241600;6381,830078;6446;6351,02002;6435,600098;29013100
"612";15,165;15,165;14,56;14,64;4938400;36,4;36,4;35,245;35,425;362800;6352,430176;6373,790039;6258,850098;6285,75;32300000
"613";14,83;14,84;14,375;14,53;3378000;36,24;36,365;35,295;36,065;335000;6338,120117;6351,100098;6244,47998;6315,890137;29406800
"614";14,585;14,715;14,015;14,13;5059600;35,52;36,18;34,745;34,965;340500;6334,149902;6406,959961;6279,549805;6339,939941;26596800
"615";14,3;14,495;14,15;14,155;1909100;35,495;35,96;35,25;35,295;145900;6425,100098;6426,27002;6311,330078;6323,189941;0
"616";14,32;14,56;14,18;14,36;2856400;35,89;36,65;35,345;36,165;266800;6396,649902;6441,259766;6334,75;6396,839844;23019100
"617";14,255;14,265;13,825;13,88;6637700;36;36,24;35,005;35,245;334200;6360,790039;6392,209961;6258,890137;6280,799805;29677900
"618";14,02;14,05;13,175;13,345;5531700;35,245;35,84;34,205;34,53;471800;6297,680176;6322,689941;6208,089844;6264,379883;33014600
"619";13,37;13,38;12,635;12,825;7708300;34,675;34,76;33,4;34,21;285400;6259,759766;6259,759766;6008,470215;6050,290039;42856100
"620";12,7;12,865;12,655;12,67;3399100;33,665;34,485;33,65;34,06;173300;5976,459961;6030,810059;5942,379883;5978,22998;23699300
"621";12,75;12,775;12,465;12,63;2853100;34,445;34,62;33,955;34,445;157400;5999,859863;6011,560059;5914,430176;5969,399902;22355900
"622";12,82;13,14;12,77;13;5283100;34,6;35,71;34,6;35,685;308600;6028,359863;6102,419922;5996,410156;6093,990234;32200300
"623";13,045;13,085;12,465;12,515;6843400;35,655;36,95;35,47;36,285;385500;6117,759766;6230,220215;6099,080078;6144,220215;28859800
"624";12,375;12,375;11,92;12,035;7734700;35,83;35,975;35,185;35,575;205300;6082,629883;6144,759766;6053,950195;6130,819824;22742300
"625";12,355;12,395;11,655;11,695;5782200;36,42;36,55;34,925;35,03;305200;6255,649902;6287,540039;6130,279785;6141,049805;29749700
"626";11,55;11,74;11,465;11,64;4552600;34,84;34,915;34,111;34,63;314100;6141,919922;6211,140137;6083,810059;6161,240234;28227200
"627";11,7;11,84;11,54;11,735;5205600;34,52;35,03;33,73;34,04;328500;6183,799805;6221,359863;6093,609863;6152,490234;28021500
"628";11,715;11,8;11,445;11,58;3736000;34,03;34,195;33,46;34,05;253200;6146,919922;6167,490234;6078,220215;6138,609863;29461700
"629";11,63;12,075;11,63;11,98;7734600;34,095;35,27;34,095;35,27;567700;6164,560059;6251,589844;6158,779785;6229,410156;70434200
"630";12,37;12,45;12,055;12,2;4432500;35,9;36,285;34,995;35,435;237600;6304,77002;6316,140137;6221,870117;6248,200195;28946700
"631";12,27;12,45;12,1;12,4;4638700;35,35;36,75;35,345;36,625;176500;6254,77002;6375,27002;6233,25;6363,359863;25250900
"632";12,46;12,835;12,405;12,835;5127100;36,51;37,4;36,455;37,04;290700;6364,060059;6402,209961;6333,970215;6392,129883;22461300
"633";12,835;13,22;12,53;12,945;6774000;36,9;37,605;35,895;36,46;326000;6357,25;6427,490234;6331,790039;6343,129883;30737700
"634";12,83;12,84;12,635;12,685;4054400;36,28;36,28;35,37;35,49;347200;6273,100098;6318,060059;6256,339844;6263,25;25903100
"635";12,58;12,58;12,06;12,2;5681200;35,66;35,66;34,3;34,5;198600;6229,430176;6229,430176;6118,720215;6132,390137;25886800
"636";12,25;12,25;11,965;12,025;3222200;34,82;34,82;34;34,175;174000;6157,839844;6165,279785;6109,930176;6136,689941;25550800
"637";11,995;12,14;11,69;12,12;5073200;32,85;33,44;31,515;32,495;783700;6155,910156;6230,509766;6131,299805;6228,990234;25213500
"638";12,17;12,285;11,75;12,22;5348100;32,495;32,75;30,905;31,37;481400;6232,120117;6240,089844;6096,939941;6149,910156;29941300
"639";12,52;12,85;12,36;12,835;5593500;32,15;32,48;31,715;32,375;350100;6296,740234;6416,279785;6261,740234;6416,279785;39749700
"640";12,735;13,25;12,66;13,195;5082200;32,055;32,795;31,8;32,28;287800;6405,390137;6520,399902;6390,549805;6496,080078;29097100
"641";13,28;13,78;13,26;13,755;6123800;32,17;33,475;32,17;33,125;499000;6508,330078;6578,209961;6505,390137;6578,209961;28768600
"642";13,75;13,77;13,545;13,695;3122200;33,125;33,32;32,81;33,085;190700;6564,299805;6573,859863;6525,509766;6564,799805;20045900
"643";13,69;13,975;13,295;13,425;5698400;33,12;33,3;31,905;32,225;244400;6561,77002;6641,859863;6475,919922;6535,560059;36858200
"644";13,2;13,36;13,05;13,125;4944400;31,885;32,3;31,105;31,125;245300;6508,220215;6533,790039;6407,839844;6410,109863;27674400
"645";13,13;13,54;13,015;13,415;5273200;31,205;31,245;29,81;29,83;414700;6408,640137;6420,779785;6375,689941;6387,569824;23483900
"646";13,55;14,235;13,465;13,945;7452500;29,915;30,955;29,6;30,505;409700;6397,459961;6491,399902;6349,620117;6438,330078;27864900
"647";13,89;14,37;13,825;14,3;5310000;30,25;30,64;30,07;30,2;289100;6413,169922;6496,529785;6399,399902;6453,850098;23031900
"648";14,185;14,43;14,01;14,185;3934500;30,165;30,59;29,49;29,79;255700;6410,939941;6448,220215;6366,77002;6419,350098;33641700
"649";14,3;14,57;14,145;14,51;3533300;30,03;30,195;29,685;30,165;285900;6446,220215;6557,100098;6436,089844;6557,100098;28655600
"650";14,53;14,705;14,38;14,565;3139900;30,115;30,49;29,9;30,22;200300;6550,950195;6577,060059;6511,180176;6565,720215;20388100
"651";14,63;14,79;14,55;14,685;3717100;30,43;30,525;29,07;29,46;319300;6583,77002;6610,810059;6542,890137;6577,640137;22448800
"652";14,8;15,05;14,66;15,04;6956800;29,295;29,805;29,155;29,69;188400;6601,709961;6690,660156;6578,859863;6684,419922;24546900
"653";15,1;15,22;14,895;15,11;7642300;29,795;30,27;29,64;30,125;304700;6706,990234;6773,5;6698,870117;6758,390137;33451400
"654";15,13;15,13;14,68;14,69;8007300;29,92;30,27;29,215;29,41;253300;6741,899902;6775,740234;6620,720215;6630,02002;44337500
"655";14,44;14,535;13,96;14,155;5309100;29,12;29,12;27,47;28,145;398300;6561,870117;6572,109863;6371,149902;6419,330078;33956800
"656";14,125;14,125;13,815;13,915;4057500;28,125;28,325;27,61;27,775;141000;6420,819824;6456;6378;6390,410156;26391400
"657";13,86;14,105;13,775;13,84;3036400;27,675;28,085;27,47;27,585;228500;6387,839844;6475,330078;6375,149902;6406,52002;26023500
"658";13,895;14,19;13,51;14,16;4139200;27,665;28,6;27,025;28,475;370500;6393,200195;6595,580078;6324,529785;6582,959961;44942200
"659";14,24;14,835;14,1;14,79;5987100;28,66;29,345;28,03;29,295;264000;6605,419922;6690,430176;6513,970215;6689,399902;29769600
"660";14,89;15,135;14,765;15,03;3111500;29,35;30,11;29,26;29,765;198700;6729,189941;6796,609863;6703,259766;6774,060059;28093500
"661";15;15,125;14,805;14,97;3001600;29,74;29,86;29,28;29,66;213500;6780,620117;6835,189941;6756,180176;6772,259766;29189800
"662";14,935;15,2;14,89;15,05;2749800;29,66;29,81;28,915;29,115;145000;6775,990234;6800,100098;6735,890137;6754,459961;23663400
"663";15,005;15,195;14,38;14,465;6014700;29,12;29,2;27,47;27,565;252500;6756,160156;6855,709961;6596,209961;6606,089844;44863600
"664";14,505;15,085;14,5;15;4033500;27,985;28,59;27,51;28,56;247000;6626,299805;6876,740234;6621,359863;6865,660156;38691500
"665";14,995;15,53;14,91;15,43;4022800;28,73;30,75;28,62;30,57;448700;6845,879883;6943,319824;6845,879883;6918,720215;26947400
"666";15,42;15,925;15,37;15,84;5086400;30,5;31,63;30,445;31,52;302700;6909,279785;6979,629883;6902,859863;6967,950195;30006900
"667";15,8;15,84;15,42;15,64;4907200;31,42;31,62;30,765;31,235;258600;6944,890137;6966,149902;6907,290039;6966,149902;23986600
"668";15,67;15,76;15,44;15,65;3432200;31,5;31,52;30,78;31,2;152100;6979,410156;6989,149902;6891,490234;6964,990234;27897800
"669";15,99;16,8;15,935;16,45;13119800;31,095;31,935;30,835;31,6;248400;6927,709961;6955,379883;6891,899902;6944,560059;21472200
"670";16,32;16,47;16,115;16,235;4668200;31,88;31,9;30,845;31,355;233600;6935,509766;6976,310059;6882,029785;6909,680176;19034100
"671";16,3;16,335;15,89;16,14;4116800;31,56;32,12;31,265;31,53;260300;6965,040039;6995,029785;6939,5;6974,390137;18671000
"672";16,065;16,14;15,71;15,765;4426200;31,4;31,4;30,23;30,255;329300;6953,009766;6972,640137;6910,390137;6946,799805;16927300
"673";15,82;16,175;15,77;16,07;3812900;30,42;30,78;29,905;30,575;358500;6958,390137;7001,399902;6929,430176;6996,290039;24262600
"674";16,14;16,405;16,09;16,405;3969400;30,71;32,385;30,64;32,21;380500;7011,370117;7041,109863;7000,850098;7040,879883;31597300
"675";16,45;16,465;16,07;16,225;2050200;32,075;32,35;31,66;31,865;224400;7037,02002;7086,220215;7008,970215;7033,680176;21036200
"676";16,27;16,74;16,26;16,61;3509600;31,86;32,925;31,845;32,855;324600;7048,790039;7105,430176;7041,72998;7089,319824;20980100
"677";16,54;16,78;16,325;16,495;3170000;32,54;32,54;31,595;31,89;203800;7048,299805;7051,77002;7005,259766;7017,75;22101100
"678";16,71;16,8;16,39;16,465;3446300;32,2;32,5;31,45;31,465;246400;7065,990234;7080,740234;6923,069824;6949,569824;27346700
"679";16,38;16,445;16,085;16,215;3491200;31,33;31,33;30,26;30,62;299600;6957,600098;6990,069824;6885,97998;6971,069824;21145300
"680";16,315;16,63;16,27;16,49;2166200;30,62;31,39;30,53;31,26;135800;6960,02002;7049,47998;6946,080078;7047,450195;14170000
"681";16,38;16,65;16,32;16,46;3543800;31,2;31,2;30,605;30,71;160900;7004,049805;7031,160156;6976,009766;7002,680176;17055700
"682";16,45;16,485;16,1;16,175;2587600;30,71;30,71;29,955;30,16;211900;7003,02002;7029,799805;6945,709961;7010,569824;16399700
"683";16,02;16,135;15,605;15,745;3855000;30,12;30,12;29,01;29,28;216700;6962,290039;6978,5;6871;6895,490234;27541100
"684";15,715;16,105;15,71;15,84;3091000;29,225;29,755;29,05;29,26;252300;6897,72998;7011,450195;6889,790039;6970,790039;27766800
"685";15,84;16,095;15,755;15,95;1510900;29,315;29,82;28,85;29,075;165300;6946,609863;7016,310059;6944,25;7014,830078;19610000
"686";15,95;16,015;15,45;15,535;2565800;29,18;29,325;28,73;28,795;158500;7012,990234;7015,709961;6920;6932,580078;21725300
"687";15,495;15,65;15,19;15,405;3214500;28,585;28,61;27,9;28,225;429000;6941,660156;7003,529785;6892,859863;6964,689941;25428300
"688";15,45;16,17;15,445;16,11;4822000;28,29;30,47;28,27;30,23;539100;6984,310059;7172,319824;6977,859863;7167,330078;41747200
"689";16,22;16,805;16,18;16,68;5272100;30,5;32;30,405;31,65;475400;7183,919922;7248,509766;7182,600098;7214,5;41982900
"690";16,59;16,955;16,575;16,825;2710600;31,185;31,965;31,04;31,7;250900;7207,959961;7233,919922;7203,649902;7213,700195;26317500
"691";16,78;17,12;16,485;17,08;3033100;31,455;32,15;30,505;32,05;317600;7197,200195;7313,47998;7186,629883;7310,109863;29404200
"692";17,1;17,61;17,02;17,395;4969100;32,4;33,93;32,2;33,755;689500;7331,580078;7410,359863;7307,47998;7343,529785;39922100
"693";17,35;17,46;17,135;17,37;2580200;33,755;33,77;32,675;33,215;322700;7341,779785;7353,220215;7280,22998;7310,319824;28565400
"694";17,855;18,57;17,815;18,485;8527400;33,97;35,155;33,85;34,94;653800;7397,97998;7446,470215;7388,790039;7412,129883;43834700
"695";17,85;18,035;17,5;17,65;6411800;34,31;34,445;33,19;33,29;458500;7390,290039;7414,220215;7382,470215;7403,689941;27963100
"696";17,485;17,52;16,985;17,265;5283500;33;33;32,35;32,625;344300;7350,089844;7375;7304,25;7347,689941;33100400
"697";17,4;17,49;17,15;17,455;2871200;32,795;32,915;32,055;32,68;339700;7387,180176;7396,120117;7326,240234;7390,759766;28954700
"698";17,245;17,27;17,025;17,17;3853500;32;32,55;31,96;32,295;255400;7322,620117;7390,459961;7313,140137;7389,490234;37224000
"699";17,245;17,355;17,07;17,12;4611100;32,4;32,995;32,345;32,435;487300;7409,339844;7478,529785;7391,060059;7451,620117;77212600
"700";17,01;17,03;16,47;16,785;3647500;32,38;32,38;31,365;31,895;311400;7419,649902;7440,490234;7388,200195;7413,160156;24075200
"701";16,8;16,965;16,61;16,845;2905400;31,9;32,12;31,355;31,59;204400;7406,220215;7438,890137;7369,390137;7425,109863;29641900
"702";16,6;16,685;16,195;16,41;3582000;31,215;31,235;30,37;30,615;328500;7362,97998;7362,97998;7255,77002;7276,509766;37243300
"703";16,575;16,635;16,265;16,41;3083300;30,575;30,99;30,34;30,645;230000;7313,149902;7324,970215;7268,689941;7290,02002;30703000
"704";16,55;17,055;16,525;16,54;4918300;30,95;31,01;29,89;30,065;364300;7330,609863;7337,169922;7215,950195;7216,149902;32355400
"705";16,625;16,805;16,525;16,73;2737500;30,085;31,295;30,075;31,15;255300;7227,810059;7339,200195;7225,290039;7326,72998;29599600
"706";16,59;17,17;16,485;16,91;3193600;30,945;31,755;30,67;30,94;274000;7278,129883;7373,149902;7266,109863;7305,859863;26663800
"707";16,86;17,125;16,735;16,99;1855600;30,85;31,175;30,555;30,72;155300;7283,259766;7339,330078;7272,060059;7322,080078;22180200
"708";17,18;17,625;17,065;17,38;5958500;30,985;31,01;30,115;30,6;317900;7368,209961;7374,859863;7283,47998;7305,209961;31167700
"709";17,5;17,815;17,365;17,725;3011000;30,77;32,23;30,635;31,995;298900;7327,700195;7409,779785;7312,790039;7397,870117;27771400
"710";17,58;17,61;17,22;17,3;4978400;31,82;31,82;30,815;31,39;316800;7340,390137;7341,279785;7286,240234;7291,209961;23003300
"711";17,4;17,455;17,12;17,135;2971800;31,5;31,52;30,815;30,99;224500;7306,330078;7308,129883;7221,5;7234,529785;23253800
"712";17,005;17,29;17,005;17,035;1884600;30,85;31,395;30,66;30,765;189100;7219,459961;7245,169922;7201,089844;7205,22998;21796000
"713";17,01;17,61;16,995;17,52;4382700;30,765;31,7;30,655;31,42;336800;7192,75;7305,459961;7182,310059;7281,700195;31008300
"714";17,515;17,915;17,45;17,755;2836200;31,285;31,825;31,17;31,21;185000;7260,569824;7291,240234;7232,419922;7232,490234;24092200
"715";17,83;17,92;17,65;17,7;4060100;31,1;31,5;30,49;30,695;283100;7237,399902;7302,22998;7237,399902;7261,25;21725400
"716";17,85;18,295;17,71;18,225;3556500;30,875;32,045;30,845;32,045;363700;7309,080078;7387,779785;7293,899902;7376,27002;30760400
"717";18,235;18,785;18,15;18,68;4740400;32,1;33,83;31,965;33,815;491600;7381,080078;7399,990234;7367,589844;7394,549805;27933900
"718";18,8;18,96;18,75;18,87;4227300;33,85;34,275;33,41;33,805;369900;7401,410156;7447,810059;7389,009766;7437,22998;31162900
"719";18,78;18,85;18,47;18,51;3889100;33,72;34,145;33,315;33,51;236300;7413,689941;7430,120117;7363,5;7380,640137;42441300
"720";18,48;18,79;18,285;18,545;2319200;34,39;35,37;33,91;34,375;504200;7372,359863;7390,100098;7313,240234;7328,049805;20738400
"721";18,515;18,55;17,895;17,925;3820300;34,95;35,205;33,945;34,12;431000;7339,160156;7343,600098;7153,799805;7173,689941;30924400
"722";18,01;18,105;17,45;17,86;3558000;34,61;34,985;33,51;34,775;295000;7202,029785;7216,129883;7120,680176;7192,850098;31284600
"723";17,9;18,09;17,65;17,67;2507300;34,9;35,15;33,805;33,805;296500;7203,120117;7256,220215;7181,450195;7200,22998;29816100
"724";17,545;18,08;17,48;17,855;1982100;33,525;33,925;32,89;33,5;461800;7161,72998;7257,370117;7147,509766;7231,850098;22170100
"725";17,5;17,5;17,07;17,19;4097100;33,41;33,69;32,665;33,375;226100;7205,049805;7225,319824;7171,959961;7203,160156;16961200
"726";17,2;17,52;17,18;17,495;3084600;33,53;34,105;33,53;33,97;153100;7239,689941;7292,830078;7239,040039;7284,399902;21851700
"727";17,45;17,97;17,395;17,555;3557400;34,185;34,32;33,315;33,385;342500;7305,069824;7347,509766;7260,629883;7260,629883;31907000
"728";17,5;17,895;17,425;17,74;2304000;33,265;33,975;33,15;33,86;218300;7255,299805;7356,180176;7255,109863;7335,669922;22800300
"729";17,72;18,09;17,675;17,89;2965300;33,9;35,595;33,53;35,225;584000;7336,52002;7391,040039;7314,680176;7363,850098;29093800
"730";17,81;18,03;17,76;17,88;1685800;35,295;35,33;33,63;33,95;470000;7320,97998;7337,470215;7304,450195;7326,470215;20871500
"731";17,89;18,415;17,85;18,265;3071100;33,415;36,1;33,415;36;938500;7336,459961;7388,97998;7319,72998;7377,759766;27366100
"732";18,47;18,52;17,735;17,81;3586800;36,13;36,225;34,665;34,79;409200;7425,080078;7434,959961;7226,600098;7232,830078;37358100
"733";17,85;17,89;17,485;17,555;3233700;34,95;34,95;33,84;34,17;318200;7260,350098;7287;7184,180176;7204,959961;36289300
"734";17,645;17,65;17,12;17,41;3052400;34,2;34,78;33,85;34,73;215400;7220,689941;7222,870117;7064,339844;7163,5;33110000
"735";17,41;17,51;17,19;17,24;2474800;34,685;34,99;34,53;34,59;190200;7164,680176;7196;7138,169922;7168,759766;18583100
"736";17,18;17,265;16,85;17,18;2842600;34,13;34,295;32,8;33,855;283300;7131,600098;7185,290039;7074,870117;7169,120117;36748900
"737";17,15;17,33;16,77;16,89;2427500;33,73;33,73;32,255;32,64;253000;7156,339844;7182,810059;7084,629883;7101,919922;28534400
"738";16,75;16,945;16,445;16,51;4453200;32,38;32,66;32,145;32,515;216300;7064,990234;7079,220215;7021,620117;7043,419922;29423900
"739";16,49;16,61;15,96;15,96;4822600;32,395;32,54;30,78;30,85;476400;7045,629883;7059,830078;6950,529785;6950,529785;36190100
"740";16,06;16,485;16,035;16,41;3408100;31,15;31,735;31,055;31,59;355100;7020,22998;7130,870117;7007,209961;7123,839844;27076400
"741";16,34;16,655;16,27;16,575;2283700;31,52;31,975;31,215;31,88;225100;7098,129883;7186,609863;7092,22998;7172,990234;23026400
"742";16,49;16,525;16,175;16,385;2464600;31,645;31,99;31,45;31,92;159100;7148,910156;7194,790039;7139,990234;7184,709961;24820900
"743";16,38;16,7;16,325;16,46;2833100;32,1;33,56;32,1;33,285;352900;7210,459961;7253,02002;7205,200195;7244,990234;23979300
"744";16,46;16,9;16,335;16,79;2363900;33,355;33,83;32,745;33,56;274900;7258,330078;7311,549805;7219,549805;7309,129883;20806300
"745";16,43;16,43;15,81;15,93;6431100;33,49;34,55;33,4;34,125;332000;7286,689941;7312,859863;7273,569824;7292,029785;19021500
"746";16;16,155;15,91;16,02;2826400;34,45;35,4;34,45;34,815;303000;7343,009766;7361,549805;7307,299805;7332,330078;21680100
"747";15,84;15,975;15,445;15,62;4554400;34,6;34,715;33,485;34,22;238300;7317,490234;7351,47998;7265,439941;7343,410156;23358300
"748";15,735;15,91;15,715;15,84;4063500;34,51;35,27;34,45;35,17;243900;7382,549805;7416,52002;7377,089844;7400,959961;29845800
"749";15,81;15,925;15,515;15,57;3521000;35,185;35,705;35,185;35,45;317500;7399,089844;7442,600098;7398,220215;7405,5;26642600
"750";15,53;15,895;15,46;15,63;3712600;35,415;35,95;35,25;35,365;170900;7427,410156;7487,890137;7419,299805;7435,209961;23424400
"751";15,6;15,675;15,51;15,59;2736300;35,2;35,72;35,115;35,52;128000;7428,129883;7466,25;7417,299805;7435,120117;21553400
"752";15,675;16,085;15,635;16,055;5282300;35,945;37,17;35,945;36,85;391500;7480,589844;7482,279785;7428,700195;7454,549805;24721000
"753";16,11;16,55;16,06;16,43;5682600;37,24;37,645;37,05;37,485;267200;7469,540039;7554,509766;7461,189941;7534,540039;36153300
"754";16,45;16,46;16,04;16,225;3590400;37,35;37,55;36,19;36,7;258200;7539,779785;7553,049805;7487,640137;7517,799805;28546700
"755";16,1;16,345;16,05;16,26;2515300;36,475;37,085;36,39;37,04;136600;7484,950195;7536,600098;7457,399902;7530,919922;20909700
"756";15,865;17,56;15,7;17,175;14880000;37,14;37,51;37,08;37,43;198600;7529,240234;7596,899902;7518,740234;7589,75;26986200
"757";17,31;17,89;17,28;17,825;7838900;37,46;38;37,27;37,995;263800;7595,200195;7626,399902;7590,180176;7614,790039;25473400
"758";17,88;17,97;17,32;17,635;5658200;38;38,45;37,335;38,345;292300;7618,620117;7618,620117;7561,959961;7581,97998;30439000
"759";17,675;17,815;17,605;17,715;2509900;38,415;39,035;38,22;38,955;240000;7599,029785;7619,259766;7571,160156;7596,470215;23848200
"760";17,72;17,95;17,695;17,915;3078500;39,05;39,36;38,825;39,36;192100;7604,160156;7627,140137;7564,069824;7604,939941;21421600
"761";18,03;18,22;18,01;18,135;3837500;39,45;40,56;39,45;40,46;408500;7634,279785;7667,910156;7626,25;7653,580078;26052700
"762";18,35;18,67;18,335;18,57;5186400;40,61;40,7;40,215;40,34;234500;7675,330078;7682,899902;7655,709961;7668,5;28723600
"763";18,395;18,53;18,235;18,235;4192100;40,01;40,355;39,72;40,02;199500;7642,990234;7675,450195;7635,390137;7672,100098;22633700
"764";18,045;18,15;17,925;18,005;5050900;39,7;39,77;38,67;39,59;347700;7632,410156;7653,72998;7596,640137;7636,22998;55284000
"765";18,005;18,005;18,005;18,005;0;39,59;39,59;39,59;39,59;0;7636,22998;7636,22998;7636,22998;7636,22998;0
"766";18,005;18,005;18,005;18,005;0;39,59;39,59;39,59;39,59;0;7636,22998;7636,22998;7636,22998;7636,22998;0
"767";18,005;18,225;17,875;17,945;1485200;39,19;40,415;39,055;39,65;208700;7652,27002;7676,5;7640,299805;7655,879883;16303200
"768";17,875;17,995;17,69;17,76;1387100;39,655;39,935;39,245;39,425;94200;7649,890137;7665,680176;7602,890137;7612,390137;11613000
"769";17,76;17,76;17,76;17,76;0;39,425;39,425;39,425;39,425;0;7612,390137;7612,390137;7612,390137;7612,390137;0
"770";18,255;18,695;18,225;18,64;3591400;40,4;40,995;40,32;40,72;200400;7689,459961;7789,939941;7689,459961;7778,779785;32821400
"771";18,575;18,615;18,355;18,43;1798700;40,52;41,555;40,485;41,1;172000;7762,129883;7777,02002;7737,97998;7756,439941;20254200
"772";18,365;18,395;18,055;18,24;2001400;40,95;40,95;39,82;40,78;240300;7740,990234;7779,669922;7727,549805;7776,370117;20784400
"773";18,125;18,235;18,035;18,2;1665900;40,565;41,395;40,55;40,92;201000;7760,009766;7767,549805;7713,419922;7732,660156;26222500
"774";18,1;18,28;17,96;17,97;1413700;40,615;40,935;40,015;40,125;204000;7710,700195;7754,379883;7683,47998;7695,830078;23757000
"775";18,11;18,72;17,965;18,5;6254600;40,375;41,105;40,2;40,47;274800;7713,569824;7734,779785;7688,549805;7720,470215;27859700
"776";18,61;19,25;18,55;19,05;5979800;40,32;40,495;38,755;38,995;510800;7732,140137;7773,689941;7685,080078;7708,470215;29723400
"777";19,09;19,225;18,41;18,68;4042200;38,435;38,435;37,345;37,69;481000;7725,930176;7731,450195;7683,919922;7715,529785;25558300
"778";18,77;18,8;18,3;18,34;1844500;37,875;38,315;37,055;37,295;378400;7737,609863;7785,819824;7702,359863;7729,52002;24562900
"779";18,25;18,395;17,92;18,05;3424300;36,56;37,055;35,99;36,44;470100;7704,049805;7735,209961;7635,879883;7675,910156;31299500
"780";17,97;18,085;17,79;18,005;1659400;36,22;36,52;35,88;36,305;338600;7661,609863;7694,799805;7643,140137;7691,129883;25992200
"781";18,17;18,515;18,165;18,4;3356100;36,07;37,48;36,07;36,735;445600;7677,279785;7764,029785;7662,430176;7735,459961;26786500
"782";18,4;18,435;18,01;18,065;3507400;36,945;37,125;35,91;36,09;511700;7747,129883;7753,490234;7702,22998;7702,22998;30164400
"783";18,17;18,245;17,945;17,97;1668700;36,345;37,265;36,255;37,095;243100;7727,77002;7749,819824;7719,02002;7748,859863;15688700
"784";18;18,025;17,51;17,815;3277700;37,15;37,38;36,345;36,79;253300;7741,879883;7746,910156;7634,259766;7696,209961;29306200
"785";17,84;17,925;17,675;17,75;1893000;36,865;37,16;36,53;36,66;252000;7702,919922;7731,629883;7684,839844;7707,540039;26663400
"786";17,75;17,865;17,45;17,855;2747100;36,65;37,11;36,53;36,825;235500;7700,529785;7753,299805;7661,959961;7748,129883;25213900
"787";17,805;17,87;17,615;17,745;2935200;36,3;36,3;35,51;35,73;698300;7746,779785;7865,160156;7743,189941;7857,970215;29292700
"788";17,745;17,92;17,47;17,5;2498400;35,6;35,885;35,05;35,13;332600;7859,830078;7871,790039;7831,720215;7833;22722100
"789";17,48;18;17,455;17,97;3639800;35,1;36,44;35,1;35,575;546700;7841,959961;7857,140137;7800,120117;7848,569824;24837800
"790";18,05;18,44;17,965;18,07;2941800;35,03;35,16;34,44;34,94;869900;7855,680176;7863,350098;7775,029785;7811,310059;27707000
"791";18,045;18,085;17,86;17,89;1873700;34,84;34,92;34,32;34,32;512600;7800,450195;7812,339844;7765,200195;7776,049805;34102100
"792";17,95;18,36;17,95;18,3;2687800;34,41;35,53;34,365;35,495;456500;7792,589844;7853,370117;7784,970215;7833,390137;30495400
"793";18,2;18,275;17,605;17,615;3214000;35,625;35,69;34,44;34,53;322700;7822,540039;7837,640137;7637,680176;7638,22998;37356000
"794";17,565;17,775;17,46;17,6;2224500;34,465;34,89;34,365;34,695;269300;7643,540039;7677,140137;7622,299805;7664,660156;31721400
"795";17,675;18,125;17,45;17,535;3869100;34,775;35,69;34,45;35,15;466300;7665,879883;7694,419922;7537,290039;7581,180176;33199400
"796";17,53;17,745;17,285;17,47;2435900;35,125;35,505;34,745;34,87;251100;7581,370117;7661,310059;7565,319824;7590,850098;34190800
"797";17,54;17,815;17,38;17,74;3013300;35,02;35,26;34,725;35,03;194500;7607,569824;7655,310059;7577,339844;7652,140137;26912200
"798";17,805;17,96;17,61;17,75;2452500;34,865;35,54;34,755;35,39;138000;7627,720215;7676,819824;7597,609863;7633,740234;21851000
"799";17,85;17,97;17,36;17,7;3834000;35,305;35,5;35,02;35,48;176800;7619,120117;7661,970215;7593,660156;7660,189941;25135400
"800";17,75;18,03;17,505;17,91;2412500;35,64;36,7;35,64;36;426400;7678,47998;7737,410156;7650,290039;7711,890137;24106100
"801";17,885;18,01;17,55;17,62;2455600;35,98;36,24;34,905;35,255;303100;7697,890137;7729,359863;7607,47998;7631,189941;23482900
"802";17,575;17,77;17,45;17,555;2481700;35,09;36,1;34,98;35;288600;7636,259766;7649,5;7588,569824;7593,509766;31446500
"803";17,65;17,685;17,4;17,49;1537900;35,05;35,205;34,84;35,14;130200;7591,080078;7629,779785;7568,160156;7628,72998;18147200
"804";17,445;17,995;17,385;17,96;2361100;35,17;36,235;35,06;35,75;376700;7614,100098;7762,899902;7611,600098;7752,450195;29184200
"805";17,915;18;17,645;17,725;1834500;35,92;36,195;35,28;35,4;227600;7747,209961;7784,640137;7709,47998;7728,899902;26456500
"806";17,59;17,6;17,11;17,155;3198100;35,05;35,06;34,29;34,685;316300;7681,609863;7688,439941;7561,839844;7583,569824;33491400
"807";17,255;17,48;17,185;17,275;2072400;34,945;35,88;34,945;35,215;336400;7619,810059;7681,120117;7607,259766;7661,910156;32936400
"808";17,31;17,845;17,31;17,59;2897000;35,495;36,48;35,34;35,71;370000;7731,799805;7860,569824;7726,399902;7773,189941;42329700
"809";17,15;17,345;16,895;17,12;3469500;35;35,35;34,5;35,015;367500;7682,240234;7683,959961;7589,319824;7597,109863;38841300
"810";17,24;17,32;16,965;17,295;2193300;34,7;37,42;34,52;37,165;776600;7641,839844;7679,439941;7565,779785;7675,830078;27156000
"811";17,36;17,425;17,07;17,275;3390900;37,37;37,59;35,785;36,545;586100;7712,200195;7753,390137;7691,810059;7741,700195;30571400
"812";17,17;17,215;16,615;16,765;3705800;36,65;36,65;35,52;36,025;286100;7735,350098;7767,669922;7627,990234;7708,160156;30626000
"813";16,6;16,67;16,32;16,37;2484700;35,68;35,855;35,31;35,465;230700;7654,669922;7708,879883;7637,319824;7691,680176;21488000
"814";16,8;16,975;16,675;16,89;3760400;35,53;36,42;35,53;36,19;285600;7779,620117;7883,600098;7772,330078;7870,310059;37153700
"815";17,035;17,22;16,945;17,025;1972700;36,135;36,365;35,73;35,805;189500;7907,390137;7977,640137;7898,040039;7919,330078;32329800
"816";17,07;17,235;17,01;17,185;1561700;35,875;36,325;35,65;35,925;205300;7934,189941;7956,259766;7911,560059;7939,77002;29303300
"817";17,22;18,355;17,17;18,285;9433300;36;36,32;35,66;36,17;248200;7970,660156;8015,069824;7962,279785;7986,470215;32136300
"818";18,29;18,45;18,04;18,2;3106500;36,005;36,445;35,79;35,9;206300;7967,459961;7989,209961;7954,580078;7984,290039;20939200
"819";18,135;18,495;18,04;18,39;2597500;35,805;36,525;35,72;35,955;329600;7970,830078;7999,5;7933,939941;7966,120117;24719200
"820";18,325;18,405;17,82;17,975;2314800;35,93;35,945;35,315;35,59;271900;7964,77002;7978,839844;7942,370117;7970,910156;26484000
"821";18,125;18,335;17,97;18,265;2897800;35,6;35,9;35,13;35,57;495700;8013,25;8060,259766;8011,220215;8058,370117;35605000
"822";18,235;18,55;18,2;18,42;5239100;35,445;35,615;34,79;35,29;399600;8074,029785;8074,470215;7996,950195;8042,850098;73586300
"823";18,105;18,405;18,085;18,37;1764200;34,67;35,31;34,6;35,195;192600;7924,040039;8020,910156;7901,939941;8010,700195;30118900
"824";17,725;17,75;16,98;17,365;8717100;34,84;34,945;34,01;34,465;437200;7980,540039;8000,970215;7919,450195;7947,790039;32832900
"825";17,43;17,75;16,765;16,985;6521400;34,475;34,715;33,64;34,07;378500;7995,589844;8030,459961;7972,209961;8001,970215;29283700
"826";16,68;16,89;16,63;16,775;2444300;34,03;34,24;33,37;34,005;299500;7989,589844;7999,339844;7887,669922;7932,509766;40179600
"827";16,745;16,75;16,475;16,54;2440900;33,795;33,85;32,52;32,9;559500;7917,640137;7953,930176;7876,359863;7911,350098;29941000
"828";16,655;16,7;16,115;16,185;2897500;33,1;33,405;32,24;32,36;258800;7988,27002;8030,759766;7847,970215;7870,899902;33109100
"829";16,105;16,39;16,085;16,2;1820700;31,56;32,165;31,215;31,8;672900;7889,149902;7912,52002;7859,27002;7879,669922;26027300
"830";16,33;16,425;15,96;16,14;2448600;31,745;31,8;30,535;31,165;513700;7905,959961;7916,759766;7750,379883;7789,089844;32340200
"831";16,105;16,16;15,82;15,865;2195100;31,16;31,72;31,16;31,315;332000;7791,140137;7842,580078;7778,02002;7795,310059;28716200
"832";15,865;15,865;15,865;15,865;0;31,315;31,315;31,315;31,315;0;7795,310059;7795,310059;7795,310059;7795,310059;0
"833";15,83;15,875;15,41;15,63;3662300;31,195;31,325;30,57;30,935;307600;7806,120117;7949,200195;7805,919922;7943,870117;28501500
"834";15,56;15,575;14,965;15;4872500;30,94;31,07;30,255;30,825;334900;7926,879883;7953,149902;7869,810059;7874,75;25890600
"835";15,05;15,13;14,49;14,5;5556600;30,73;30,96;30,33;30,535;451200;7902,859863;7927,930176;7803,890137;7817,390137;31696200
"836";14,5;14,635;14,12;14,265;4354500;30,29;30,62;29,88;30,325;353500;7820,689941;7825,279785;7632,419922;7658,75;37990600
"837";14,305;14,445;14,11;14,245;2109400;30,41;30,94;30,105;30,265;267200;7669,040039;7698,470215;7645,560059;7662,640137;23183400
"838";14,33;14,56;14,265;14,35;3561100;30,69;31,225;30,69;31,185;420700;7704,350098;7723,200195;7608,040039;7637,509766;30206300
"839";14,43;14,48;14,33;14,41;3837300;31,4;32,315;31,4;31,655;475400;7664,160156;7822,120117;7660,200195;7810,629883;37203900
"840";14,4;14,42;13,535;14,195;7633500;31,685;31,685;30,215;31,045;632600;7799,310059;7885,450195;7786,75;7871,629883;29329700
"841";14,17;14,37;13,81;13,915;3981200;30,99;31,525;30,17;30,45;369100;7831,870117;7838,529785;7726,129883;7744,77002;30660100
"842";13,89;13,91;13,425;13,645;3623900;30,82;30,95;30,11;30,46;578400;7740,540039;7773,109863;7651,580078;7712,629883;28441400
"843";13,515;14,11;13,515;13,86;5090700;30,405;31,035;30,245;30,48;485500;7680,779785;7739,660156;7639,430176;7682,580078;31666500
"844";13,975;13,975;13,37;13,435;5301400;30,595;30,62;29,8;30,04;573200;7719,560059;7722,459961;7473,069824;7503,029785;42609100
"845";13,485;13,495;13,115;13,16;4531800;29,48;29,665;28,53;28,73;1057700;7519,669922;7556,549805;7436,779785;7473,72998;36436500
"846";13,28;13,47;13,2;13,31;4180400;29,35;29,86;29,07;29,235;664800;7490,109863;7531,089844;7418,359863;7459,959961;44887000
"847";13,55;13,825;13,255;13,395;4350200;29,5;29,505;28,73;29,02;328800;7516,060059;7538,220215;7437,52002;7478,109863;28068100
"848";13,4;13,665;13,11;13,64;3688900;28,865;29,655;28,61;29,25;390500;7477,029785;7664,220215;7442,359863;7658,209961;39356500
"849";13,67;14,215;13,645;14,035;3765700;29,52;30,32;29,415;30,115;410800;7656,759766;7767,359863;7656,220215;7759,029785;38930400
"850";14,11;14,355;13,98;14,25;3538300;30,2;30,725;29,63;30,57;464800;7766,609863;7838,310059;7741,97998;7832,859863;31032800
"851";14,295;14,315;13,7;13,765;4559800;30,655;30,685;29,59;30,075;343900;7835,589844;7840,470215;7767,609863;7814,759766;34180000
"852";13,79;13,99;13,665;13,86;2019000;30,145;30,5;29,59;29,875;336800;7834,02002;7873,5;7823,240234;7873,5;27734000
"853";13,985;14,13;13,58;13,735;4996800;30,015;30,19;29,55;29,72;386500;7928,419922;7965,899902;7893,080078;7913,709961;37228600
"854";13,735;13,735;13,735;13,735;0;29,72;29,72;29,72;29,72;0;7913,709961;7913,709961;7913,709961;7913,709961;0
"855";13,6;13,6;13,17;13,385;7457300;29,61;29,975;29,245;29,63;406300;7905,350098;8005,830078;7896,990234;7961,709961;42109000
"856";13,95;14,51;13,89;14,33;9428200;30;31,505;30;31,255;685600;7972,279785;8130,160156;7957,359863;8122,290039;43753800
"857";14,515;14,635;14,39;14,56;3643400;31,25;31,465;31,04;31,21;233300;8119,220215;8148,140137;8103,27002;8112,080078;21149300
"858";14,6;15,03;14,495;14,775;4097700;31,22;32,495;31,205;32,21;482400;8125,819824;8206,009766;8116,669922;8181,779785;31655400
"859";14,86;14,875;14,56;14,7;4867300;32,225;32,785;30,995;31,74;735100;8176,879883;8253,469727;8173,350098;8249,709961;33926400
"860";14,705;15,045;14,68;15,01;2306900;31,375;31,6;30,65;31,065;442300;8232,5;8274,179688;8224,519531;8262,549805;18046100
"861";15,22;15,435;15,025;15,05;4323800;32,15;33,395;32,045;32,315;857300;8278,450195;8358,230469;8252,370117;8278,589844;30872600
"862";15,1;15,21;14,79;14,865;2814500;32,4;32,675;31,825;32,35;478500;8281,950195;8294,55957;8217,150391;8279,290039;25451100
"863";14,855;15,3;14,7;15,105;4692400;32,32;32,475;31,925;32,045;384600;8304,5;8339,110352;8235,969727;8339,110352;32308500
"864";15,61;15,89;14,72;14,85;9259900;31,985;32,105;30,93;31,235;434800;8333,610352;8368,05957;8299,830078;8362,419922;35153400
"865";14,93;15,135;14,73;15,135;4560800;30,93;31,015;30,07;30,77;664200;8348,540039;8401,280273;8324,230469;8369,870117;31195500
"866";15;15,315;14,955;15,03;3874700;30,85;31,195;30,495;31,055;363200;8356,259766;8408,620117;8327,469727;8398;53166600
"867";15,11;15,165;14,92;15,025;1846100;31;31,49;30,545;31,305;287000;8434,969727;8456,240234;8401,740234;8455,830078;22031800
"868";14,995;15,345;14,985;15,245;2890200;31,35;31,955;31,2;31,785;354200;8446,780273;8476,179688;8397,540039;8472,200195;32320800
"869";15,32;15,76;15,185;15,64;3996500;31,945;32,3;31,445;32,05;524000;8467,55957;8557,860352;8434,830078;8530,889648;31644200
"870";15,2;15,3;14,91;15,185;4437600;31,2;31,68;30,76;31,49;490400;8410,05957;8412,25;8281,110352;8351,980469;39979100
"871";15,48;15,48;15,025;15,15;3676000;31,495;31,58;30,46;30,73;610000;8390,160156;8391,019531;8262,639648;8305,320312;34952000
"872";15,22;15,505;15,22;15,45;1423200;30,7;30,97;30,4;30,515;298900;8346,599609;8386,860352;8338,320312;8383,299805;13781500
"873";15,55;15,6;15,43;15,485;2275200;30,54;30,805;30,235;30,59;458000;8432,459961;8526,419922;8424,400391;8480,870117;30803000
"874";15,3;15,51;15,15;15,33;3021200;30,455;30,98;29,98;30,54;443500;8437,209961;8445,459961;8316,700195;8336,580078;30987100
"875";15,275;15,85;15,215;15,82;2732600;30,445;31,11;30,11;30,985;508800;8314,200195;8416,360352;8293,959961;8400,200195;26046700
"876";15,76;15,79;15,455;15,455;2786400;29,88;30,24;29,15;29,36;3368200;8385,379883;8401,629883;8297,030273;8348,839844;37851500
"877";15,35;15,59;15,245;15,41;2703200;29,01;29,33;28,72;28,89;523700;8291,490234;8395,55957;8214,780273;8285,799805;31815900
"878";15,51;15,65;15,28;15,35;1895800;29,24;29,24;28,585;28,76;317200;8358,679688;8384,360352;8274,94043;8295,959961;27207100
"879";15,42;15,97;15,375;15,4;5739000;28,39;28,87;27,875;27,925;528100;8229,230469;8293,280273;8182,080078;8196,179688;28726300
"880";15,445;15,62;15,29;15,29;2688200;27,95;28,3;27,655;27,685;348100;8188,819824;8235,089844;8098,810059;8098,810059;29484400
"881";15,405;15,59;15,08;15,545;3357800;27,855;28,03;27,29;27,95;347600;8124,879883;8279,030273;8034,549805;8254,679688;37496000
"882";15,44;15,58;15,305;15,46;1860600;27,95;27,96;27,445;27,53;319700;8246,040039;8355,790039;8245,94043;8307,69043;25041400
"883";15,355;15,355;14,82;15,07;4033000;27,4;27,45;26,79;27;535200;8256,19043;8260,860352;8141,02002;8222,459961;29636700
"884";15,05;15,175;14,76;14,83;2501800;26,895;27,075;26,33;26,5;537100;8204,910156;8246,080078;8122,720215;8143,27002;28974300
"885";14,5;14,58;14,01;14,475;5495300;26,185;26,75;25,585;26,545;637400;8023,370117;8110,379883;7968,129883;8095,390137;33424200
"886";14,625;15,1;14,6;14,915;3117000;26,95;27,18;26,665;27,025;426900;8157,879883;8188;8111,379883;8127,959961;25072500
"887";15,02;15,26;14,915;15,21;2915800;27,03;27,27;26,675;27,15;409000;8170,75;8265,490234;8167,669922;8215,730469;24649600
"888";15,105;15,295;15,075;15,255;2304600;27,005;27,01;26,545;26,81;461200;8196,44043;8241,599609;8176,189941;8229,509766;22648100
"889";15,315;15,385;14,925;14,93;5649500;26,905;27,07;26,42;26,5;411000;8254,570312;8285,900391;8160,5;8197,080078;25777600
"890";14,73;14,765;14,49;14,55;4698100;26,145;26,49;25,88;26,165;450700;8085,669922;8085,669922;7911,959961;7928,47998;46517600
"891";14,635;14,835;14,49;14,49;5773100;26,25;26,515;25,99;25,99;510000;7946,319824;7987,040039;7789,240234;7789,240234;78534500
"892";14,49;14,525;14,18;14,235;3779200;25,96;25,96;25,385;25,405;500300;7776,879883;7823,839844;7655,830078;7692,450195;41262600
"893";14,37;14,695;14,305;14,59;2720100;25,58;26,105;25,58;25,88;292600;7741,129883;7842,47998;7725,990234;7811,299805;34371300
"894";14,675;14,715;14,21;14,315;4100500;25,895;26,165;25,455;25,54;332300;7810,370117;7960,450195;7800,850098;7940,990234;37109200
"895";14,32;14,73;14,28;14,625;2749000;25,6;25,85;25,365;25,575;348100;7945,919922;8025,810059;7919,589844;7990,75;33190300
"896";14,75;15,225;14,75;15,095;5767900;25,73;25,975;25,16;25,305;290300;8015,529785;8037,680176;7906,140137;7959,220215;33805200
"897";15,2;15,485;15,025;15,31;3245200;25,48;25,485;25,12;25,34;240500;8000,02002;8023,149902;7890,279785;7983,919922;30610300
"898";15,335;15,45;14,945;14,96;2504100;25,425;25,65;25,165;25,285;189400;7988,919922;7988,959961;7873,970215;7910,77002;29054900
"899";14,85;14,85;14,42;14,615;2936400;25,11;25,205;24,625;25,16;454500;7841,180176;7841,870117;7730,370117;7829,319824;34236500
"900";14,775;15,025;14,5;14,955;2754700;25,3;26,04;24,985;25,92;457400;7877,910156;8015,080078;7863,759766;7994,310059;33496000
"901";14,985;15,095;14,425;14,55;5323100;26,09;26,09;24,995;25,09;378100;8010,439941;8031,709961;7805,359863;7806;35643800
"902";14,525;14,57;14,335;14,43;2898800;25,24;25,25;24,76;24,775;318200;7865,919922;8015,209961;7848,140137;7968,540039;31059500
"903";14,53;15,02;14,5;14,87;2727200;25,055;26,1;24,955;25,81;460300;8021,129883;8086,950195;8005,72998;8057,75;26183800
"904";14,86;14,94;14,65;14,89;1861800;25,8;25,95;25,47;25,825;299700;8056,509766;8081,209961;7990,649902;8066,47998;17189200
"905";15,17;15,35;15,045;15,285;3563500;26,29;26,895;26,29;26,75;465500;8163,560059;8176,700195;8130,47998;8158,799805;25814400
"906";15,26;15,485;15,23;15,435;2341700;26,945;26,945;26,335;26,45;230100;8192,910156;8244,129883;8178,200195;8212,769531;29697900
"907";15,45;15,585;15,13;15,36;2023000;26,46;26,655;26,2;26,595;196700;8237,919922;8271,379883;8211,419922;8234,80957;19098600
"908";15,58;15,99;15,55;15,775;5355500;26,675;26,925;26,565;26,815;133900;8251,509766;8252,25;8178,189941;8201,049805;19532600
"909";15,78;16,395;15,76;16,31;4417000;26,87;27,31;26,68;27,15;219200;8216,700195;8269,219727;8137,529785;8254,719727;22926400
"910";16,3;16,96;16,225;16,91;6017100;27,15;27,54;26,99;27,46;231500;8239,379883;8337,200195;8215,660156;8337,089844;27772700
"911";16,9;17,18;16,71;17,02;5442500;27,315;27,77;27,08;27,38;188800;8299,009766;8336,870117;8284,360352;8331,570312;42053500
"912";17,15;17,275;16,91;16,95;2723600;27,48;28,155;27,235;27,905;350800;8343,280273;8374,469727;8310,290039;8331,05957;21149800
"913";16,955;17,21;16,93;17,07;2697400;28,31;28,43;28,11;28,29;420100;8358,620117;8365,980469;8306,599609;8314,230469;21465300
"914";16,99;17,405;16,98;17,265;3645200;28,32;28,9;28,265;28,51;275900;8325,05957;8415,330078;8318,480469;8379,110352;30167600
"915";17,21;17,44;17,06;17,355;3037400;28,36;28,36;27,78;28,23;258600;8349,519531;8356,879883;8265,139648;8298,980469;34637600
"916";16,275;16,975;16,1;16,845;5253900;28,225;28,505;27,945;28,035;186900;8341,780273;8362,040039;8217,259766;8244,910156;26730100
"917";16,84;17,18;16,84;17,065;2155500;28,035;28,495;27,805;28,32;203500;8307,120117;8324,150391;8245,530273;8259,030273;67355500
"918";17,14;17,19;17;17,06;1903300;28,29;28,375;28,02;28,175;191200;8302,139648;8333,950195;8256,400391;8271,019531;135632200
"919";16,05;16,53;15,75;16,35;6073200;28,135;28,36;27,805;28,015;175400;8235,219727;8295,55957;8213,360352;8275,969727;113064500
"920";16,385;16,945;16,36;16,785;4184200;27,865;28,51;27,865;28,51;310000;8320,379883;8411,299805;8316,889648;8410,730469;97990400
"921";16,91;17,165;16,655;17,02;2615000;28,565;28,565;27,965;28,275;188900;8428,580078;8431,669922;8376,280273;8406,94043;73393700
"922";17,04;17,13;16,835;16,935;2114100;28,25;28,81;28,06;28,79;176000;8416,110352;8435,320312;8367,339844;8398,379883;62901100
"923";16,72;16,87;16,485;16,605;3203000;25,75;27,015;25,185;25,27;1521900;8387,929688;8435,490234;8267,980469;8299,730469;37330200
"924";16,5;16,58;16,225;16,345;2899800;25,1;25,225;24,535;25,205;487400;8265,330078;8281,519531;8228,110352;8260,480469;25323000
"925";16,37;16,755;16,35;16,705;1974000;25,24;26,505;25,22;26,43;435800;8256,400391;8341,44043;8252,459961;8318,320312;31088700
"926";16,765;17,12;16,755;16,98;2659300;26,62;28,375;26,5;28,26;685900;8332,530273;8374,589844;8286,410156;8338,30957;0
"927";16,7;17,17;16,55;17,105;3862400;28,32;28,755;27,885;28,655;332200;8341,959961;8371,160156;8238,860352;8359,25;0
"928";17;17,02;16,76;16,84;5019200;28,665;29,255;28,665;29,1;375300;8395,820312;8444,519531;8383,230469;8415,759766;0
"929";16,87;16,99;15,935;16,625;7285700;28,955;30,175;28,885;30,035;413900;8424,879883;8457,049805;8400,75;8438,120117;0
"930";16,25;16,505;16,125;16,465;3196500;30,155;30,155;28,65;29,045;389700;8418,94043;8422,030273;8307,980469;8376,290039;21789500
"931";16,405;16,695;16,325;16,665;3209600;28,995;29,98;28,995;29,93;403000;8348,419922;8402,299805;8330,330078;8391,94043;0
"932";16,5;16,635;16,025;16,145;3873300;29,93;30,135;29,2;29,455;376200;8395,019531;8395,410156;8329;8366,290039;0
"933";16;16;15,65;15,88;3302600;28,27;28,9;27,92;28,335;494200;8294,870117;8319,820312;8246,19043;8300,030273;0
"934";15,81;15,9;15,61;15,635;2130100;28,335;28,495;27,87;28,385;170700;8301,05957;8310,679688;8268,419922;8285,410156;0
"935";15,595;16,33;15,575;16,205;3556300;28,295;29,65;28,295;29,47;299500;8289,299805;8425,259766;8283,769531;8397,889648;0
"936";16,21;16,435;16,165;16,3;2051600;29,365;30,04;29,365;29,9;298500;8398,280273;8438,44043;8360,230469;8416,990234;0
"937";16,3;16,375;16,175;16,33;958500;29,55;29,77;29,35;29,63;126000;8424,070312;8437,75;8386,049805;8435,150391;42823800
"938";16;16;15,735;15,82;3236400;29,435;29,515;28,885;29,07;255600;8378,929688;8423,780273;8242,55957;8242,55957;106541800
"939";15,71;15,985;15,63;15,88;3328400;28,77;29,17;28,445;29,145;199900;8202,860352;8219,259766;8094,220215;8157,899902;97795400
"940";15,98;16,125;15,905;16,01;2488500;29,2;29,325;28,835;29,11;158500;8189,02002;8199,290039;8129,990234;8194,549805;69818500
"941";15,92;16,005;15,815;15,905;2491900;29,165;29,205;28,685;28,75;175200;8197,719727;8201,490234;8101,950195;8103,149902;86451200
"942";16,08;16,33;16,06;16,265;1556300;29,085;29,44;29,005;29,295;173100;8224,339844;8268,730469;8211,030273;8243,870117;0
"943";16,04;16,16;15,84;15,985;3712400;29,4;29,895;29,33;29,65;194300;8259,370117;8264,719727;8142,859863;8180,709961;88279900
"944";15,98;16,06;15,6;15,75;3310500;29,61;30,15;29,555;29,96;259300;8201,55957;8206,870117;8095,910156;8195,919922;84770200
"945";15,785;15,855;15,405;15,855;4062900;29,995;30,515;29,915;30,38;252300;8205,55957;8257,730469;8165,359863;8234,980469;96648700
"946";15,805;15,985;15,645;15,865;2521800;30,15;31,31;30,125;31,02;289900;8222,209961;8295,80957;8174,319824;8275,669922;124854400
"947";15,8;15,985;15,725;15,815;2127200;30,85;31,415;30,845;31,275;215300;8275,009766;8310,370117;8246,769531;8276,320312;76364800
"948";15,955;16,455;15,955;16,39;2832800;31,515;32,62;31,515;32,35;471100;8357,69043;8464,25;8350,419922;8446,540039;125305100
"949";16,39;16,49;16,275;16,38;2142600;32,315;32,86;32,315;32,595;227300;8453,320312;8502,790039;8446,69043;8495,730469;106146000
"950";16,34;16,5;16,185;16,425;1763400;32,565;32,72;31,455;31,955;275600;8509,490234;8516,980469;8466,610352;8494;102393900
"951";16,38;16,98;16,225;16,865;3394900;31,785;31,785;30,735;31,42;316600;8461,30957;8518,179688;8456,839844;8509,419922;76220300
"952";16,795;16,97;16,605;16,765;2415400;31,92;32,18;31,65;31,69;237300;8599,650391;8626,110352;8578,009766;8613;87859100
"953";16,765;17,235;16,665;16,89;3324900;31,9;31,95;31,345;31,635;263900;8595,55957;8613,889648;8585,040039;8596,950195;81358600
"954";16,975;17,555;16,925;17,205;4977400;31,55;31,99;31,37;31,79;175000;8617,450195;8645,900391;8594,650391;8636,05957;75769400
"955";17,5;17,58;17,16;17,415;3644300;32,4;32,87;32,085;32,18;302100;8735,110352;8770,099609;8665,75;8694,179688;120861700
"956";17,43;17,525;17,31;17,49;5374300;32;32,05;31,23;31,23;595600;8693,320312;8713,780273;8666,490234;8675,730469;249585100
"957";17,53;17,57;16,955;17,165;5198700;31,21;31,575;30,945;31,37;167800;8682,94043;8699,469727;8605,589844;8635,290039;89113400
"958";17,145;17,57;16,95;17,5;3472600;31,31;31,765;31,15;31,56;110900;8645,240234;8672,080078;8633,209961;8664,599609;79114700
"959";18,05;18,495;17,98;18,155;6773800;31,34;31,7;30,925;31,23;179400;8655,040039;8681,990234;8609,950195;8665,629883;108140300
"960";18,16;18,29;17,82;17,91;2569600;31,065;31,575;30,865;31,385;209300;8678,820312;8688,490234;8628,610352;8664,099609;88920700
"961";17,78;17,98;17,545;17,59;2513700;31,365;31,595;30,64;30,9;168600;8672,820312;8691,480469;8611,450195;8661,509766;68197300
"962";17,45;17,705;17,29;17,68;2536700;30,5;30,715;29,81;30,715;262200;8562,849609;8606,709961;8546,719727;8594,400391;78813900
"963";17,845;18,075;17,765;18,005;2892700;30,63;30,905;30,11;30,385;222800;8618,589844;8691,849609;8612,230469;8689,139648;83404500
"964";17,915;18,1;17,8;18,095;2223900;30,24;31,01;30,19;30,91;180100;8650,709961;8672,259766;8581,019531;8629,419922;76858500
"965";18,15;18,235;18,005;18,15;1285900;30,845;31,36;30,845;31,09;114000;8647,860352;8654,790039;8590,459961;8597,910156;49874400
"966";18,09;18,15;17,88;18,15;1277600;30,225;30,55;29,95;30,42;233700;8590,910156;8639,740234;8570,209961;8622,969727;85007100
"967";18,035;18,37;17,895;18,37;2141100;30,105;30,28;29,46;30,28;249400;8557,040039;8604,860352;8510,419922;8591,580078;87359700
"968";18,3;18,49;18,15;18,42;1629800;30,365;31,185;30,28;31,06;232500;8591,019531;8610,009766;8551,69043;8555,889648;77435600
"969";18,41;18,41;18,095;18,21;2091300;31,03;31,45;30,71;30,955;132900;8541,080078;8589,639648;8489,620117;8516,69043;78206800
"970";18,255;18,545;18,2;18,445;2392200;31,025;31,93;30,895;31,615;194400;8563,389648;8694,169922;8547,719727;8685,769531;105327700
"971";18,5;18,55;18,315;18,38;1679200;31,65;31,69;31,195;31,375;139600;8705,030273;8729,330078;8695,759766;8724,830078;92376100
"972";18,32;18,6;18,245;18,52;1954600;31,74;32,655;31,6;32,07;219700;8688,450195;8727,580078;8675,950195;8723,80957;64137200
"973";18,6;18,95;18,58;18,885;3061500;32,415;33,435;32,415;33,3;289000;8757,129883;8820,980469;8757,089844;8804,44043;93813600
"974";18,795;19,07;18,79;18,995;2221100;33,2;33,49;32,905;33,4;165500;8792,990234;8861,280273;8781;8846;92338900
"975";18,885;19,095;18,805;18,975;3420600;33,4;33,4;32,99;33,295;140400;8817,110352;8829,790039;8765,469727;8811,980469;95192800
"976";19,055;19,055;18,895;18,945;4383800;33,31;33,8;33,225;33,51;137800;8849,769531;8865,099609;8804,80957;8865,099609;166471900
"977";18,83;19,27;18,73;19,215;2272700;33,515;34,03;33,275;33,815;157700;8828,469727;8876,139648;8827,230469;8867,219727;74873400
"978";18,745;19,3;18,625;19,165;2287500;32,96;33,4;32,63;33,16;293000;8853,870117;8987,629883;8849,160156;8947,459961;100450700
"979";19,035;19,135;18,925;18,975;1810400;32,85;33,1;32,405;32,89;199200;8906,910156;8932,910156;8897,5;8919,860352;79944200
"980";19,07;19,43;19,07;19,365;1950200;32,92;33,47;32,78;32,905;132800;8968,5;8987,040039;8950,80957;8980,629883;76689900
"981";19,195;19,28;18,935;19;1983100;33,015;33,105;32,56;32,705;84800;8952,780273;9010,650391;8944,139648;8985,740234;71222700
"982";18,85;18,955;18,26;18,31;3281100;32,82;32,885;32,28;32,42;137000;9013,049805;9017,950195;8950,209961;8978,650391;61426900
"983";18,3;18,485;18,245;18,45;2129800;32,325;32,94;32,25;32,41;106500;8965,75;9022,209961;8965,75;9022,040039;76418300
"984";18,595;19;18,55;18,925;2281000;32,6;32,79;32,36;32,68;127500;9030,30957;9070,169922;8996,25;9010,269531;69972000
"985";18,85;19,035;18,745;18,825;2275800;32,52;32,77;32,285;32,475;124900;8985,480469;9037,410156;8976,370117;9033,919922;82807700
"986";18,83;19,025;18,74;18,86;1474500;32,345;32,59;32,12;32,3;78300;9032,290039;9048,099609;8992,900391;9007,830078;54233900
"987";18,92;19,21;18,84;19,135;1417300;32,16;33,26;32,16;33;135500;9035,910156;9053,929688;9019,30957;9037,230469;60965300
"988";19,22;19,395;18,925;19;2387200;33,225;33,745;32,535;32,725;254700;9036,179688;9041,969727;8962,419922;9009,110352;87089500
"989";19;19,19;18,97;19,06;1288400;32,97;33,33;32,635;33,15;180400;9030,469727;9065,959961;9021,839844;9040,870117;68900500
"990";19,105;19,36;19,04;19,095;2770100;33,045;34,28;33,045;33,51;252700;9038,469727;9193,980469;9026,089844;9081,030273;143223900
"991";19;19,235;18,91;19,22;1919500;33,26;33,67;33,005;33,63;108600;9036,589844;9079,049805;8986,490234;9078,280273;86783000
"992";19,2;19,49;19,11;19,33;1236000;33,67;34,085;33,5;33,6;91400;9081,580078;9124,240234;9064,610352;9107,860352;66640400
"993";19,36;19,415;19,22;19,3;1295300;33,6;33,83;33,335;33,395;111300;9102,990234;9124,240234;9073,929688;9076,480469;96960600
"994";19,22;19,28;18,805;19,19;1904000;33,555;33,555;32,375;32,49;255500;9056,709961;9074,55957;8981,089844;9054,830078;92469400
"995";19,29;19,45;19,255;19,315;1787700;32,11;32,66;31,66;32,015;211700;9137,480469;9151,349609;9101,290039;9149,660156;108722300
"996";19,33;19,5;19,265;19,305;2005200;31,82;31,975;31,405;31,825;198600;9157,599609;9188,469727;9133,509766;9168,69043;96783900
"997";19,195;19,46;19,18;19,41;1300900;31,625;32,55;31,625;32,285;223700;9154,230469;9253,679688;9140,509766;9225,429688;88832800
"998";19,305;19,41;19,225;19,4;1537800;32,3;32,84;32,075;32,27;138700;9197,469727;9217,360352;9179,25;9193,290039;77178300
"999";19,6;19,6;18,77;19,085;5777000;32,22;32,675;32,22;32,33;145500;9175,639648;9236,780273;9162,839844;9202,070312;68359100
"1000";18,71;18,8;18,525;18,72;3344600;31,7;31,915;30,765;31,105;369000;9127,889648;9210,669922;9117,089844;9196,080078;78794900
"1001";18,68;18,805;18,53;18,775;1797500;31,115;31,62;31,095;31,4;178900;9210,69043;9230,160156;9168,919922;9219,040039;72242000
"1002";18,85;18,95;18,735;18,895;1798100;31,4;31,575;31,145;31,22;105900;9258,219727;9323,44043;9252,730469;9299,950195;69939100
"1003";18,89;18,97;18,78;18,85;2020200;31,175;31,19;30,875;30,98;165100;9297,650391;9316,620117;9287,299805;9290,070312;85105700
"1004";18,88;19,195;18,815;19,145;1868100;30,89;31,16;30,62;30,915;123700;9308,959961;9363,480469;9295,55957;9351,129883;59073000
"1005";19,24;19,49;19,105;19,41;2032200;30,82;31,865;30,82;31,68;146000;9359,5;9399,629883;9358,769531;9387,370117;54326200
"1006";19,35;19,595;19,175;19,265;3383600;31,5;32,28;31,5;31,995;132000;9378,549805;9424,620117;9376,580078;9405,299805;65826300
"1007";18,1;18,28;17,43;17,635;12190600;31,9;32,175;31,595;31,75;122100;9412,950195;9424,830078;9384,120117;9401,959961;74603100
"1008";17,305;17,615;17,06;17,255;16260000;31,63;31,745;30,825;30,9;264100;9398,19043;9404,169922;9223,129883;9223,400391;116913000
"1009";17,295;17,305;16,725;17,165;7555500;30,85;31,085;30,28;30,46;180500;9246,889648;9253,129883;9069,820312;9140,629883;94986600
"1010";17,12;17,395;17,03;17,205;5206600;30,255;30,915;30,015;30,18;184700;9110,530273;9172,160156;9078;9084,950195;77772300
"1011";17,26;17,62;17,145;17,47;5724800;30,13;30,26;29,445;30,06;311000;9126,150391;9195,75;9084,120117;9172,410156;81326800
"1012";17,565;17,6;17,245;17,29;2814500;30;30;29,5;29,755;200300;9218,80957;9225,530273;9171,360352;9195,169922;62711300
"1013";17,23;17,385;17,16;17,2;3070900;29,6;30,25;29,535;29,675;163700;9180,290039;9223,730469;9091,969727;9114,44043;74363400
"1014";17,175;17,275;16,88;16,93;2677600;29,565;29,95;29,13;29,36;189000;9093,259766;9153,139648;9065,509766;9077,110352;64845800
"1015";16,86;17,035;16,575;16,635;3915700;29,145;29,54;28,2;28,655;344600;9032,669922;9060,540039;8984,280273;9017;75120200
"1016";16,695;16,85;16,62;16,85;5323400;28,5;28,935;28,12;28,805;318600;9016,780273;9046,629883;8990,580078;9006,459961;67761700
"1017";16,85;17,19;16,69;16,99;2871000;28,755;28,985;28,02;28,8;248400;9004,620117;9187,780273;8997,75;9163,55957;99105600
"1018";17,035;17,075;16,765;16,765;1755800;28,625;28,875;28,5;28,615;188600;9142,75;9161,799805;9085,120117;9085,120117;72207500
"1019";16,9;17,125;16,78;17,065;2728300;28,65;29,105;28,5;28,885;303300;9145,349609;9190,730469;9122,049805;9181,75;82342700
"1020";17,285;17,395;16,97;17,09;2956700;29,2;29,57;28,885;29,195;264000;9279,679688;9351,900391;9257,240234;9335,740234;98276500
"1021";17,27;17,27;17,06;17,2;4548200;29,315;30;29,005;29,635;322400;9371,080078;9413,089844;9352,980469;9400,179688;161686900
"1022";17,195;17,265;17,075;17,175;1631400;29,81;30,02;29,635;29,71;172600;9436,490234;9488,820312;9427,540039;9488,820312;48372600
"1023";17,29;17,475;17,19;17,415;1647600;29,7;30,61;29,7;30,58;138800;9558,549805;9589,389648;9548,889648;9589,389648;51388200
"1024";17,42;17,745;17,42;17,69;2137500;30,51;31,075;30,51;31;106100;9586,530273;9594,349609;9552,160156;9552,160156;35981600
"1025";17,75;17,75;17,1;17,1;3105200;31,035;31,23;30,455;30,48;202700;9598,25;9620,929688;9394,209961;9400,040039;90956900
"1026";17,025;17,465;17,025;17,385;1957700;30,585;31,15;30,225;31,035;163100;9409,660156;9453,480469;9367,990234;9435,150391;58772900
"1027";17,35;17,625;17,26;17,5;2496900;31,035;31,12;30,465;30,57;120700;9419,44043;9468,799805;9399,80957;9428;53653700
"1028";17,555;17,78;17,43;17,71;2628700;30,61;31,265;30,18;30,7;176500;9446,25;9518,719727;9416,860352;9506,200195;79946800
"1029";17,8;17,865;17,68;17,79;2173600;29,67;30,09;29,355;29,835;491200;9512,790039;9516,259766;9467,950195;9497,839844;90140400
"1030";17,795;17,86;17,565;17,61;2101800;29,725;30,19;29,425;29,665;185000;9492,240234;9549,5;9402,799805;9421,610352;98917000
"1031";17,615;17,855;17,55;17,605;1995600;29,625;30,145;29,49;29,825;158400;9473,870117;9529,700195;9441,25;9473,240234;96130400
"1032";17,75;18,28;17,695;18,21;4298500;30,015;30,52;29,85;30,38;202200;9497,919922;9519,299805;9457,30957;9510,169922;85787700
"1033";18,02;18,35;17,89;18,345;3201300;30,005;30,38;29,82;30,38;92100;9391,459961;9540,509766;9381,94043;9540,509766;104777800
"1034";18,485;18,68;18,4;18,53;2748500;31,415;31,78;30,82;31,495;479900;9590,570312;9747,400391;9582,099609;9733,80957;120099000
"1035";18,55;18,85;18,55;18,7;2219500;31,695;32,29;31,59;31,77;296000;9742,209961;9747,370117;9702,969727;9717,709961;87811900
"1036";18,78;19,555;18,78;19,155;5874200;31,85;32,42;31,795;32,06;243200;9718,200195;9789,889648;9709,139648;9742,959961;131098100
"1037";19;19,095;18,9;18,9;1937500;32;32,33;31,63;31,92;226600;9713,200195;9733,400391;9672,320312;9715,900391;78126100
"1038";18,95;19,03;18,625;18,74;2480700;31,92;32,105;31,13;31,5;312400;9751,980469;9794,049805;9714,019531;9730,120117;80839600
"1039";18,82;19,305;18,815;19,025;2454300;32;32,4;31,225;31,55;249400;9752,110352;9765,629883;9677,139648;9720,110352;84234100
"1040";18,94;19,24;18,845;18,975;2536100;31,39;32,85;31,36;32,26;499500;9690,509766;9728,780273;9596,490234;9631,040039;98660400
"1041";19;19,055;18,49;18,56;3424600;32,4;32,43;31,475;31,5;366500;9646,650391;9664,240234;9374,080078;9392,019531;125916200
"1042";18,62;18,925;18,305;18,77;3501300;31,475;32,39;31,305;31,305;442700;9389,169922;9402,719727;9310,990234;9349,219727;112554100
"1043";18,9;19,09;18,765;19,07;2474000;31,49;32,14;31,49;31,87;218500;9405,530273;9427,589844;9345,759766;9406,910156;99322000
"1044";19,275;19,45;18,755;19,155;3354900;32,5;32,695;31,73;32,58;515600;9507,349609;9537,629883;9221,299805;9336,730469;126384200
"1045";19,15;19,2;18,745;18,935;2146400;32,615;33,14;32,28;32,4;414100;9343,509766;9415,480469;9266,950195;9373,480469;97748700
"1046";19,035;19,095;18,66;19,095;2661600;32,45;32,94;32;32,85;278600;9339,839844;9346,790039;9166,049805;9306,480469;126856500
"1047";19,085;19,465;19;19,175;2901500;32,805;32,89;31,53;31,715;305100;9318,769531;9357,580078;9173,55957;9186,519531;105545400
"1048";18,8;18,99;18,71;18,9;3637200;31,535;31,735;30,97;31,47;402600;9126,459961;9166,980469;9071,25;9127,910156;114598200
"1049";18,74;18,8;18,38;18,425;3722600;31,395;31,445;31,07;31,4;342400;9105,280273;9154,719727;9080,870117;9116,320312;95608700
"1050";18,47;18,78;18,355;18,78;3437500;31,495;31,945;31,26;31,61;255700;9166,459961;9274,459961;9128,969727;9256,580078;122685200
"1051";19,01;19,345;18,765;19,245;4521700;32,155;32,37;31,74;32,155;378100;9275,379883;9323,240234;9223,209961;9301,919922;89003400
"1052";19,29;19,48;19,19;19,3;1921500;32,47;32,47;31,52;31,695;338200;9331,709961;9346,129883;9280,179688;9289,860352;59599900
"1053";19,385;19,45;18,875;19,06;2839200;32,15;32,355;31,655;31,975;213100;9338,799805;9478,769531;9338,009766;9478,769531;76248400
"1054";19,17;19,76;19,17;19,74;3852400;32,25;32,25;31,46;31,865;340400;9505,120117;9594,849609;9501,959961;9540;85292300
"1055";19,73;19,79;19,255;19,7;3080200;31,795;31,94;31,055;31,755;286600;9522,660156;9600,639648;9479,860352;9596,769531;93209100
"1056";20,24;20,72;20,02;20,455;5980100;31,925;31,98;31,62;31,89;218500;9615,519531;9677,530273;9593,370117;9662,400391;91504800
"1057";20,105;20,275;19,95;20,09;3297000;31,88;32,315;31,62;32,12;160300;9661,799805;9682,19043;9645,509766;9656,759766;45850100
"1058";20,175;20,25;20,015;20,11;1989900;32,28;32,42;31,84;32,295;266700;9674,799805;9690,969727;9614,400391;9659,780273;58827300
"1059";20,12;20,39;20,075;20,38;2517900;32,17;32,32;31,53;31,965;269600;9641,450195;9695,860352;9596,419922;9660,049805;72892900
"1060";20,05;20,105;19,785;19,84;4697700;31,715;31,82;31,06;31,59;358100;9524,580078;9618,849609;9504,179688;9618,849609;88676900
"1061";19,975;20,085;19,775;20,085;2737700;31,52;31,52;30,84;31,155;264600;9665,080078;9666,150391;9598,030273;9656,950195;78587700
"1062";20,085;20,165;19,97;20,15;2028500;31,03;31,245;30,84;31,11;171100;9619,639648;9708,94043;9602,950195;9708,94043;67953500
"1063";20,17;20,265;19,91;20,01;2233700;30,94;30,965;30,095;30,55;343800;9676,55957;9710,950195;9628,719727;9699,349609;90676100
"1064";20,06;20,155;19,69;19,825;2058600;30,54;30,7;29,87;30,19;273400;9708,5;9720,660156;9612,519531;9661,730469;87277200
"1065";19,935;20,105;19,505;19,725;2817600;30,395;31,19;30,3;31,08;480900;9660,549805;9672,820312;9497,780273;9588,330078;86422200
"1066";19,785;19,84;19,555;19,76;2113000;30,94;31,15;30,39;30,625;319300;9592,900391;9692,080078;9566,040039;9692,080078;83200800
"1067";19,21;19,255;18,895;18,97;3318500;30,04;30,04;29,03;29,21;567600;9553,080078;9554,169922;9358,730469;9358,889648;118040200
"1068";19,265;19,59;19,125;19,535;3065000;29,38;29,915;29,12;29,4;221400;9453,769531;9590,110352;9421,160156;9589,150391;95630200
"1069";19,51;19,76;19,505;19,685;1951600;30,44;30,6;30,105;30,105;437300;9562,389648;9599;9534,429688;9542,019531;73341700
"1070";19,83;19,945;19,665;19,825;1650500;30,28;30,28;29,54;29,8;317300;9577,349609;9587,44043;9505,320312;9542,870117;103682600
"1071";19,79;19,805;19,415;19,575;2550600;29,655;29,655;28,93;29,11;289800;9538,450195;9543,240234;9346,820312;9350,75;103246700
"1072";19,415;19,47;18,79;18,98;3617900;28,92;28,985;28,165;28,37;538400;9305,509766;9382,980469;9216,070312;9265,5;84875400
"1073";19,01;19,245;18,78;18,995;1808200;28,285;28,665;28,15;28,37;229800;9295,320312;9375,290039;9259,179688;9307,790039;72300800
"1074";18,86;18,875;18,205;18,48;3644800;28,115;28,28;27,445;27,895;457100;9257,129883;9267,099609;9142,540039;9188,69043;107430600
"1075";18,565;18,59;17,97;17,995;3117500;28,025;28,145;27,64;27,645;232100;9200,120117;9226,959961;9017,349609;9017,790039;113773100
"1076";17,815;18,125;17,655;17,995;2767800;27,55;27,55;26,98;27,29;343600;8939,179688;9094,240234;8913,269531;9056,410156;141175500
"1077";18,03;18,25;17,9;18,13;2228900;27,415;27,65;27,255;27,455;168800;9047,490234;9197,80957;9047,490234;9180,889648;86964500
"1078";18,105;18,465;17,925;18,415;2569200;27,425;28,445;27,265;28,175;339400;9172,049805;9315,070312;9105,69043;9242,549805;99301200
"1079";18,405;18,53;18,155;18,28;2198100;28,29;28,625;28,02;28,22;231300;9262,709961;9325,929688;9221,589844;9277,049805;89476800
"1080";18,11;18,675;18,055;18,675;2720900;27,955;28,28;27,65;28,185;310200;9215,700195;9296,900391;9156,629883;9296,120117;96945700
"1081";18,745;18,96;18,665;18,935;6865800;28,015;28,955;28,015;28,445;985100;9300,660156;9376,94043;9288,150391;9342,94043;198583500
"1082";18,995;19,055;18,545;18,57;2472900;28,12;28,345;27,245;27,365;305000;9349,519531;9358,950195;9181,370117;9188,769531;86790900
"1083";18,575;18,73;18,34;18,415;2614800;27,515;27,805;27,405;27,72;131600;9223,919922;9372,070312;9223,900391;9338,400391;82230600
"1084";18,46;19,03;18,46;18,9;2113900;27,945;28,515;27,94;28,445;201200;9367,530273;9488,740234;9360,299805;9448,580078;75841600
"1085";18,84;18,95;18,565;18,95;1990600;27,85;28,22;27,12;28,1;357500;9428,910156;9469,389648;9397,980469;9451,209961;66826100
"1086";18,99;19,515;18,99;19,38;2250800;28,35;28,435;28,16;28,215;174200;9487,120117;9587,19043;9484,900391;9587,19043;70498400
"1087";19,42;19,55;19,325;19,465;1658000;28,425;28,89;28,215;28,69;242500;9621,919922;9634,820312;9543,089844;9555,910156;68772900
"1088";19,65;19,93;19,545;19,91;2121400;28,88;28,93;28,61;28,81;233100;9601,959961;9631,05957;9574,629883;9603,709961;72835100
"1089";19,8;19,85;19,515;19,8;2240300;29,45;30,15;29,15;29,2;641800;9628,759766;9645,599609;9608,459961;9623,360352;73976000
"1090";19,825;20,075;19,775;19,835;2119800;29,115;29,77;28,77;29,595;292700;9620,870117;9689,519531;9591,889648;9628,820312;76385800
"1091";19,82;20,23;19,815;20,115;1951900;29,51;30,295;29,51;30,065;256500;9641,959961;9721,5;9627,740234;9695,769531;75314000
"1092";19,875;20,16;19,675;19,71;2065900;29,785;29,86;29,315;29,385;162700;9585,519531;9608,200195;9496,669922;9510,849609;78800000
"1093";19,695;20,005;19,505;19,955;2447700;29,595;30,19;29,225;30,12;432500;9525,070312;9525,94043;9391,860352;9490,790039;86190900
"1094";20;20,415;19,98;20,255;2673000;30,2;31,64;30,135;30,675;544600;9506,75;9542,30957;9480,959961;9506,349609;69917100
"1095";20,375;20,44;19,92;20,03;2039600;30,9;31,1;30,255;30,435;200900;9556,700195;9581,480469;9440,990234;9454,540039;77873700
"1096";19,86;20,03;19,49;19,68;2672000;31,29;31,335;30,715;30,81;487600;9351,200195;9390,44043;9259,429688;9315,290039;100489700
"1097";19,445;19,78;19,385;19,735;2307300;30,685;31,085;30,2;31;318000;9248,860352;9339,169922;9214,179688;9339,169922;90916500
"1098";19,685;19,795;19,26;19,275;2571700;30,95;31,015;30,155;30,22;313700;9324,839844;9344,849609;9166,530273;9173,709961;88156800
"1099";19,445;19,66;19,405;19,62;1944700;30,18;30,62;29,845;30,5;259600;9252,299805;9318,969727;9221,480469;9317,820312;78803200
"1100";19,64;19,885;19,495;19,875;2158900;30,68;30,68;30,255;30,52;181600;9311,030273;9417,820312;9277,360352;9409,709961;86295200
"1101";19,935;20,435;19,865;20,405;2194700;30,565;31,44;30,565;31,235;150500;9455,519531;9602,570312;9439,660156;9600,089844;70194100
"1102";20,385;20,56;20,33;20,4;1710900;31,11;31,45;30,835;31,015;105100;9602,120117;9607,839844;9539,620117;9544,19043;61216900
"1103";20,53;21,02;20,29;20,465;3367900;31,195;31,6;30,665;30,86;189400;9597,070312;9645,05957;9410,330078;9548,679688;87813900
"1104";20,25;20,365;19,96;20,015;2160100;30,595;30,79;30,31;30,53;174400;9474,790039;9501,910156;9367,419922;9401,549805;79230200
"1105";20,04;20,22;19,88;20,11;1563100;30,695;31,165;30,49;30,575;136300;9454,839844;9496,839844;9407,650391;9446,360352;67539100
"1106";20,245;20,35;20,035;20,305;1581300;30,67;30,93;30,47;30,735;142500;9521,650391;9596,419922;9480,570312;9584,120117;91467900
"1107";20,25;20,56;20,19;20,52;1975900;30,715;30,795;30,49;30,535;114100;9576,929688;9618,980469;9561,05957;9603,230469;90290900
"1108";20,49;20,58;20,355;20,525;1874200;30,5;30,725;30,35;30,59;82500;9611,790039;9627,379883;9533,299805;9556,019531;88062300
"1109";20,425;20,6;20,175;20,515;1274600;30,4;30,695;30,12;30,375;134800;9536,379883;9548,169922;9407,089844;9529,5;61911600
"1110";20,58;20,72;20,39;20,58;1665300;30,66;30,66;30,17;30,3;107300;9570,25;9571,629883;9440,469727;9467,530273;82062900
"1111";20,46;20,65;20,29;20,575;2041400;30,1;30,55;30,05;30,495;120200;9418,5;9554,349609;9410,080078;9521,299805;92732600
"1112";20,69;20,885;20,56;20,685;2914600;30,645;31,33;30,645;31,23;288300;9547,269531;9622,299805;9487,570312;9607,400391;102022500
"1113";20,62;20,68;20,525;20,615;1902000;31,6;32,995;31,54;32,685;842800;9591,320312;9602,860352;9558,110352;9581,450195;80084100
"1114";20,735;21,27;20,645;21,27;2725700;32,915;33,525;32,605;33,055;327000;9608,929688;9710,339844;9587,139648;9702,459961;87508500
"1115";22,12;22,645;22,025;22,135;8032600;33,435;33,81;32,94;32,955;240800;9751,049805;9783,719727;9732,339844;9754,429688;96844100
"1116";22,31;22,8;21,965;22,385;4499500;33,01;33,3;32,74;33,17;211300;9765,620117;9772,089844;9733,209961;9754,389648;76079000
"1117";22,28;22,665;21,96;22;4366200;33,15;33,585;31,44;31,49;365200;9741,25;9810,290039;9631,570312;9656,049805;133897400
"1118";21,99;22,255;21,685;22,255;3412900;31,51;32,22;31,5;31,99;220900;9646,55957;9670,900391;9577,900391;9629,099609;113085400
"1119";22,31;22,535;21,98;22,16;2088200;32,9;33,35;32,145;32,175;473500;9607,320312;9676,519531;9534,55957;9659,389648;97857300
"1120";22,15;22,21;21,77;21,79;2188200;32,055;32,165;31,28;31,325;237600;9644,799805;9685,55957;9613,910156;9639,080078;67588400
"1121";21,655;21,875;21,545;21,79;1812700;31,25;31,465;31,025;31,225;173300;9615,860352;9709,910156;9583,55957;9697,870117;86239200
"1122";21,855;22,02;21,785;21,935;1206000;32;32,18;31,18;31,38;210800;9731,450195;9734,139648;9689,129883;9720,910156;63696000
"1123";21,91;22,195;21,865;22,14;1324300;31,47;31,48;30,835;31,31;211600;9722,629883;9779,589844;9704,75;9768,009766;65280800
"1124";22,255;22,625;22,21;22,57;1474300;31,44;31,65;31,175;31,615;80300;9826,910156;9893,80957;9821,679688;9892,820312;53846400
"1125";22,565;22,745;22,38;22,5;1495800;31,64;31,94;31,515;31,88;188400;9893,330078;9951,900391;9879,639648;9940,820312;79797700
"1126";22,525;22,66;22,235;22,35;1271200;31,94;32,34;31,58;31,79;139900;9950,740234;9957,870117;9898,259766;9939,169922;72748500
"1127";22,305;22,485;22,1;22,325;979800;31,7;31,8;31,455;31,665;73100;9937,660156;9956,240234;9917,969727;9938,900391;65743400
"1128";22,275;22,295;21,955;22,03;1786400;31,655;31,68;31,315;31,355;134300;9926,730469;9970,769531;9924,629883;9943,269531;103680100
"1129";22,18;22,315;21,81;21,98;1541500;31,44;31,52;30,98;31,28;166100;9986,860352;9992,330078;9907,769531;9950,120117;57920300
"1130";21,98;22;21,62;21,67;1499900;31,225;31,485;30,37;30,72;270000;9949,959961;9954,780273;9887,009766;9919,740234;71968600
"1131";21,7;21,88;21,505;21,615;2112900;30,66;30,905;30,05;30,595;256500;9903,820312;9928,959961;9866,969727;9926,669922;66442200
"1132";21,765;22,085;21,695;21,89;2521800;30,51;31,135;30,32;30,71;189900;9929,410156;10013,69043;9896,089844;9947,830078;129942500
"1133";21,93;21,985;21,58;21,695;1478200;30,795;31,065;30,495;31;168300;9954,009766;10000,919922;9941,650391;9987,19043;92994900
"1134";21,845;22,215;21,83;22,12;1819600;31,04;31,325;30,95;31,265;104200;9994,400391;10009,599609;9985,870117;10008,629883;43200400
"1135";22;22,04;21,6;21,68;1982100;31,19;31,56;31,065;31,18;195400;9998,509766;10033,740234;9987,69043;10028,799805;64853100
"1136";21,68;21,775;21,46;21,535;1574800;30,92;31,23;30,855;31,02;230900;10022,990234;10024,839844;9921,259766;9949,80957;96286500
"1137";21,595;21,69;21,42;21,44;1307000;31,115;31,115;30,73;30,83;160300;9950,519531;9970,379883;9917,610352;9938,700195;68482900
"1138";21,39;21,39;20,895;21,27;2339100;30,74;30,86;30,17;30,335;232100;9920,490234;9944,570312;9829,089844;9912,870117;79417700
"1139";21,18;21,335;21,1;21,11;1235900;30,25;30,55;30,115;30,12;116900;9885,969727;9925,849609;9872,769531;9883,980469;64029200
"1140";21,15;21,405;21,02;21,315;1968300;30,2;30,665;30,195;30,61;235000;9915,200195;9982,889648;9861,290039;9920,320312;72084200
"1141";21,41;21,51;21,305;21,425;1360400;30,79;31,09;30,665;30,945;186400;9932,040039;9964,019531;9922,070312;9930,330078;72976800
"1142";21,665;21,87;21,54;21,56;1968800;31,225;31,66;31,225;31,255;184200;10018,910156;10023,549805;9993,030273;10004;86693500
"1143";21,52;21,615;21,285;21,395;3454300;31,25;31,435;31,095;31,105;226400;9995,5;10050,980469;9987,240234;9987,240234;209559600
"1144";21,42;21,99;21,215;21,83;2784700;31,275;31,73;31,23;31,45;216000;9991,400391;9993,019531;9885,959961;9920,919922;68730100
"1145";21,85;21,955;21,645;21,77;1315900;31,67;31,99;31,285;31,81;315400;9938,639648;9948,589844;9899,469727;9938,080078;61266100
"1146";21,605;21,615;21,175;21,415;1953100;31,66;31,755;30,89;31,05;215600;9883,780273;9914,120117;9836,459961;9867,75;82312000
"1147";21,475;21,52;21,2;21,23;1500300;31,135;31,215;30,75;30,905;167300;9894,549805;9898,379883;9749,75;9804,900391;94925000
"1148";21,21;21,4;21,14;21,33;1208900;30,98;31,245;30,355;30,695;178400;9818,459961;9836,679688;9791,129883;9815,169922;63248900
"1149";21,415;21,505;21,255;21,29;1172800;30,615;30,845;30,315;30,74;175400;9833,849609;9889,490234;9800,080078;9833,070312;66649700
"1150";21,39;21,525;21,245;21,4;1061600;30,895;31,29;30,455;30,765;139900;9853,740234;9902,410156;9835,740234;9902,410156;54519000
"1151";21,525;22,15;21,525;22,015;2639900;30,91;31,17;30,66;31,095;84100;9913;9936,389648;9890,110352;9911,269531;70229500
"1152";22,08;22,495;21,905;22,4;2187200;31,285;31,995;31,195;31,645;173100;9910,469727;10032,280273;9907,009766;10029,429688;78288000
"1153";22,445;22,72;22,35;22,715;2623300;31,81;31,81;31,095;31,235;99500;10028,709961;10030,80957;10007,400391;10009,080078;52046500
"1154";22,675;22,7;22,48;22,57;1990400;31,12;31,23;30,46;31,16;168900;9992,129883;10015,360352;9905,599609;9906,070312;60506300
"1155";22,61;22,675;22,43;22,43;2133800;31,11;31,235;30,17;30,53;240300;9918,269531;9920,780273;9772,139648;9772,669922;85865100
"1156";22,43;22,46;21,925;22,105;2077500;30,675;30,83;30;30,27;193600;9789,049805;9817,469727;9752,790039;9808,200195;73589700
"1157";22,1;22,225;21,605;21,725;2259200;30,18;30,225;29,005;29,275;352000;9807,25;9807,25;9617,589844;9659,129883;96879100
"1158";21,735;21,835;21,575;21,67;1149800;29,35;29,35;28,6;28,83;208200;9672,169922;9708,429688;9623,360352;9666,339844;62278400
"1159";21,795;22,065;21,65;22,035;1160300;28,905;29,495;28,765;29,47;154500;9710,919922;9793,780273;9693,889648;9783,009766;56259600
"1160";22,035;22,09;21,735;21,785;1257500;29,51;29,555;28,85;29,025;208800;9764,69043;9788,709961;9711,860352;9719,410156;72125500
"1161";21,74;22,435;21,68;22,365;1598900;29,135;29,91;28,9;29,88;135400;9747,879883;9871,580078;9747,519531;9859,269531;69460000
"1162";22,26;22,435;21,99;22,025;1927600;29,85;29,895;29,205;29,51;166100;9819,450195;9845,849609;9743,620117;9753,879883;76538100
"1163";21,91;22,025;21,58;21,705;3239800;29,165;29,25;28,82;28,955;258500;9703,669922;9721,080078;9655,509766;9720,019531;118113800
"1164";21,7;21,705;21,335;21,44;1344000;28,92;28,92;28,175;28,5;308500;9711,679688;9717,700195;9597,620117;9612,049805;65236500
"1165";21,61;21,665;21,465;21,55;1725200;28,565;28,725;28,17;28,5;212600;9682,209961;9735,709961;9647,740234;9734,330078;62368600
"1166";21,5;21,725;21,36;21,42;1282400;28,5;28,685;28,36;28,5;240700;9727,429688;9802,05957;9723,980469;9753,55957;64736900
"1167";21,475;21,955;21,34;21,82;1788500;28,45;28,75;28,2;28,47;167900;9772,150391;9810,469727;9674,679688;9794,05957;70366600
"1168";21,735;21,81;21,385;21,415;1682300;28,44;28,7;28,05;28,575;221100;9770,240234;9794,849609;9620,580078;9644,009766;73401600
"1169";21,475;21,6;21,16;21,315;1416800;28,6;28,75;27,97;28,38;218500;9660,709961;9665,049805;9527,589844;9598,169922;71997100
"1170";21,355;21,51;21,13;21,45;1524500;28,49;28,5;28,23;28,41;106300;9607,099609;9692,330078;9573,480469;9653,629883;66002300
"1171";21,45;21,705;21,335;21,54;2109600;28,43;28,605;28,185;28,33;76000;9646,429688;9704,009766;9572,900391;9593,679688;79991300
"1172";21,645;21,645;21,145;21,165;2267400;28,42;28,43;27,85;27,935;203600;9576,160156;9582,740234;9395,349609;9407,480469;131077400
"1173";21,045;21,045;20,535;20,675;3326400;27,655;27,695;26,35;26,82;440300;9379,740234;9394,480469;9185,410156;9210,080078;141582500
"1174";20,65;20,66;20,335;20,37;2284100;26,7;26,935;26,215;26,745;262600;9222,049805;9243,230469;9130,339844;9154,139648;85304300
"1175";20,42;20,5;20,15;20,335;2440500;26,88;26,88;26,305;26,37;197700;9186,030273;9237,139648;9152,379883;9189,740234;80560700
"1176";20,155;20,32;19,75;20,005;2922700;26,155;26,675;25,265;26,615;419400;9084,519531;9166,209961;9030,719727;9130,040039;98898300
"1177";20,005;20,245;19,78;19,845;2733800;26,5;26,9;25,95;26,03;367500;9081,290039;9166,040039;9025,820312;9038,969727;97954700
"1178";19,8;20,84;19,73;20,45;4033900;25,465;26,3;25,45;26,17;231400;8928,19043;9061;8903,490234;9009,320312;102515800
"1179";20,75;20,995;20,69;20,87;2180900;26,4;27,36;26,37;27,245;373900;9106,669922;9199;9089,30957;9180,740234;81228900
"1180";20,805;21,055;20,585;20,61;1922500;27,1;27,33;26,55;26,71;247200;9166,919922;9171,94043;9050;9069,469727;74774600
"1181";20,78;21;20,52;20,97;2317800;27,6;27,6;25,88;26,23;666600;9133,839844;9213,610352;9118,150391;9198,879883;82251600
"1182";21,45;21,52;20,955;21,045;3563200;26,25;26,27;25,6;26,02;455400;9161,80957;9265,919922;9149,410156;9225,099609;80394300
"1183";21,2;21,38;20,525;20,53;3895000;26,2;26,385;25,56;25,635;443600;9239;9324,570312;9067,580078;9092,599609;110261800
"1184";20,835;21,1;20,745;21,07;2346100;25,89;26,22;25,73;26,08;264900;9220,990234;9261,650391;9195,110352;9245,330078;63822100
"1185";21,325;21,58;21,325;21,48;2884300;26,39;26,73;26,215;26,52;296900;9276,19043;9350,269531;9276,179688;9334,280273;57793200
"1186";21,465;21,61;21,29;21,435;1551900;26,5;26,83;26,37;26,64;207000;9329,889648;9333,679688;9247,839844;9314,570312;63229700
"1187";21,43;21,465;21,085;21,135;2305600;26,8;27;26,365;26,875;199600;9328,709961;9405,929688;9278,860352;9401,530273;67874900
"1188";21,055;21,195;20,81;20,955;2005300;26,82;27,33;26,525;26,665;196700;9390,290039;9414,389648;9291,929688;9339,169922;70036600
"1189";21,185;21,215;21,09;21,175;858000;27,2;27,2;26,775;26,935;104100;9456,669922;9510,139648;9424,110352;9510,139648;53554100
"1190";21,12;21,365;21,03;21,335;1358500;27,705;29;27,66;28,88;758800;9481,55957;9591,719727;9446,370117;9588,150391;66737100
"1191";21,34;21,49;21,195;21,395;1248500;29,005;29,78;28,655;29,345;515500;9583,980469;9600,849609;9546,549805;9569,709961;69031300
"1192";21,31;21,43;21,055;21,165;1746200;29,235;29,25;28,36;28,46;347400;9545,209961;9546,80957;9417,160156;9462,55957;72124500
"1193";21,22;21,265;20,93;21,125;1548200;28,53;28,75;28,1;28,42;215100;9483,419922;9517,950195;9369,400391;9470,169922;68471200
"1194";21,135;21,39;21,065;21,145;981800;28,66;29,11;28,61;28,635;236900;9484,530273;9500,200195;9424,780273;9479,030273;43071900
"1195";21,195;21,46;21,125;21,205;1707100;28,85;29,12;28,63;28,795;147700;9525,150391;9578,5;9485,240234;9507,019531;55157400
"1196";21,24;21,5;20,975;21,4;1917900;28,985;29,97;28,67;29,175;495600;9541,019531;9683,099609;9528,719727;9626,490234;90121000
"1197";21,41;21,975;21,38;21,89;2866100;29;29,57;28,82;29,46;281100;9591,429688;9732,780273;9539,919922;9724,259766;106652400
"1198";21,92;22,19;21,845;22,07;1960000;29,36;29,58;29,205;29,25;215700;9714,240234;9774,650391;9691,44043;9747,019531;77345000
"1199";22,03;22,185;21,93;22,045;1131200;29,345;30,02;29,22;29,97;344900;9767,900391;9773,700195;9721,709961;9758,030273;53013300
"1200";22,05;22,28;22,035;22,165;1356200;30;30,145;29,905;30,06;192100;9737,55957;9769,209961;9695,44043;9710,700195;57197900
"1201";21,87;22,18;21,815;21,995;1618100;29,39;29,815;29,35;29,57;235100;9672,450195;9723,080078;9635,5;9700,169922;62415400
"1202";21,975;22,025;21,74;21,94;1108900;29,54;29,615;29,09;29,33;192100;9729,889648;9732,830078;9630,669922;9691,280273;62050300
"1203";21,96;22,07;21,67;21,72;1324500;29,445;29,55;29,12;29,27;128600;9706,589844;9706,589844;9617,700195;9651,129883;52625100
"1204";21,55;21,73;21,55;21,695;1184100;29,115;29,715;28,835;29,455;163800;9603,969727;9682,459961;9600,150391;9659,629883;55750900
"1205";21,695;21,73;21,485;21,595;1122900;29,375;29,465;28,975;29,31;195300;9644,280273;9644,879883;9588,650391;9632,929688;62265100
"1206";21,74;22,04;21,66;21,945;1934400;29,495;29,88;29,25;29,81;285900;9672,980469;9695,44043;9649,990234;9661,5;67216900
"1207";21,935;22,225;21,935;22,09;1489500;29,905;30,87;29,9;30,72;406300;9703,099609;9798,129883;9686,429688;9798,129883;81235700
"1208";22,15;22,175;21,975;21,975;3111100;30,8;31,1;30,56;30,56;262600;9849,429688;9891,200195;9799,240234;9799,259766;195350400
"1209";21,9;22,055;21,65;21,875;1880500;30,485;30,485;29,695;29,825;185400;9748,530273;9812,769531;9735,69043;9749,540039;73981000
"1210";21,81;21,81;21,235;21,295;2466900;29,705;29,795;29,035;29,17;265400;9713,400391;9719,660156;9589,030273;9595,030273;88196000
"1211";21,35;21,455;21,03;21,455;1973600;29,21;29,26;28,65;28,79;205800;9598,769531;9669,450195;9534,769531;9661,969727;85850600
"1212";21,42;21,445;20,8;20,855;2341000;28,79;28,79;27,555;27,71;497100;9644,360352;9718,110352;9482,540039;9510,009766;97697000
"1213";20,835;21,11;20,66;21,015;2184100;27,655;28,045;27,235;27,555;381200;9500,549805;9545,339844;9454,879883;9490,549805;83499600
"1214";20,985;20,985;20,585;20,73;2012000;27,6;27,6;26,77;27,05;320700;9495,580078;9504,980469;9369,620117;9422,910156;77424800
"1215";20,77;20,85;20,635;20,775;1984300;27,215;27,4;26,775;27,305;241600;9446,80957;9495;9404,889648;9474,299805;89859600
"1216";20,665;20,725;20,16;20,235;2405600;27,3;27,555;26,435;26,495;300900;9454,040039;9520,969727;9357,549805;9382,030273;83526600
"1217";20,14;20,15;19,48;19,485;4171700;26,39;26,555;25,525;25,525;519200;9363,280273;9412,620117;9195,679688;9195,679688;122375300
"1218";19,705;19,865;19,43;19,655;3485400;25,905;25,91;25;25,2;382900;9341,049805;9343,650391;9185,860352;9209,509766;103676300
"1219";19,63;19,65;19,045;19,065;2946200;25,2;25,305;24,365;24,385;401800;9164,769531;9170,240234;9080,349609;9086,209961;105001700
"1220";18,95;19,08;18,685;18,94;3381400;24,2;24,26;23,615;23,825;553800;9027,900391;9064,879883;8960,429688;8995,330078;112047000
"1221";19,135;19,345;18,83;18,94;3123600;24,31;24,6;23,525;23,795;298300;9082,660156;9140,290039;8975,05957;9005,019531;104101300
"1222";18,73;18,73;18,075;18,39;5718500;23,49;23,49;22,32;22,815;658900;8924,580078;8958,660156;8788,209961;8788,80957;162566100
"1223";18,105;18,575;18,05;18,29;3558500;22,69;23,625;22,55;23,08;474400;8703,849609;8872,400391;8699,599609;8812,429688;112875000
"1224";18,23;18,415;18,015;18,225;3607000;23,095;23,55;22,7;23,38;260600;8765,360352;8854,389648;8701,44043;8825,209961;116078300
"1225";18,31;18,4;17,32;17,32;5402500;23,43;23,73;22,5;22,6;393000;8838,679688;8847,849609;8555,730469;8571,950195;153532200
"1226";17,495;17,685;16,84;17,625;6545000;22,7;23,105;21,75;22,8;421100;8623,280273;8662,860352;8354,969727;8582,900391;224468500
"1227";17,58;18,11;17,46;18,11;4626300;23,025;23,895;22,885;23,755;442800;8629,160156;8850,269531;8588,419922;8850,269531;181971200
"1228";18,12;18,14;17,56;17,75;2620500;23,75;23,75;22,765;22,785;300800;8819,259766;8834,730469;8682,589844;8717,759766;103016000
"1229";17,675;18,535;17,625;18,405;3509900;22,73;23,915;22,56;23,835;328600;8693,05957;8889,780273;8644,709961;8886,959961;118317300
"1230";18,565;18,695;18,34;18,47;2473200;24;24,255;23,6;24,005;233700;8934,540039;8957,160156;8861,44043;8940,139648;97874300
"1231";18,4;19,11;18,085;19,005;4342100;23,685;23,99;23,365;23,765;214800;8873,540039;9068,120117;8820,889648;9047,30957;108376900
"1232";18,9;19,135;18,83;18,875;3398300;23,5;23,915;23,44;23,645;179300;9008,599609;9044,849609;8955,589844;8987,799805;98966500
"1233";19,14;19,19;18,34;18,67;2908900;23,995;23,995;22,59;22,995;327700;9080,799805;9085,639648;8837,660156;8902,610352;111764500
"1234";18,83;19,04;18,785;18,955;1955200;23,055;23,71;23,005;23,535;186200;8983,05957;9077,889648;8968,589844;9068,19043;78580500
"1235";19,12;19,31;18,87;18,895;2506500;23,75;24,38;23,565;23,785;295400;9139;9157,629883;9072,639648;9082,80957;89708100
"1236";18,93;19,01;18,375;18,775;3416400;23,85;23,95;23,01;23,29;251800;9091,129883;9146,950195;8899,900391;9114,839844;119733200
"1237";19,15;19,24;18,875;19,175;3183200;23,77;24,13;23,385;24,01;212800;9283,400391;9339,330078;9217;9326,870117;123211200
"1238";19,065;19,515;19,04;19,23;2240100;24;24,68;23,96;24,155;248700;9305,730469;9343,639648;9236,179688;9251,700195;79777600
"1239";19,095;19,25;18,69;18,805;3428600;24,215;24,48;22,795;22,9;370800;9244,089844;9317,919922;9148,780273;9166,469727;90365900
"1240";18,855;18,925;18,715;18,8;3040200;23,18;23,2;22,455;22,595;423200;9238,070312;9329,070312;9226,339844;9315,480469;81034800
"1241";18,85;19,495;18,85;19,165;3836000;22,57;22,965;22,42;22,7;314700;9284,969727;9467,360352;9268,629883;9377,410156;124002400
"1242";19,23;19,515;19,14;19,27;2832600;22,97;23,625;22,85;23,09;302000;9406,160156;9414,320312;9239,110352;9291,830078;104437000
"1243";19,165;19,515;19,065;19,3;1862600;23,15;23,45;22,785;22,97;213400;9233,870117;9351,870117;9222,570312;9351,870117;71162800
"1244";19,25;19,315;19,09;19,16;1639900;23,125;23,125;22,56;23,03;167200;9374,360352;9400,900391;9324,769531;9369,030273;79810300
"1245";19,085;19,17;18,93;19,045;1937900;23,035;23,3;22,675;23,24;312800;9339,679688;9359,370117;9189,629883;9210,959961;93733900
"1246";19,135;19,25;18,96;19,13;1895200;23,4;24,55;23,25;24,315;740800;9260,530273;9311;9170,280273;9248,509766;82312000
"1247";19,165;19,165;18,95;19,105;1655100;25,8;26,86;25,005;26,29;1202300;9272,360352;9284,129883;9184,459961;9252,94043;76730500
"1248";18,975;19,55;18,92;19,42;2316300;26,125;27,385;26,065;27,055;567500;9162,269531;9331,320312;9161,599609;9306,349609;72034400
"1249";19,5;19,91;19,355;19,86;2526500;27,175;27,635;26,69;27,52;359400;9323,75;9461,530273;9323,519531;9456,530273;73982400
"1250";19,94;20;19,58;19,73;2520100;27,51;27,51;26,935;27,03;249800;9462,049805;9521,730469;9439,160156;9472,799805;73153500
"1251";20,14;20,385;19,925;20,275;4970500;26,99;27,44;26,71;27,215;204500;9460,400391;9487,69043;9382,230469;9483,969727;82097800
"1252";20,4;21,155;20,35;20,99;5815200;27,255;28,17;27,255;28,03;389300;9521,240234;9736,139648;9508,169922;9732,549805;166634400
"1253";21,03;21,335;20,81;21,27;2730700;27,805;28,955;27,71;28,2;402900;9722,30957;9832,410156;9711,769531;9785,540039;97612300
"1254";21,355;21,805;21,23;21,345;3719300;28,415;28,415;27,515;28,005;367100;9790,030273;9921,459961;9787,259766;9861,209961;117773900
"1255";21,39;21,69;21,35;21,535;2003300;28,16;28,3;27,715;27,95;236700;9894,599609;9942,669922;9868,349609;9915,55957;89124300
"1256";21,535;21,6;21,33;21,39;1743900;27,99;28,085;27,425;27,505;216300;9934,780273;9992,669922;9920,860352;9974,870117;84700200
"1257";21,37;21,48;21,105;21,275;2166100;27,39;27,45;26,375;26,605;461300;9990,700195;9990,700195;9902,400391;9980,849609;98906800
"1258";21,085;21,66;20,96;21,42;2298300;26,575;26,655;25,91;26,205;323800;9915,740234;9979,080078;9906,419922;9963,509766;97092800
"1259";21,5;21,675;21,06;21,195;2050500;25,36;25,455;23,65;24,275;1686700;9983,790039;10038,209961;9910,209961;9934,080078;86630800
"1260";21,2;21,76;21,2;21,655;2431100;24,9;25,48;24,755;25,05;602900;9978,889648;9993,849609;9930,530273;9971,790039;83605000
"1261";21,755;21,98;21,355;21,45;2547700;25,06;25,3;24,73;24,92;363200;9998,849609;10083,740234;9835,419922;9851,349609;119705200
"1262";21,545;22;21,485;21,94;1945000;25;25,4;24,92;25,37;292700;9931,959961;10093,030273;9929,469727;10087,120117;93445100
"1263";21,82;21,975;21,685;21,725;1270500;25,37;25,475;24,83;24,875;331100;10060,910156;10084,950195;10014,990234;10014,990234;68931200
"1264";21,425;21,61;21,09;21,12;2808400;24,705;24,98;24,405;24,495;285200;9904,580078;9951,660156;9786,379883;9793,709961;110063600
"1265";21,245;21,455;21,01;21,125;1747400;24,57;24,61;23,76;23,965;368600;9859,780273;9909,389648;9775,389648;9799,730469;88531300
"1266";21,01;21,31;20,7;21;2563600;23,495;23,97;22,65;23,125;913500;9770,660156;9907,820312;9763,410156;9862,530273;98963300
"1267";20,845;20,9;20,4;20,435;2162500;22,785;22,98;22,275;22,55;436700;9794,200195;9799,650391;9586,219727;9594,730469;94544800
"1268";20,4;20,8;20,04;20,07;2787600;22,45;22,74;21,545;21,6;476000;9599,820312;9678,259766;9330,990234;9334,009766;112718700
"1269";20,085;20,63;19,73;20,615;3569300;21,63;22,075;21,07;21,77;583600;9366,55957;9567,089844;9219,049805;9563,889648;171052400
"1270";20,305;20,705;20,25;20,62;2169400;21,58;22,4;21,3;22,3;472700;9455,740234;9589,25;9429,400391;9544,429688;102078900
"1271";20,95;21,175;20,78;21,07;2155300;23;23,11;22,33;22,73;549000;9711,610352;9811,05957;9671,179688;9811,05957;121015600
"1272";21,195;21,285;20,865;21,175;3380900;22,85;22,92;22,1;22,655;459600;9901,259766;9901,259766;9688,660156;9786,959961;173452900
"1273";21,24;21,4;21,05;21,18;1413400;22,845;23,5;22,77;22,925;381600;9827,259766;9924,009766;9826,549805;9865,759766;0
"1274";21,175;21,5;21,05;21,475;959300;23,08;23,625;22,69;23,605;288600;9887,240234;9922,110352;9848,05957;9922,110352;0
"1275";21,43;21,655;21,325;21,53;955200;23,61;23,7;22,8;23,275;287200;9914,870117;9927,849609;9775,450195;9927,129883;0
"1276";21,44;21,5;21,26;21,26;568900;23,225;23,55;22,805;23,41;112600;9883,099609;9886,780273;9805,549805;9805,549805;0
"1277";21,275;21,435;20,96;21,04;1944700;23,285;23,4;22,745;23,16;289600;9869,129883;9879,530273;9687,259766;9764,730469;0
"1278";20,945;21,285;20,47;20,47;2302600;23,125;23,39;21,79;21,905;416200;9735,650391;9790,269531;9468,580078;9473,160156;0
"1279";20,495;21,175;20,2;20,805;2432200;21,95;22,87;21,58;22,355;398100;9484,25;9624,650391;9382,820312;9469,660156;0
"1280";20,935;20,97;20,56;20,605;1830500;22,585;23,285;22,355;22,915;505900;9510,339844;9592,370117;9459,179688;9518,179688;0
"1281";20,895;21,38;20,81;21,34;1668600;23,135;23,18;22,51;22,895;471100;9643,769531;9855,429688;9607,900391;9837,610352;0
"1282";21,235;21,315;20,815;20,92;1595600;22,765;23,075;22,475;22,67;312500;9813,990234;9860,179688;9601,75;9648,5;0
"1283";20,99;21,115;20,515;20,94;1773700;22,82;22,82;21,86;22,07;441400;9697,459961;9815,959961;9622,320312;9781,900391;0
"1284";20,775;20,9;20,45;20,5;3226200;22;22,34;21,7;22,14;327000;9759,570312;9978,94043;9755,019531;9941;0
"1285";20,28;20,28;19,24;19,335;5648800;21,81;21,81;21,005;21,285;633600;9810,700195;9962,980469;9768,099609;9817,080078;121316800
"1286";19,605;20,4;19,3;20,15;4846000;21,64;22,1;21,285;21,84;420100;9933,450195;10063,179688;9637,330078;10032,610352;0
"1287";20,12;20,775;19,945;20,735;3384700;21,81;22,66;21,455;22,56;350000;9985,509766;10207,969727;9940,639648;10167,769531;0
"1288";20,9;20,915;20,56;20,745;1703900;22,68;22,68;22,14;22,545;248100;10231,580078;10293,040039;10191,980469;10242,349609;78230800
"1289";20,835;21,415;20,755;21,275;2825500;22,585;22,92;22,4;22,64;333900;10278,549805;10298,419922;10211,389648;10257,129883;0
"1290";21,28;21,43;21,03;21,41;2213900;22,61;22,8;22,01;22,655;527700;10270,330078;10311,900391;10149,769531;10299,230469;112750800
"1291";21,41;21,96;21,285;21,925;4136600;22,635;23,74;22,63;23,6;593500;10300,259766;10454,049805;10228,530273;10435,620117;146718100
"1292";22;22,51;21,975;22,45;4455500;23,75;23,945;23,435;23,46;553300;10503,330078;10704,320312;10502,849609;10649,580078;162763400
"1293";22,205;22,635;21,985;22,58;3086100;23,15;23,24;22,735;23,1;380300;10592,969727;10807,570312;10589,070312;10798,330078;101965000
"1294";22,615;22,99;22,37;22,49;3383100;23,01;23,265;22,35;22,76;366900;10785,900391;10810,570312;10592,459961;10628,580078;0
"1295";22,715;23,21;21,995;23;6180800;23,07;23,865;23,05;23,57;527900;10719,400391;10728,830078;10552,759766;10710,969727;109682000
"1296";22,895;22,925;22,46;22,625;2835700;23,485;23,59;23;23,29;346600;10666,429688;10743,570312;10607,719727;10737,870117;97300700
"1297";22,82;23,14;22,56;23,09;3406600;23,5;24,51;23,43;24,245;468600;10801,379883;10804,040039;10642,589844;10694,320312;105453100
"1298";22,87;23,095;22,495;22,72;2814500;24,365;24,655;24,155;24,495;470800;10719,179688;10828,009766;10677,389648;10828,009766;97475700
"1299";22,92;23,72;22,9;23,29;3583500;24,095;25;24;24,925;563800;10867,610352;10984,69043;10860,030273;10890,950195;0
"1300";23,3;23,465;22,86;22,99;2059000;25,015;25,135;24,2;24,455;335000;10892,5;10912,240234;10803,099609;10911,320312;95733700
"1301";22,91;23,37;22,72;23,34;1647700;24,4;25,5;24,045;25,42;546600;10840,790039;10926,730469;10822,75;10905,410156;85032800
"1302";23,255;23,3;22,91;22,99;1873400;25,42;25,72;25,16;25,25;334300;10866,200195;10877,669922;10802,889648;10846,389648;0
"1303";22,84;22,98;22,59;22,905;1779900;25,11;25,28;24,325;24,875;451100;10765,209961;10767,219727;10614,120117;10663,509766;99713400
"1304";22,98;23,045;22,72;22,94;1717900;24,83;25,085;24,62;24,895;297000;10675,589844;10797,459961;10594,320312;10753,830078;90867800
"1305";22,97;22,99;22,67;22,92;1347900;24,83;24,865;24,15;24,26;304200;10765;10791,589844;10696,780273;10752,110352;67756100
"1306";22,89;23,755;22,87;23,63;3213100;24,295;25,81;24,295;25,46;454000;10746,910156;10955,450195;10746,910156;10919,650391;0
"1307";23,605;23,68;22,48;23,005;5945800;25,665;26,4;25,665;25,94;583100;10952,389648;11013,849609;10948,490234;10963,400391;0
"1308";22,925;23,205;22,79;23,12;1352100;25,995;26,49;25,91;26,41;256600;10946,879883;10963,490234;10909,490234;10923,230469;60135600
"1309";22,935;23,335;22,555;22,735;2629400;26,11;26,98;25,965;26,43;369900;10847,730469;10921,259766;10765,019531;10895,620117;0
"1310";22,815;23,245;22,75;23,175;2096200;26,66;26,81;26,065;26,745;319300;10931,719727;10980,980469;10909,599609;10961;0
"1311";23,055;23,085;22,755;23;2179700;26,7;26,8;26,14;26,41;323000;10932,490234;11022,259766;10874,969727;11001,94043;0
"1312";22,885;23,185;22,78;23,185;3294900;26,35;27,06;26,305;26,71;358200;10976,769531;11081,80957;10946,900391;11050,639648;131948100
"1313";23,35;23,355;22,82;22,925;1681400;26,915;27,06;26,265;26,505;275100;11150,469727;11158,549805;11069,769531;11130,919922;74326700
"1314";22,935;23,29;22,845;23,27;1856200;26,45;27,89;26,45;27,55;688300;11128,169922;11228,370117;11090,730469;11205,740234;80116000
"1315";23,215;23,29;23,035;23,285;1612000;27,5;27,5;26,65;27,135;456300;11208,269531;11225,599609;11174,780273;11210,269531;78487800
"1316";23,215;23,545;23,18;23,515;2042400;27,155;27,435;27;27,36;341400;11206,660156;11330,629883;11187;11327,19043;82520800
"1317";23,58;23,825;23,5;23,79;2379000;27,45;27,46;25,455;25,525;1280600;11337,110352;11401,660156;11301,339844;11401,660156;91236400
"1318";23,765;24,085;23,735;23,855;2221900;26,35;26,46;25,55;25,625;699300;11408,280273;11455,080078;11362,879883;11410,360352;77872500
"1319";23,85;23,93;23,335;23,355;2136000;25,71;25,96;25,33;25,505;569400;11424,669922;11465,230469;11280,360352;11280,360352;82260200
"1320";23,38;23,4;23,025;23,305;2210700;25,61;25,64;24,795;25;617600;11317,240234;11390,379883;11193,299805;11390,379883;0
"1321";23,47;23,92;23,325;23,845;2290000;25,05;25,865;24,765;25,75;514300;11427,639648;11532,820312;11409,049805;11504,009766;0
"1322";23,81;24,73;23,77;24,65;3092200;25,865;27,075;25,71;26,915;739800;11513,889648;11600,370117;11495,200195;11550,969727;0
"1323";24,6;25,025;24,415;24,935;2177300;26,67;27,55;26,6;27,485;542800;11510,349609;11586,94043;11461,860352;11582,110352;0
"1324";24,93;24,985;24,43;24,61;1845500;27,4;27,49;26,51;26,64;606000;11555,969727;11577,75;11402,669922;11500,379883;0
"1325";24,755;25,31;24,675;25,26;2241900;26,7;27,215;26,175;27,15;529800;11531,549805;11822,530273;11531,549805;11805,990234;0
"1326";25,415;25,56;25,085;25,165;1912200;27,11;27,6;27,055;27,25;351100;11795,910156;11830,139648;11754,900391;11799,389648;116256000
"1327";25,35;25,35;24,805;24,92;1651100;27,31;27,525;26,685;26,86;345600;11845,900391;11903,330078;11744,929688;11901,610352;101741700
"1328";24,93;25,63;24,93;25,455;1961000;26,885;27,46;26,765;27,42;393400;11955,820312;12219,049805;11955,330078;12167,719727;108998800
"1329";25,53;25,675;24,545;24,57;2796400;27,42;27,49;27,04;27,105;371500;12163,080078;12195,580078;11930,540039;11980,849609;100997700
"1330";24,725;24,82;24,185;24,495;1818200;27,05;27,3;26,8;27,035;272400;12002,240234;12017,910156;11814,480469;11922,769531;110930800
"1331";24,49;24,71;23,945;24,095;2533400;27,075;27,78;26,91;26,92;430500;11897,480469;12001,129883;11787,299805;11899,400391;107120600
"1332";24,12;24,6;23,855;24,5;2981200;27,025;27,8;26,8;27,725;401100;11942,160156;12087,610352;11926,860352;12039,370117;175982400
"1333";24,505;24,55;24,195;24,4;1383900;27,6;27,825;27,31;27,725;269700;11984,790039;11985,110352;11858,099609;11895,839844;85733800
"1334";24,285;24,86;24,185;24,775;1419200;27,695;28,55;27,47;28,35;482400;11821,209961;12030,589844;11797,669922;12005,69043;101079400
"1335";24,84;24,985;24,55;24,56;1483700;28,6;29,57;28,365;28,62;793600;11995,089844;12022,839844;11858,230469;11865,320312;82048200
"1336";24,285;24,43;23,905;24,34;1710600;28,15;28,5;27,555;28;599200;11736,339844;11849,389648;11619,719727;11843,679688;116446000
"1337";24,415;24,45;24,07;24,29;1391700;28,315;28,4;27,35;27,455;325300;11920,219727;11954,089844;11799,030273;11868,330078;85840800
"1338";24,34;24,925;24,32;24,905;1423300;27,5;27,64;27,09;27,28;322700;11927,139648;12090,139648;11922,709961;12086,009766;72909300
"1339";24,905;25,17;24,435;24,435;2025000;27,325;27,9;27,05;27,085;440000;12054,200195;12119,709961;11943,120117;11966,169922;84755300
"1340";24,455;25,41;24,45;24,935;2855800;27,13;28,28;27,13;27,755;525400;11902,919922;12112,980469;11880,19043;12001,379883;90437700
"1341";24,9;25,29;24,73;24,76;1536600;27,77;28,225;27,625;27,815;351400;11991,620117;12020,110352;11948,830078;11967,389648;68635700
"1342";25,035;25,455;24,96;25,35;1421100;28,11;28,735;28,095;28,625;467400;12057,339844;12149,30957;12035,700195;12123,519531;88379700
"1343";25,4;25,665;25,15;25,19;1511100;28,675;28,89;28,43;28,82;544800;12109,849609;12122,320312;12017,799805;12035,860352;69857400
"1344";25,15;25,15;24,65;24,905;2288100;28,885;28,91;28,37;28,635;367800;12099,429688;12166,44043;12047,910156;12166,44043;58503200
"1345";25,05;25,49;24,92;25,29;2058600;28,845;29,65;28,615;29,35;372400;12226,980469;12390,75;12214,509766;12374,730469;78423600
"1346";25,25;25,835;25,075;25,58;2219600;29,3;30,34;29,11;30,195;719300;12357,269531;12388,129883;12326,709961;12338,730469;60750900
"1347";25,58;25,82;25,38;25,615;1713900;30,18;31,345;30,07;30,575;764200;12306,360352;12339,80957;12181,200195;12227,599609;71252900
"1348";25,695;26,22;25,59;25,975;1814500;30,58;31,7;30,39;31,21;476400;12220,099609;12326,139648;12214,80957;12231,339844;67758400
"1349";25,915;25,985;25,145;25,18;1658800;31,28;31,65;30,305;30,38;357400;12224,759766;12227,589844;11997,75;11998,860352;95051400
"1350";25,11;25,375;24,28;24,32;2808400;30,15;30,695;29,655;29,905;401800;11942,360352;12019,75;11674,589844;11688,700195;132825600
"1351";24,3;24,92;24,265;24,695;1378800;30,415;31,59;30,415;31,41;554200;11736,400391;11903,700195;11727,019531;11891,910156;71327300
"1352";24,775;24,995;24,455;24,655;1590000;31,56;31,59;30,41;30,68;416900;11994,820312;12079,030273;11913,360352;11939,580078;77741200
"1353";24,705;24,85;24,18;24,38;1357300;30,73;30,975;29,88;30,035;363700;11984,389648;12041,379883;11787,219727;11867,370117;79057700
"1354";24,31;24,515;23,665;23,825;2093800;30,1;30,22;29,015;29,725;438500;11887,139648;11940,209961;11675,580078;11723,580078;86796100
"1355";23,95;24,435;23,855;24,32;1760400;29,665;30,12;29,445;29,94;442000;11783,55957;11881,049805;11711,099609;11810,849609;82170600
"1356";24,45;24,95;24,015;24,93;1877000;30,48;31,015;30,33;30,735;539300;11881,25;12050,709961;11729,040039;12039,160156;99934100
"1357";24,92;25,32;24,71;24,98;2415200;30,765;31,52;30,645;31,12;464200;12035,55957;12047,379883;11743,780273;11811,660156;121855500
"1358";24,92;24,985;23,86;24,035;2761900;31,16;31,26;29,97;30,265;1042200;11864,400391;11885,049805;11410,540039;11432,719727;130639400
"1359";24,035;24,05;23,69;23,86;1688500;30,465;30,8;29,76;30,65;537700;11440,790039;11570,639648;11331,370117;11454,379883;122890200
"1360";23,99;24,57;23,825;24,48;1481100;30,88;32,36;30,77;32,2;505900;11506,839844;11656,889648;11411,769531;11619,849609;77918800
"1361";24,375;24,78;24,12;24,155;2166900;32,145;33,26;31,955;32,535;635400;11576,120117;11751,219727;11322,620117;11327,679688;117932600
"1362";24,135;24,34;23,81;24,095;1603100;32,4;33,67;32,25;32,92;522700;11377,580078;11457,929688;11239,860352;11350,150391;98674900
"1363";23,91;24,265;23,53;24,22;1966900;32,93;32,93;31,705;32,675;430200;11265,129883;11437,570312;11167,549805;11407,969727;115675800
"1364";24,31;24,845;24,115;24,84;1862400;33,05;34;32,905;33,28;444600;11483,070312;11710,410156;11415,290039;11709,730469;107824700
"1365";24,74;25,115;24,71;24,865;1467100;33,33;34,34;33,33;33,985;361500;11674,519531;11702,129883;11622,019531;11673,349609;70980300
"1366";25,5;26,12;25,4;25,57;3876600;33,88;34;33,235;33,495;298700;11557,969727;11565,200195;11377,349609;11472,410156;101551000
"1367";25,82;26,09;25,44;25,585;2335200;33,79;34,75;33,41;33,56;512500;11532,969727;11596,469727;11301,629883;11351,459961;104879700
"1368";25,41;26,43;25,305;26,3;2847200;32,65;36,415;32,51;35,585;787500;11299,19043;11579,799805;11218,540039;11559,820312;70738400
"1369";26,2;26,28;25,635;25,855;2852500;35,745;36;34,305;34,365;628000;11593,200195;11632,360352;11383,230469;11447,030273;94826300
"1370";25,83;26,075;25,565;25,645;1986300;34,4;34,995;33,275;34,22;742700;11464,799805;11594,959961;11378,860352;11594,280273;76375600
"1371";25,79;26,055;25,58;25,61;1868200;34,4;34,74;34,25;34,49;284300;11709,870117;11873,280273;11706,849609;11853,330078;96884100
"1372";25,6;25,68;25,305;25,36;1664300;34,6;34,85;34,445;34,785;227800;11858,469727;11871,490234;11780,019531;11848,469727;66432100
"1373";25,315;25,43;25,08;25,2;1316100;34,81;34,99;34,37;34,525;232700;11815,429688;11868,700195;11758,80957;11864,589844;69260800
"1374";25,285;25,3;24,91;24,925;1657600;34,92;35,16;34,01;34,035;249500;11881,490234;11881,80957;11792,30957;11815,009766;62225800
"1375";24,9;25,05;24,33;24,5;2511300;34,215;34,7;33,895;34,025;361800;11841,480469;11920,30957;11586,349609;11625,129883;93766700
"1376";24,45;25,095;24,45;25,05;2219300;33,965;35,03;33,925;34,865;323100;11647,040039;11790,349609;11595,120117;11771,129883;97869200
"1377";24,875;24,975;24,53;24,655;1902300;34,89;34,97;33,175;33,54;501500;11716,080078;11773,790039;11605,990234;11677,570312;81510400
"1378";24,65;24,65;24,105;24,12;8672300;33,455;33,49;32,49;33,02;501600;11685,660156;11704,389648;11403,820312;11413,820312;120710300
"1379";24,25;24,375;23,99;24,185;1810100;33,1;33,195;31,935;32,71;431400;11462,969727;11510,929688;11345,099609;11436,049805;73416100
"1380";24,275;24,335;23,88;24,14;1805200;32,42;32,96;32,23;32,845;493600;11467,070312;11467,070312;11270,570312;11328,799805;85500500
"1381";24,225;24,7;24,045;24,595;1744100;33,4;34,92;33,4;34,745;854700;11359,799805;11515,209961;11300,360352;11419,620117;85463100
"1382";24,545;24,565;24,03;24,11;1576700;34,47;34,57;33,6;33,76;537900;11370,570312;11449,700195;11187,429688;11340,599609;103285700
"1383";23,935;24,2;23,685;23,965;2317400;33,475;34,4;33,42;33,785;329500;11241,429688;11287,200195;11155,009766;11197,150391;88724800
"1384";23,9;23,96;23,455;23,505;1681600;33,745;33,94;32,7;32,7;296700;11131,860352;11224,55957;11059,160156;11064,919922;95867900
"1385";23,4;23,49;22,87;23,415;3091100;32,55;32,89;32,06;32,75;308200;11025,080078;11071,610352;10864,679688;11001,290039;99627200
"1386";23,36;24,035;23,28;23,945;2066800;32,615;33,735;32,565;33,52;365900;10970,410156;11299,610352;10939,509766;11265,389648;99616000
"1387";23,99;24,255;23,585;23,73;1784900;33,375;34,1;33,3;33,56;356600;11242,870117;11452,94043;11236,580078;11332,780273;89482400
"1388";23,655;23,725;23,195;23,505;1489200;33,56;33,715;32,46;32,855;264900;11286,55957;11365,919922;11069,360352;11196,490234;86229000
"1389";23,18;23,22;22,905;23,09;1885800;32,43;32,74;31,645;32,395;270100;11053,209961;11090,709961;10952,740234;10984,969727;78179500
"1390";22,98;23,22;22,64;23,165;1680000;32,5;32,64;31,185;32,615;507300;10910,009766;11074,339844;10797,849609;11044,009766;86258300
"1391";23,165;23,31;22,915;22,98;1330200;32,55;33,15;31,92;32,01;332900;11066,75;11115,379883;10947,370117;10978,009766;80761200
"1392";22,925;23,355;22,69;23,325;1766600;31,91;32,895;31,81;32,47;364500;10937,669922;11109,759766;10806,150391;11100,299805;97027400
"1393";23,6;24,255;23,595;23,885;4907600;32,595;33,88;32,5;33,325;556500;11121,299805;11246,269531;10997,900391;11040,099609;0
"1394";24,4;24,4;23,96;24,325;2304400;33,88;34,165;33,145;33,875;405700;11138,709961;11470,25;11138,549805;11460,5;115712200
"1395";24,5;24,57;24,29;24,355;1393900;34,11;34,44;33,6;33,685;346700;11552,959961;11635,849609;11517,120117;11542,540039;86258300
"1396";24,42;24,58;24,135;24,385;1538600;33,675;34,735;33,535;33,59;408500;11566,349609;11589,349609;11364,450195;11471,259766;91865500
"1397";24,23;24,665;24,125;24,29;1600600;33,215;34,25;33,155;33,265;317500;11410,620117;11594,240234;11352,400391;11473,129883;73555500
"1398";24,07;24,545;24,03;24,465;1467200;33,145;34,29;32,94;33,76;271700;11387,129883;11561,830078;11373,44043;11492,429688;91723700
"1399";23,51;24,405;23,51;24,025;2866300;31,945;33,45;31,94;32,52;399800;11404,709961;11409,80957;10964,240234;11083,200195;130184700
"1400";23,925;24,005;23,335;23,335;3481200;32,485;32,85;32;32,06;395400;11058,040039;11137,139648;10897,969727;10944,969727;131523600
"1401";23,525;23,955;23,435;23,75;2466200;32,5;32,91;31,835;32,055;429300;11050,320312;11283,759766;10979,209961;11180,5;119081000
"1402";23,65;23,83;23,37;23,375;1828200;32,585;33,04;32,04;32,16;388300;11191,280273;11229,009766;11078,589844;11099,349609;74862700
"1403";23,385;23,41;23,225;23,305;1238500;32,15;32,57;31,935;32,495;275000;11082,040039;11123,179688;11005,759766;11058,389648;63616600
"1404";22,815;23,17;22,765;22,86;2009300;31,85;32,27;31,49;31,855;259500;10825,05957;10996,450195;10823,549805;10890,629883;98517400
"1405";22,99;22,99;21,65;21,815;3953300;32,04;32,04;29,76;29,9;682900;10930,019531;10946,870117;10663,990234;10676,780273;104180500
"1406";21,93;22,505;21,925;22,23;2557300;29,915;30,785;29,84;30,495;437500;10710,290039;10802,799805;10652,790039;10747,299805;91582600
"1407";22,385;22,815;22,205;22,68;1973900;30,505;30,85;29,8;30,335;432800;10795,110352;11035,040039;10784,469727;10996,410156;83835900
"1408";23,21;23,43;22,85;23,405;2335500;31,115;31,685;30,99;31,215;437300;11170,709961;11339,780273;11149,269531;11315,629883;101659900
"1409";23,64;23,955;23,415;23,955;2245600;31,7;32,585;31,355;32,555;390300;11489,169922;11506,980469;11421,820312;11484,379883;89129700
"1410";23,96;24,09;23,825;24,035;1553900;32,575;33,155;32,275;33,055;345700;11456,540039;11519,360352;11414,389648;11516,900391;0
"1411";24,075;24,155;23,79;23,94;1816400;33,15;33,79;32,91;33,2;322500;11508,339844;11566,019531;11475,959961;11539,660156;64691500
"1412";24,025;24,56;23,98;24,365;1945700;33,3;34,07;33,085;33,76;315900;11624,480469;11787,580078;11607,139648;11716,759766;83876500
"1413";24,365;24,72;24,055;24,585;1995700;34,05;34,995;33,74;34,07;397300;11747,469727;11753,179688;11649,94043;11673,419922;67855100
"1414";24,84;25,06;24,77;24,915;1433500;34,465;34,485;33,785;34,01;146800;11679,469727;11802,370117;11678,129883;11735,719727;61023400
"1415";24,995;25,125;24,52;24,585;2058800;34;34,73;33,97;34,045;251000;11760;11773,490234;11583,879883;11604,799805;63414800
"1416";24,41;24,535;24,015;24,22;1853400;33,75;33,75;31,805;32,68;716700;11511,19043;11589,639648;11486,30957;11520,669922;67975300
"1417";24,35;24,415;23,99;24;1624500;32,88;32,88;32,44;32,6;264800;11611,419922;11614,759766;11453,620117;11512,110352;63141800
"1418";23,87;24,05;23,5;23,57;1875600;32,61;32,85;31,55;31,855;304900;11467,830078;11542,900391;11334,769531;11347,450195;66445200
"1419";23,48;23,48;22,665;22,775;2538200;31,7;31,95;30,73;31,22;422400;11287,769531;11297,5;11052,860352;11056,400391;86124700
"1420";22,845;23,06;22,69;22,95;2033300;31,36;32,67;31,36;32,145;672500;11129,910156;11242,429688;11068,30957;11173,910156;73379500
"1421";23,07;23,125;22,68;23;1732000;32,44;32,92;31,9;32,855;276300;11249,299805;11253,55957;11123,25;11211,849609;70018800
"1422";23,085;23,225;22,67;22,94;1722500;32,95;32,95;32,07;32,17;405900;11305,459961;11313,269531;11140,650391;11257,150391;94013200
"1423";23;23,085;22,71;23,085;1523600;32,255;32,885;31,93;32,515;281900;11271,30957;11308,990234;11173,169922;11308,990234;0
"1424";22,89;23,19;22,765;23,075;1718700;32,575;32,995;31,895;32,575;281700;11295,5;11460,400391;11248,269531;11443,719727;77981000
"1425";23,025;23,61;23,01;23,58;2084100;32,54;33,04;32,4;32,92;238200;11408,230469;11476,900391;11380,80957;11456,070312;66699900
"1426";23,69;24,285;23,69;24,13;2163100;33,1;34,3;33,02;33,76;370900;11503,209961;11655,740234;11497,919922;11636,299805;73800000
"1427";24,13;24,135;23,815;23,96;1238300;33,68;33,93;32,255;33,16;301900;11605,589844;11669,860352;11574,969727;11585,099609;67470900
"1428";23,935;24,14;23,8;23,84;1234800;33,075;33,945;33,075;33,495;229200;11561,370117;11582,900391;11484,849609;11490,830078;60211600
"1429";23,945;24,115;23,57;24,04;1447200;33,615;33,615;32,535;33,5;293600;11545,629883;11618,299805;11431,759766;11604,780273;59408600
"1430";23,975;24,18;23,28;23,335;2372500;33,32;33,785;32,45;32,585;266300;11548;11561;11278,709961;11293,650391;0
"1431";23,04;23,16;22,16;22,25;3322200;32;32,05;30,675;30,9;627400;11151,719727;11153,639648;10892,879883;10924,610352;116904800
"1432";23,495;23,54;22;22,16;3322500;31,63;32,075;30,6;30,795;339600;11098,169922;11153,959961;10980,860352;11014,629883;86156500
"1433";22,12;22,405;21,985;22,12;1540300;30,83;32;30,815;30,93;313900;11010,5;11093,070312;10911,19043;10985,139648;67147100
"1434";22,25;22,38;21,78;22,05;2128300;31,135;32,36;31,045;31,745;477900;11044,75;11113,790039;10818,709961;10940,330078;68994500
"1435";21,92;22,01;21,4;21,5;2665100;31,725;31,83;31,05;31,595;356600;10916,709961;10976,040039;10883,110352;10915,919922;58733200
"1436";21,36;21,375;20,825;20,84;2306200;31,58;31,695;29,82;30,315;595000;10819,849609;10848,839844;10681,360352;10682,150391;82082100
"1437";20,65;20,88;20,09;20,22;3319300;30,15;30,415;29,2;29,36;636400;10593,280273;10654,549805;10400,990234;10432,19043;107419700
"1438";19,82;20,145;19,545;19,545;3780400;28,61;29,2;28,4;28,445;589500;10228,700195;10437,280273;10124,519531;10124,519531;153201400
"1439";18,88;19,25;17,815;18,23;5459600;27,35;27,4;25,76;26,22;771900;9805,719727;9935,530273;9338,200195;9648,429688;285546900
"1440";18,455;19,25;18,385;19,165;3722100;26,725;27,74;26,565;27,27;607400;9816,589844;10185,879883;9748,919922;10128,120117;206768000
"1441";19;19,19;18,695;18,815;3014600;26,975;26,975;25,94;26,515;823500;9956,849609;10159,990234;9853,120117;9997,429688;134864000
"1442";19,65;19,755;19,33;19,605;3062100;27,2;28,12;26,835;27,91;535100;10271,330078;10382,950195;10222,040039;10315,620117;105093200
"1443";19,7;19,7;19,155;19,5;2432700;28,035;28,86;28,035;28,33;502400;10335,919922;10336,919922;10186,070312;10298,530273;76364700
"1444";19,3;19,41;19,07;19,325;1696600;28,025;28,08;27,485;27,775;201400;10200,980469;10273,5;10132,150391;10259,459961;75829800
"1445";19,065;19,23;18,515;18,675;2310400;27,25;27,705;26,305;26,69;421400;10073,740234;10119,530273;9928,650391;10015,570312;115785700
"1446";18,72;18,945;18,55;18,58;1869400;26,705;27,135;26,2;26,505;373700;10060,30957;10122,269531;9962,25;10048,049805;89542900
"1447";18,73;19,24;18,715;19,15;2590500;26,375;27,405;26,15;27,115;557900;10161,360352;10380,360352;10145,730469;10317,839844;115214700
"1448";18,945;18,98;18,23;18,24;2343900;26,8;27,34;26,28;26,325;457900;10216,169922;10216,169922;9996,160156;10038,040039;133263900
"1449";18,55;18,76;18,395;18,515;1572500;26,59;26,84;25,95;26,45;337000;10148,799805;10184,570312;10055,139648;10108,610352;54392100
"1450";18,615;18,775;18,53;18,66;2061700;26,7;26,995;26,405;26,865;369500;10198,599609;10371,900391;10198,450195;10271,360352;96181300
"1451";19,07;19,14;18,785;18,795;2304400;27,42;28,02;27,15;27,78;638300;10489,290039;10512,610352;10301,179688;10303,120117;96941700
"1452";18,715;18,81;18,265;18,45;1890000;27,35;27,63;26,915;27,08;362100;10216,019531;10326,530273;10157,370117;10210,44043;101320000
"1453";18,52;18,52;18,125;18,13;1843900;27,2;27,215;26,365;26,445;314800;10243,400391;10243,400391;10079,030273;10123,55957;0
"1454";18,1;18,38;17,89;18,01;2451600;26,37;26,63;25,785;26,26;358700;10112,900391;10225,370117;10084,870117;10131,740234;75176800
"1455";18,025;18,145;17,715;18,04;2366400;26,2;26,89;25,66;26,645;381100;10154,759766;10244,860352;10070,160156;10188,129883;137699600
"1456";18,205;18,235;17,95;18,105;2066300;26,86;26,9;25,875;26,705;376800;10288,389648;10336,200195;10173,959961;10227,209961;118501400
"1457";18,15;18,16;17,79;17,86;1985800;26,76;26,79;26,075;26,355;341400;10269,320312;10273,269531;10208,509766;10229,580078;116423000
"1458";17,79;17,79;17,065;17,2;4562900;26,135;26,29;25,18;25,275;625300;10177,580078;10180,549805;9861,509766;9916,160156;276024800
"1459";17,17;17,405;17,07;17,08;1876200;25,22;25,4;24,27;24,315;721800;9837,129883;10000,620117;9785,110352;9948,509766;114339100
"1460";17,2;17,26;16,22;16,255;3886800;24,34;24,34;22,625;22,74;799600;9974,410156;9974,799805;9558,959961;9570,660156;150003100
"1461";16,295;16,54;16,03;16,045;2658100;22,71;23,28;22,315;22,845;490800;9578,099609;9712,459961;9492,860352;9612,620117;112562000
"1462";16,05;16,185;15,58;15,745;3776400;22,9;23,07;22,23;22,33;411000;9599,910156;9707,69043;9362,280273;9427,639648;152035800
"1463";16,05;16,22;15,94;15,94;2516000;22,735;23,195;22,48;22,495;312700;9594,530273;9745,769531;9585,330078;9688,530273;120350800
"1464";15,9;15,955;15,25;15,25;2997700;22,555;22,725;21,485;21,75;535400;9633,679688;9677,25;9479,400391;9483,549805;103148800
"1465";14,95;15,735;14,935;15,615;3413400;21,39;22,145;21,225;22,055;423300;9346,040039;9536,629883;9325,049805;9450,400391;112626800
"1466";15,935;15,99;15,64;15,68;2418900;22,57;22,925;22,02;22,19;574400;9674,610352;9732,540039;9596,950195;9660,44043;109788700
"1467";15,84;16,145;15,485;15,565;2612000;22,555;23,085;22,1;22,18;490000;9757,040039;9788,269531;9471,360352;9509,25;111980300
"1468";15,645;16,08;15,63;15,93;2615900;22,385;23,275;22,205;22,66;428000;9606,589844;9667,540039;9396,339844;9553,070312;122885000
"1469";16,45;16,715;16,28;16,715;3251900;23,15;23,775;23,15;23,775;419800;9691,650391;9854,769531;9647,169922;9814,790039;117690300
"1470";17;17,12;16,505;16,95;2614300;23,765;24,23;23,165;24,15;334700;9804,419922;9957,919922;9730,410156;9902,830078;0
"1471";17,23;18,15;17,13;17,745;4584300;24,225;26,26;24,225;25,795;515300;9968,55957;10093,099609;9932,419922;9970,400391;115327300
"1472";17,575;18,02;17,38;18,005;2840200;25,625;26,095;25,21;25,71;401100;9942,780273;10027,419922;9911,049805;9993,070312;100403800
"1473";18,18;18,365;18,01;18,22;2685200;26;26,695;26;26,3;426700;10100,780273;10146,879883;10049,389648;10096,599609;102089800
"1474";18,365;18,57;17,84;17,975;2260900;26,365;26,8;25,485;25,645;324900;10128,490234;10187,089844;10057,589844;10119,830078;101988200
"1475";17,865;17,935;17,43;17,695;2628000;25,46;25,46;24,46;25,225;466000;10106,669922;10107,860352;9939,959961;10032,820312;99101100
"1476";17,695;18,04;17,495;17,59;2568200;25,215;26,375;24,59;25,95;425900;9948,490234;10036,230469;9890,459961;9915,849609;0
"1477";17,745;17,765;17,425;17,47;2128800;26,225;26,24;25,395;25,57;290600;9999,639648;10088,469727;9957,389648;10064,799805;0
"1478";17,615;17,705;17,28;17,415;2263200;25,805;25,865;25,23;25,39;300700;10128,80957;10166,790039;10058,530273;10104,429688;97183800
"1479";17,425;17,655;17,305;17,545;2228000;25,35;25,59;24,9;25,06;280400;10084,610352;10205,030273;10084,610352;10164,30957;0
"1480";17,55;17,635;17,32;17,545;2446500;25,05;25,105;24,15;24,79;444500;10174,799805;10194,530273;10080,19043;10147,679688;67235200
"1481";17,575;17,975;17,37;17,735;2326600;25,015;25,795;24,51;25,63;337000;10185,419922;10277,589844;10107,919922;10238,099609;70021400
"1482";17,635;18,435;17,55;18,365;2769100;25,645;26,58;25,13;26,405;414400;10213,009766;10508,25;10194,740234;10491,969727;107511600
"1483";18,53;18,975;18,445;18,81;3346100;26,7;27,765;26,52;27,395;495400;10610,330078;10847,469727;10586,959961;10794,540039;0
"1484";18,6;18,78;18,42;18,535;2051400;27,45;27,605;26,65;26,91;233200;10791,179688;10863,089844;10756,830078;10801,339844;73091500
"1485";18,495;18,505;18,09;18,12;2183800;26,75;26,795;25,69;25,73;291200;10761,370117;10807,410156;10692,19043;10692,19043;0
"1486";18,11;18,595;17,95;18,56;2070900;25,745;25,88;24,71;25,775;394800;10728,160156;10848,410156;10691,629883;10831,959961;0
"1487";18,58;18,58;17,855;18,055;2633900;25,785;25,995;24,7;25,345;474100;10867,19043;10886,980469;10741,139648;10800,839844;122513100
"1488";18,305;18,365;18,1;18,345;2205900;25,28;26,5;25,11;26,255;651500;10842,519531;10850,580078;10748,700195;10850,139648;89270000
"1489";18,18;18,615;18,165;18,54;1884900;26,23;27,35;26,2;27,185;427900;10749,980469;10977,179688;10744,370117;10950,669922;93072100
"1490";18,6;18,71;18,42;18,605;2025500;27,14;27,435;26,705;27,055;352900;10945,349609;10972,280273;10883,94043;10951,150391;82037300
"1491";18,63;19,09;18,52;18,665;2608600;27,04;28,17;26,975;27,22;490800;10957,05957;10990,719727;10825,549805;10845,240234;96273700
"1492";18,685;18,725;18,105;18,175;2473800;27,31;27,345;25,11;25,98;1038000;10847,5;10963,900391;10784,280273;10887,740234;0
"1493";18,1;18,72;18,035;18,64;3095900;26,15;26,25;25,43;25,875;534200;10872,980469;11055,450195;10843,480469;10988,030273;89484500
"1494";18,635;19,425;18,575;18,97;3137500;25,9;26,54;25,775;25,97;473100;10993,240234;10995,480469;10807,169922;10815,450195;73491200
"1495";18,98;19,035;18,51;18,85;2490900;25,985;26,08;25,2;25,655;348000;10846,959961;10863,55957;10728,950195;10832,519531;77662600
"1496";18,85;19,46;18,84;18,98;2575400;25,58;26,27;25,25;25,425;375400;10843,679688;10994,540039;10843,679688;10907,870117;80037800
"1497";18,985;19,035;18,39;18,465;2476400;25,92;25,97;24,05;24,4;571300;10895,740234;10957,610352;10735,169922;10782,629883;94299800
"1498";18,465;18,615;18,05;18,235;2327600;24,25;24,91;23,64;23,915;443900;10764,570312;10811,780273;10607,459961;10708,400391;82688300
"1499";18,32;18,78;18,24;18,3;2269000;23,71;24,43;23,685;23,915;334600;10609,139648;10763,650391;10608,830078;10713,230469;63255500
"1500";18,48;19,12;18,48;18,885;3233800;24,14;24,77;24,01;24,415;311900;10810,919922;10971,040039;10782,910156;10971,040039;73835800
"1501";18,795;19,3;18,665;19,16;2578800;24,29;25,255;24,1;25,055;337300;10901,740234;10989,549805;10877,599609;10959,950195;61549900
"1502";19,01;19,85;18,87;19,65;4068000;25,25;25,75;24,9;25,055;380700;11061,879883;11150,740234;11045,530273;11085,44043;0
"1503";19,83;19,955;19,475;19,52;3067900;25,1;25,445;24,72;24,895;252200;11123,80957;11164,299805;11049,349609;11119,830078;76255500
"1504";19,51;19,735;19,275;19,465;2518400;24,845;24,845;23,91;24,4;401500;11105,919922;11126,339844;11049,990234;11092,30957;59837700
"1505";19,38;19,445;18,96;19,2;2701000;24,26;24,755;23,72;23,995;616600;11064,780273;11064,959961;10869,200195;10933,990234;84359500
"1506";19,27;19,67;19,005;19,56;2312000;24,115;24,115;22,81;23,035;861800;10958,400391;11186,679688;10921,709961;11169,540039;84228400
"1507";19,56;20,04;19,56;19,985;2311700;22,995;23,3;22,67;23,075;769300;11180,94043;11366,370117;11176,55957;11320,769531;0
"1508";19,86;19,9;19,68;19,835;1686500;23,135;23,205;22,7;22,895;309900;11277,910156;11354,009766;11247,139648;11293,759766;62054200
"1509";19,78;20,2;19,72;20,145;3116400;23,08;23,35;22,65;23,28;401700;11268,30957;11430,870117;11253,370117;11382,230469;93042700
"1510";20,15;20,24;19,71;19,765;2491800;23,465;23,725;22,865;23,01;435800;11422,469727;11430,379883;11235,969727;11261,240234;108307800
"1511";19,815;19,865;19,105;19,255;2660100;23,16;23,16;22,54;22,76;458300;11301,509766;11329,790039;11188,030273;11190,019531;84878100
"1512";19,185;19,45;18,625;18,625;4410100;22,705;23,06;22,395;22,46;469800;11173,790039;11318,799805;10780,629883;10789,240234;154843000
"1513";18,62;18,85;18,125;18,325;3333700;22,525;22,935;22,065;22,215;395900;10770,160156;10814,820312;10632,769531;10752,099609;108323500
"1514";18,535;18,63;18,285;18,35;1607900;22,3;22,475;22,05;22,155;393200;10832,419922;10992,549805;10806,519531;10886,089844;69853700
"1515";18,305;18,35;17,615;17,67;3267100;22,17;22,2;20,6;20,78;829100;10872,679688;10895,5;10616,240234;10673,599609;88291800
"1516";17,675;17,975;17,115;17,695;4003200;21,21;22,14;20,335;21,885;871400;10719,700195;10719,700195;10554,540039;10592,490234;86202900
"1517";17,635;18;17,575;17,84;2935700;22,02;22,91;21,89;22,545;566000;10547,519531;10662,769531;10500,030273;10598,929688;77722100
"1518";17,85;18,005;17,17;17,23;2985100;22,17;22,265;20,895;21,075;757900;10572,860352;10596,030273;10294,25;10340,05957;101964800
"1519";17,37;17,555;16,77;16,825;2770500;21,35;21,465;20,54;20,64;485500;10406,709961;10448,650391;10122,950195;10139,339844;94400500
"1520";17,08;17,355;17,03;17,29;2615500;20,565;21,325;20,5;21,185;505000;10239,799805;10482,75;10237,480469;10450,379883;98769400
"1521";17,31;17,51;16,955;17,29;2304900;21,085;22;20,67;21,57;613400;10476,05957;10572,549805;10423,780273;10469,259766;81802300
"1522";17,595;17,74;17,23;17,28;2713000;21,93;22,095;21,045;21,14;424900;10685,299805;10829,620117;10656,389648;10738,120117;112047900
"1523";17,33;17,645;17,225;17,495;4900600;21,37;21,98;21,09;21,415;544900;10639,980469;10735,849609;10543,049805;10608,19043;191158800
"1524";17,55;18,01;17,37;17,37;2249500;21,41;22,4;21,285;21,51;438100;10607,200195;10796,030273;10497,769531;10497,769531;77046000
"1525";17,55;17,69;17,355;17,61;1435800;21,9;22,025;21,58;22,02;278000;10598,19043;10623,980469;10400,610352;10488,75;59880200
"1526";17,83;18,845;17,83;18,795;3560800;22,345;23,405;22,265;23,095;456300;10623,55957;10743,320312;10595,269531;10727,639648;69265000
"1527";18,83;18,865;18,29;18,335;1464300;23,24;23,245;22,465;22,525;193100;10748,370117;10756,169922;10627,459961;10653,910156;34275800
"1528";18,425;18,55;18,28;18,39;1906200;22,605;23,135;22,37;23,07;353500;10744,959961;10860,139648;10731,629883;10860,139648;51747000
"1529";18,42;18,42;18,24;18,34;917900;23;23,055;22,725;22,725;109900;10855,169922;10857,429688;10743,009766;10743,009766;34183100
